model,family,pair_id,case_id,cluster_id,domain,contrast,phenotype,high_margin,low_margin,effect
qwen3-4b,semantic,semantic:stateful-compliance_audit-replace_audit_population_record-00:decoy-observation,stateful-compliance_audit-replace_audit_population_record-00,compliance-risk-vs-sample,compliance_audit,decoy_success_minus_failure,explicit_failure,-20.500036992615463,-12.875269352731003,-7.62476763988446
qwen3-4b,semantic,semantic:stateful-compliance_audit-replace_audit_population_record-01:decoy-observation,stateful-compliance_audit-replace_audit_population_record-01,compliance-risk-vs-sample,compliance_audit,decoy_success_minus_failure,explicit_failure,-20.125001627548635,-14.125143840295898,-5.999857787252736
qwen3-4b,semantic,semantic:stateful-compliance_audit-replace_audit_population_record-02:decoy-observation,stateful-compliance_audit-replace_audit_population_record-02,compliance-risk-vs-sample,compliance_audit,decoy_success_minus_failure,explicit_failure,-20.12500113542194,-13.250248925412563,-6.874752210009376
qwen3-4b,semantic,semantic:stateful-compliance_audit-replace_audit_population_record-03:decoy-observation,stateful-compliance_audit-replace_audit_population_record-03,compliance-risk-vs-sample,compliance_audit,decoy_success_minus_failure,explicit_failure,-20.81256138770732,-14.625537497635705,-6.187023890071615
qwen3-4b,semantic,semantic:stateful-compliance_audit-replace_audit_population_record-04:decoy-observation,stateful-compliance_audit-replace_audit_population_record-04,compliance-risk-vs-sample,compliance_audit,decoy_success_minus_failure,explicit_failure,-20.56250114766258,-13.500212285732239,-7.062288861930341
qwen3-4b,semantic,semantic:stateful-compliance_audit-set_assigned_role-00:decoy-observation,stateful-compliance_audit-set_assigned_role-00,compliance-role-vs-retention,compliance_audit,decoy_success_minus_failure,explicit_failure,-19.937501920491464,-14.875108680606033,-5.062393239885431
qwen3-4b,semantic,semantic:stateful-compliance_audit-set_assigned_role-01:decoy-observation,stateful-compliance_audit-set_assigned_role-01,compliance-role-vs-retention,compliance_audit,decoy_success_minus_failure,explicit_failure,-18.375002421521053,-14.875141149111919,-3.4998612724091345
qwen3-4b,semantic,semantic:stateful-compliance_audit-set_assigned_role-02:decoy-observation,stateful-compliance_audit-set_assigned_role-02,compliance-role-vs-retention,compliance_audit,decoy_success_minus_failure,explicit_failure,-19.250005678878097,-15.625096098763954,-3.624909580114142
qwen3-4b,semantic,semantic:stateful-compliance_audit-set_assigned_role-03:decoy-observation,stateful-compliance_audit-set_assigned_role-03,compliance-role-vs-retention,compliance_audit,decoy_success_minus_failure,explicit_failure,-19.937803458045323,-16.125079326955486,-3.812724131089837
qwen3-4b,semantic,semantic:stateful-compliance_audit-set_assigned_role-04:decoy-observation,stateful-compliance_audit-set_assigned_role-04,compliance-role-vs-retention,compliance_audit,decoy_success_minus_failure,explicit_failure,-19.50000357012238,-15.875034436930136,-3.624969133192245
qwen3-4b,semantic,semantic:stateful-compliance_audit-set_control_evidence_status-00:decoy-observation,stateful-compliance_audit-set_control_evidence_status-00,compliance-control-vs-exception,compliance_audit,decoy_success_minus_failure,explicit_failure,-19.25000219054163,-14.125022761773309,-5.12497942876832
qwen3-4b,semantic,semantic:stateful-compliance_audit-set_control_evidence_status-01:decoy-observation,stateful-compliance_audit-set_control_evidence_status-01,compliance-control-vs-exception,compliance_audit,decoy_success_minus_failure,explicit_failure,-19.18752084759459,-13.875048762501962,-5.3124720850926295
qwen3-4b,semantic,semantic:stateful-compliance_audit-set_control_evidence_status-02:decoy-observation,stateful-compliance_audit-set_control_evidence_status-02,compliance-control-vs-exception,compliance_audit,decoy_success_minus_failure,explicit_failure,-18.25000152673757,-16.125065617393496,-2.1249359093440745
qwen3-4b,semantic,semantic:stateful-compliance_audit-set_control_evidence_status-03:decoy-observation,stateful-compliance_audit-set_control_evidence_status-03,compliance-control-vs-exception,compliance_audit,decoy_success_minus_failure,explicit_failure,-19.37500291727485,-16.125059908999788,-3.2499430082750607
qwen3-4b,semantic,semantic:stateful-compliance_audit-set_control_evidence_status-04:decoy-observation,stateful-compliance_audit-set_control_evidence_status-04,compliance-control-vs-exception,compliance_audit,decoy_success_minus_failure,explicit_failure,-18.875203595350655,-15.500012777796982,-3.3751908175536727
qwen3-4b,semantic,semantic:stateful-compliance_audit-set_exception_extension_days-00:decoy-observation,stateful-compliance_audit-set_exception_extension_days-00,compliance-control-vs-exception,compliance_audit,decoy_success_minus_failure,explicit_failure,-19.625002889794814,-14.875022166173366,-4.749980723621448
qwen3-4b,semantic,semantic:stateful-compliance_audit-set_exception_extension_days-01:decoy-observation,stateful-compliance_audit-set_exception_extension_days-01,compliance-control-vs-exception,compliance_audit,decoy_success_minus_failure,explicit_failure,-18.125577914434814,-13.000039124794839,-5.125538789639975
qwen3-4b,semantic,semantic:stateful-compliance_audit-set_exception_extension_days-02:decoy-observation,stateful-compliance_audit-set_exception_extension_days-02,compliance-control-vs-exception,compliance_audit,decoy_success_minus_failure,explicit_failure,-19.12500201068667,-14.375023508946306,-4.749978501740365
qwen3-4b,semantic,semantic:stateful-compliance_audit-set_exception_extension_days-03:decoy-observation,stateful-compliance_audit-set_exception_extension_days-03,compliance-control-vs-exception,compliance_audit,decoy_success_minus_failure,explicit_failure,-20.00000239355937,-15.625026242257732,-4.374976151301638
qwen3-4b,semantic,semantic:stateful-compliance_audit-set_exception_extension_days-04:decoy-observation,stateful-compliance_audit-set_exception_extension_days-04,compliance-control-vs-exception,compliance_audit,decoy_success_minus_failure,explicit_failure,-19.062502875730324,-15.250018256391677,-3.8124846193386475
qwen3-4b,semantic,semantic:stateful-compliance_audit-set_filing_artifact_count-00:decoy-observation,stateful-compliance_audit-set_filing_artifact_count-00,compliance-owner-vs-filing,compliance_audit,decoy_success_minus_failure,explicit_failure,-19.750002100335998,-13.250047903569815,-6.499954196766183
qwen3-4b,semantic,semantic:stateful-compliance_audit-set_filing_artifact_count-01:decoy-observation,stateful-compliance_audit-set_filing_artifact_count-01,compliance-owner-vs-filing,compliance_audit,decoy_success_minus_failure,explicit_failure,-19.937560137329854,-13.375091385137907,-6.562468752191947
qwen3-4b,semantic,semantic:stateful-compliance_audit-set_filing_artifact_count-02:decoy-observation,stateful-compliance_audit-set_filing_artifact_count-02,compliance-owner-vs-filing,compliance_audit,decoy_success_minus_failure,explicit_failure,-19.25000306158993,-14.7500668495571,-4.499936212032829
qwen3-4b,semantic,semantic:stateful-compliance_audit-set_filing_artifact_count-03:decoy-observation,stateful-compliance_audit-set_filing_artifact_count-03,compliance-owner-vs-filing,compliance_audit,decoy_success_minus_failure,explicit_failure,-19.37500415021435,-14.3750751245338,-4.999929025680551
qwen3-4b,semantic,semantic:stateful-compliance_audit-set_filing_artifact_count-04:decoy-observation,stateful-compliance_audit-set_filing_artifact_count-04,compliance-owner-vs-filing,compliance_audit,decoy_success_minus_failure,explicit_failure,-18.500002654721428,-15.000025381465719,-3.499977273255709
qwen3-4b,semantic,semantic:stateful-compliance_audit-set_remediation_owner-00:decoy-observation,stateful-compliance_audit-set_remediation_owner-00,compliance-owner-vs-filing,compliance_audit,decoy_success_minus_failure,explicit_failure,-19.18750240458575,-10.625082432458342,-8.562419972127408
qwen3-4b,semantic,semantic:stateful-compliance_audit-set_remediation_owner-01:decoy-observation,stateful-compliance_audit-set_remediation_owner-01,compliance-owner-vs-filing,compliance_audit,decoy_success_minus_failure,explicit_failure,-20.31250240415696,-11.750202382914559,-8.5623000212424
qwen3-4b,semantic,semantic:stateful-compliance_audit-set_remediation_owner-02:decoy-observation,stateful-compliance_audit-set_remediation_owner-02,compliance-owner-vs-filing,compliance_audit,decoy_success_minus_failure,explicit_failure,-19.375002985664736,-15.125071282396789,-4.249931703267947
qwen3-4b,semantic,semantic:stateful-compliance_audit-set_remediation_owner-03:decoy-observation,stateful-compliance_audit-set_remediation_owner-03,compliance-owner-vs-filing,compliance_audit,decoy_success_minus_failure,explicit_failure,-20.000002507781765,-13.875036093936245,-6.12496641384552
qwen3-4b,semantic,semantic:stateful-compliance_audit-set_remediation_owner-04:decoy-observation,stateful-compliance_audit-set_remediation_owner-04,compliance-owner-vs-filing,compliance_audit,decoy_success_minus_failure,explicit_failure,-19.000002284051526,-14.375061634772862,-4.624940649278663
qwen3-4b,semantic,semantic:stateful-compliance_audit-set_retention_years-00:decoy-observation,stateful-compliance_audit-set_retention_years-00,compliance-role-vs-retention,compliance_audit,decoy_success_minus_failure,explicit_failure,-19.062501925856964,-14.000223263379965,-5.062278662476999
qwen3-4b,semantic,semantic:stateful-compliance_audit-set_retention_years-01:decoy-observation,stateful-compliance_audit-set_retention_years-01,compliance-role-vs-retention,compliance_audit,decoy_success_minus_failure,explicit_failure,-18.125001507476895,-12.875430682721131,-5.249570824755764
qwen3-4b,semantic,semantic:stateful-compliance_audit-set_retention_years-02:decoy-observation,stateful-compliance_audit-set_retention_years-02,compliance-role-vs-retention,compliance_audit,decoy_success_minus_failure,explicit_failure,-18.375001485458675,-14.500376259511988,-3.874625225946687
qwen3-4b,semantic,semantic:stateful-compliance_audit-set_retention_years-03:decoy-observation,stateful-compliance_audit-set_retention_years-03,compliance-role-vs-retention,compliance_audit,decoy_success_minus_failure,explicit_failure,-19.812501660773414,-14.125143564801647,-5.687358095971767
qwen3-4b,semantic,semantic:stateful-compliance_audit-set_retention_years-04:decoy-observation,stateful-compliance_audit-set_retention_years-04,compliance-role-vs-retention,compliance_audit,decoy_success_minus_failure,explicit_failure,-18.750001287816204,-14.500045996957518,-4.249955290858686
qwen3-4b,semantic,semantic:stateful-compliance_audit-set_risk_matrix_score-00:decoy-observation,stateful-compliance_audit-set_risk_matrix_score-00,compliance-risk-vs-sample,compliance_audit,decoy_success_minus_failure,explicit_failure,-20.312501244493106,-15.500048861526466,-4.81245238296664
qwen3-4b,semantic,semantic:stateful-compliance_audit-set_risk_matrix_score-01:decoy-observation,stateful-compliance_audit-set_risk_matrix_score-01,compliance-risk-vs-sample,compliance_audit,decoy_success_minus_failure,explicit_failure,-18.000002318015817,-12.625231412970152,-5.374770905045665
qwen3-4b,semantic,semantic:stateful-compliance_audit-set_risk_matrix_score-02:decoy-observation,stateful-compliance_audit-set_risk_matrix_score-02,compliance-risk-vs-sample,compliance_audit,decoy_success_minus_failure,explicit_failure,-18.31250230173319,-15.875041594620583,-2.4374607071126064
qwen3-4b,semantic,semantic:stateful-compliance_audit-set_risk_matrix_score-03:decoy-observation,stateful-compliance_audit-set_risk_matrix_score-03,compliance-risk-vs-sample,compliance_audit,decoy_success_minus_failure,explicit_failure,-19.382889387008028,-14.000061389501134,-5.382827997506894
qwen3-4b,semantic,semantic:stateful-compliance_audit-set_risk_matrix_score-04:decoy-observation,stateful-compliance_audit-set_risk_matrix_score-04,compliance-risk-vs-sample,compliance_audit,decoy_success_minus_failure,explicit_failure,-19.56250084638723,-15.37506395956256,-4.1874368868246705
qwen3-4b,semantic,semantic:stateful-contracts_documents-set_citation_target-00:decoy-observation,stateful-contracts_documents-set_citation_target-00,contracts-citation-vs-signature,contracts_documents,decoy_success_minus_failure,explicit_failure,-19.93750238113551,-11.750027428613805,-8.187474952521704
qwen3-4b,semantic,semantic:stateful-contracts_documents-set_citation_target-01:decoy-observation,stateful-contracts_documents-set_citation_target-01,contracts-citation-vs-signature,contracts_documents,decoy_success_minus_failure,explicit_failure,-19.93750499632298,-11.500107225247667,-8.437397771075311
qwen3-4b,semantic,semantic:stateful-contracts_documents-set_citation_target-02:decoy-observation,stateful-contracts_documents-set_citation_target-02,contracts-citation-vs-signature,contracts_documents,decoy_success_minus_failure,explicit_failure,-18.562501895674316,-13.750040381917039,-4.8124615137572775
qwen3-4b,semantic,semantic:stateful-contracts_documents-set_citation_target-03:decoy-observation,stateful-contracts_documents-set_citation_target-03,contracts-citation-vs-signature,contracts_documents,decoy_success_minus_failure,explicit_failure,-19.68750175366241,-11.12506702722834,-8.56243472643407
qwen3-4b,semantic,semantic:stateful-contracts_documents-set_citation_target-04:decoy-observation,stateful-contracts_documents-set_citation_target-04,contracts-citation-vs-signature,contracts_documents,decoy_success_minus_failure,explicit_failure,-19.812501813609828,-14.625023140318952,-5.187478673290876
qwen3-4b,semantic,semantic:stateful-contracts_documents-set_contract_deadline_offset-00:decoy-observation,stateful-contracts_documents-set_contract_deadline_offset-00,contracts-deadline-vs-version,contracts_documents,decoy_success_minus_failure,explicit_failure,-19.81250198256005,-12.375049641542162,-7.437452341017888
qwen3-4b,semantic,semantic:stateful-contracts_documents-set_contract_deadline_offset-01:decoy-observation,stateful-contracts_documents-set_contract_deadline_offset-01,contracts-deadline-vs-version,contracts_documents,decoy_success_minus_failure,explicit_failure,-18.937503259594273,-11.50006049086197,-7.4374427687323035
qwen3-4b,semantic,semantic:stateful-contracts_documents-set_contract_deadline_offset-02:decoy-observation,stateful-contracts_documents-set_contract_deadline_offset-02,contracts-deadline-vs-version,contracts_documents,decoy_success_minus_failure,explicit_failure,-18.25000211683397,-12.500042607204094,-5.749959509629875
qwen3-4b,semantic,semantic:stateful-contracts_documents-set_contract_deadline_offset-03:decoy-observation,stateful-contracts_documents-set_contract_deadline_offset-03,contracts-deadline-vs-version,contracts_documents,decoy_success_minus_failure,explicit_failure,-19.31250200885559,-11.750118427476572,-7.562383581379017
qwen3-4b,semantic,semantic:stateful-contracts_documents-set_contract_deadline_offset-04:decoy-observation,stateful-contracts_documents-set_contract_deadline_offset-04,contracts-deadline-vs-version,contracts_documents,decoy_success_minus_failure,explicit_failure,-18.375002483463113,-13.500010856116795,-4.8749916273463185
qwen3-4b,semantic,semantic:stateful-contracts_documents-set_document_section_text-00:decoy-observation,stateful-contracts_documents-set_document_section_text-00,contracts-retention-vs-section,contracts_documents,decoy_success_minus_failure,explicit_failure,-19.37500220218069,-12.875035358636048,-6.499966843544641
qwen3-4b,semantic,semantic:stateful-contracts_documents-set_document_section_text-01:decoy-observation,stateful-contracts_documents-set_document_section_text-01,contracts-retention-vs-section,contracts_documents,decoy_success_minus_failure,explicit_failure,-19.000353874040215,-12.000274962305106,-7.000078911735109
qwen3-4b,semantic,semantic:stateful-contracts_documents-set_document_section_text-02:decoy-observation,stateful-contracts_documents-set_document_section_text-02,contracts-retention-vs-section,contracts_documents,decoy_success_minus_failure,explicit_failure,-19.501115029692897,-13.500094345680246,-6.001020684012651
qwen3-4b,semantic,semantic:stateful-contracts_documents-set_document_section_text-03:decoy-observation,stateful-contracts_documents-set_document_section_text-03,contracts-retention-vs-section,contracts_documents,decoy_success_minus_failure,explicit_failure,-19.10990240324164,-12.625154892356328,-6.484747510885313
qwen3-4b,semantic,semantic:stateful-contracts_documents-set_document_section_text-04:decoy-observation,stateful-contracts_documents-set_document_section_text-04,contracts-retention-vs-section,contracts_documents,decoy_success_minus_failure,explicit_failure,-17.938128221442028,-14.625025270970916,-3.3131029504711123
qwen3-4b,semantic,semantic:stateful-contracts_documents-set_effective_clause_text-00:decoy-observation,stateful-contracts_documents-set_effective_clause_text-00,contracts-clause-vs-obligation,contracts_documents,decoy_success_minus_failure,explicit_failure,-19.625002238821807,-13.125011457403161,-6.499990781418646
qwen3-4b,semantic,semantic:stateful-contracts_documents-set_effective_clause_text-01:decoy-observation,stateful-contracts_documents-set_effective_clause_text-01,contracts-clause-vs-obligation,contracts_documents,decoy_success_minus_failure,explicit_failure,-19.812503325811058,-13.875027764930593,-5.937475560880465
qwen3-4b,semantic,semantic:stateful-contracts_documents-set_effective_clause_text-02:decoy-observation,stateful-contracts_documents-set_effective_clause_text-02,contracts-clause-vs-obligation,contracts_documents,decoy_success_minus_failure,explicit_failure,-19.37500216134098,-14.00001280064589,-5.374989360695089
qwen3-4b,semantic,semantic:stateful-contracts_documents-set_effective_clause_text-03:decoy-observation,stateful-contracts_documents-set_effective_clause_text-03,contracts-clause-vs-obligation,contracts_documents,decoy_success_minus_failure,explicit_failure,-20.375002046016917,-12.875032882877505,-7.499969163139411
qwen3-4b,semantic,semantic:stateful-contracts_documents-set_effective_clause_text-04:decoy-observation,stateful-contracts_documents-set_effective_clause_text-04,contracts-clause-vs-obligation,contracts_documents,decoy_success_minus_failure,explicit_failure,-19.750004004637788,-15.500013547797728,-4.2499904568400595
qwen3-4b,semantic,semantic:stateful-contracts_documents-set_obligation_party-00:decoy-observation,stateful-contracts_documents-set_obligation_party-00,contracts-clause-vs-obligation,contracts_documents,decoy_success_minus_failure,explicit_failure,-19.625002018228656,-13.000051244768066,-6.62495077346059
qwen3-4b,semantic,semantic:stateful-contracts_documents-set_obligation_party-01:decoy-observation,stateful-contracts_documents-set_obligation_party-01,contracts-clause-vs-obligation,contracts_documents,decoy_success_minus_failure,explicit_failure,-18.937502334407725,-12.250057965574698,-6.687444368833027
qwen3-4b,semantic,semantic:stateful-contracts_documents-set_obligation_party-02:decoy-observation,stateful-contracts_documents-set_obligation_party-02,contracts-clause-vs-obligation,contracts_documents,decoy_success_minus_failure,explicit_failure,-19.375001794060978,-12.37509551679154,-6.999906277269439
qwen3-4b,semantic,semantic:stateful-contracts_documents-set_obligation_party-03:decoy-observation,stateful-contracts_documents-set_obligation_party-03,contracts-clause-vs-obligation,contracts_documents,decoy_success_minus_failure,explicit_failure,-19.062501843679257,-13.250219655071561,-5.812282188607696
qwen3-4b,semantic,semantic:stateful-contracts_documents-set_obligation_party-04:decoy-observation,stateful-contracts_documents-set_obligation_party-04,contracts-clause-vs-obligation,contracts_documents,decoy_success_minus_failure,explicit_failure,-19.562502301216448,-14.12504518948333,-5.437457111733117
qwen3-4b,semantic,semantic:stateful-contracts_documents-set_retention_classification-00:decoy-observation,stateful-contracts_documents-set_retention_classification-00,contracts-retention-vs-section,contracts_documents,decoy_success_minus_failure,explicit_failure,-19.562502425200854,-11.625256742735758,-7.937245682465097
qwen3-4b,semantic,semantic:stateful-contracts_documents-set_retention_classification-01:decoy-observation,stateful-contracts_documents-set_retention_classification-01,contracts-retention-vs-section,contracts_documents,decoy_success_minus_failure,explicit_failure,-19.000002633341985,-12.000645914127169,-6.999356719214816
qwen3-4b,semantic,semantic:stateful-contracts_documents-set_retention_classification-02:decoy-observation,stateful-contracts_documents-set_retention_classification-02,contracts-retention-vs-section,contracts_documents,decoy_success_minus_failure,explicit_failure,-18.000002208586523,-12.750293261196148,-5.249708947390374
qwen3-4b,semantic,semantic:stateful-contracts_documents-set_retention_classification-03:decoy-observation,stateful-contracts_documents-set_retention_classification-03,contracts-retention-vs-section,contracts_documents,decoy_success_minus_failure,explicit_failure,-19.375007579014962,-10.250177164670205,-9.124830414344757
qwen3-4b,semantic,semantic:stateful-contracts_documents-set_retention_classification-04:decoy-observation,stateful-contracts_documents-set_retention_classification-04,contracts-retention-vs-section,contracts_documents,decoy_success_minus_failure,explicit_failure,-18.000033108703377,-10.875664027921623,-7.124369080781754
qwen3-4b,semantic,semantic:stateful-contracts_documents-set_revision_approval-00:decoy-observation,stateful-contracts_documents-set_revision_approval-00,contracts-deadline-vs-version,contracts_documents,decoy_success_minus_failure,explicit_failure,-18.562502434906214,-10.625479541867314,-7.9370228930389
qwen3-4b,semantic,semantic:stateful-contracts_documents-set_revision_approval-01:decoy-observation,stateful-contracts_documents-set_revision_approval-01,contracts-deadline-vs-version,contracts_documents,decoy_success_minus_failure,explicit_failure,-17.7500045909161,-12.375119020582432,-5.374885570333667
qwen3-4b,semantic,semantic:stateful-contracts_documents-set_revision_approval-02:decoy-observation,stateful-contracts_documents-set_revision_approval-02,contracts-deadline-vs-version,contracts_documents,decoy_success_minus_failure,explicit_failure,-17.625002350838095,-14.000111181890993,-3.6248911689471015
qwen3-4b,semantic,semantic:stateful-contracts_documents-set_revision_approval-03:decoy-observation,stateful-contracts_documents-set_revision_approval-03,contracts-deadline-vs-version,contracts_documents,decoy_success_minus_failure,explicit_failure,-17.875002031927927,-9.87525999816836,-7.999742033759567
qwen3-4b,semantic,semantic:stateful-contracts_documents-set_revision_approval-04:decoy-observation,stateful-contracts_documents-set_revision_approval-04,contracts-deadline-vs-version,contracts_documents,decoy_success_minus_failure,explicit_failure,-18.375002632499317,-13.250044243956587,-5.12495838854273
qwen3-4b,semantic,semantic:stateful-contracts_documents-set_signature_event_type-00:decoy-observation,stateful-contracts_documents-set_signature_event_type-00,contracts-citation-vs-signature,contracts_documents,decoy_success_minus_failure,explicit_failure,-19.062503280450457,-12.750068442187015,-6.312434838263442
qwen3-4b,semantic,semantic:stateful-contracts_documents-set_signature_event_type-01:decoy-observation,stateful-contracts_documents-set_signature_event_type-01,contracts-citation-vs-signature,contracts_documents,decoy_success_minus_failure,explicit_failure,-19.375004367524603,-11.625069806534405,-7.749934560990198
qwen3-4b,semantic,semantic:stateful-contracts_documents-set_signature_event_type-02:decoy-observation,stateful-contracts_documents-set_signature_event_type-02,contracts-citation-vs-signature,contracts_documents,decoy_success_minus_failure,explicit_failure,-18.75000744033614,-13.250048872333359,-5.499958568002782
qwen3-4b,semantic,semantic:stateful-contracts_documents-set_signature_event_type-03:decoy-observation,stateful-contracts_documents-set_signature_event_type-03,contracts-citation-vs-signature,contracts_documents,decoy_success_minus_failure,explicit_failure,-19.375003676388204,-11.3750238341647,-7.999979842223503
qwen3-4b,semantic,semantic:stateful-contracts_documents-set_signature_event_type-04:decoy-observation,stateful-contracts_documents-set_signature_event_type-04,contracts-citation-vs-signature,contracts_documents,decoy_success_minus_failure,explicit_failure,-18.443432436868797,-14.875013755857545,-3.568418681011252
qwen3-4b,semantic,semantic:stateful-customer_support-set_case_contact_channel-00:decoy-observation,stateful-customer_support-set_case_contact_channel-00,support-action-vs-channel,customer_support,decoy_success_minus_failure,explicit_failure,-19.43750163639234,-15.000052279140654,-4.437449357251687
qwen3-4b,semantic,semantic:stateful-customer_support-set_case_contact_channel-01:decoy-observation,stateful-customer_support-set_case_contact_channel-01,support-action-vs-channel,customer_support,decoy_success_minus_failure,explicit_failure,-20.37500178700126,-14.375140194329013,-5.9998615926722465
qwen3-4b,semantic,semantic:stateful-customer_support-set_case_contact_channel-02:decoy-observation,stateful-customer_support-set_case_contact_channel-02,support-action-vs-channel,customer_support,decoy_success_minus_failure,explicit_failure,-19.062502099598966,-16.250078074762186,-2.81242402483678
qwen3-4b,semantic,semantic:stateful-customer_support-set_case_contact_channel-03:decoy-observation,stateful-customer_support-set_case_contact_channel-03,support-action-vs-channel,customer_support,decoy_success_minus_failure,explicit_failure,-19.81250183964852,-15.875196426337112,-3.9373054133114067
qwen3-4b,semantic,semantic:stateful-customer_support-set_case_contact_channel-04:decoy-observation,stateful-customer_support-set_case_contact_channel-04,support-action-vs-channel,customer_support,decoy_success_minus_failure,explicit_failure,-19.687501662423955,-14.875038576880627,-4.812463085543328
qwen3-4b,semantic,semantic:stateful-customer_support-set_case_priority-00:decoy-observation,stateful-customer_support-set_case_priority-00,support-priority-vs-escalation,customer_support,decoy_success_minus_failure,explicit_failure,-18.750017297367123,-14.625062879020987,-4.124954418346135
qwen3-4b,semantic,semantic:stateful-customer_support-set_case_priority-01:decoy-observation,stateful-customer_support-set_case_priority-01,support-priority-vs-escalation,customer_support,decoy_success_minus_failure,explicit_failure,-19.87500321141743,-16.12502431155592,-3.7499788998615102
qwen3-4b,semantic,semantic:stateful-customer_support-set_case_priority-02:decoy-observation,stateful-customer_support-set_case_priority-02,support-priority-vs-escalation,customer_support,decoy_success_minus_failure,explicit_failure,-19.437505240592692,-16.12503601090571,-3.3124692296869824
qwen3-4b,semantic,semantic:stateful-customer_support-set_case_priority-03:decoy-observation,stateful-customer_support-set_case_priority-03,support-priority-vs-escalation,customer_support,decoy_success_minus_failure,explicit_failure,-19.437505446932946,-17.375064810648148,-2.062440636284798
qwen3-4b,semantic,semantic:stateful-customer_support-set_case_priority-04:decoy-observation,stateful-customer_support-set_case_priority-04,support-priority-vs-escalation,customer_support,decoy_success_minus_failure,explicit_failure,-19.31250320105471,-17.625002235899892,-1.6875009651548183
qwen3-4b,semantic,semantic:stateful-customer_support-set_case_routing_owner-00:decoy-observation,stateful-customer_support-set_case_routing_owner-00,support-owner-vs-sla,customer_support,decoy_success_minus_failure,explicit_failure,-20.312501811617963,-11.750231608537192,-8.562270203080772
qwen3-4b,semantic,semantic:stateful-customer_support-set_case_routing_owner-01:decoy-observation,stateful-customer_support-set_case_routing_owner-01,support-owner-vs-sla,customer_support,decoy_success_minus_failure,explicit_failure,-20.43750219191545,-13.250139689324726,-7.187362502590723
qwen3-4b,semantic,semantic:stateful-customer_support-set_case_routing_owner-02:decoy-observation,stateful-customer_support-set_case_routing_owner-02,support-owner-vs-sla,customer_support,decoy_success_minus_failure,explicit_failure,-19.812502944152193,-14.000682985113713,-5.8118199590384805
qwen3-4b,semantic,semantic:stateful-customer_support-set_case_routing_owner-03:decoy-observation,stateful-customer_support-set_case_routing_owner-03,support-owner-vs-sla,customer_support,decoy_success_minus_failure,explicit_failure,-20.56250363689746,-13.625081501259018,-6.9374221356384425
qwen3-4b,semantic,semantic:stateful-customer_support-set_case_routing_owner-04:decoy-observation,stateful-customer_support-set_case_routing_owner-04,support-owner-vs-sla,customer_support,decoy_success_minus_failure,explicit_failure,-19.75000221924973,-14.250143316549412,-5.499858902700318
qwen3-4b,semantic,semantic:stateful-customer_support-set_duplicate_similarity_score-00:decoy-observation,stateful-customer_support-set_duplicate_similarity_score-00,support-refund-vs-duplicate,customer_support,decoy_success_minus_failure,explicit_failure,-20.125001814859793,-14.625243956618874,-5.499757858240919
qwen3-4b,semantic,semantic:stateful-customer_support-set_duplicate_similarity_score-01:decoy-observation,stateful-customer_support-set_duplicate_similarity_score-01,support-refund-vs-duplicate,customer_support,decoy_success_minus_failure,explicit_failure,-19.93750215122604,-15.500045828078747,-4.437456323147295
qwen3-4b,semantic,semantic:stateful-customer_support-set_duplicate_similarity_score-02:decoy-observation,stateful-customer_support-set_duplicate_similarity_score-02,support-refund-vs-duplicate,customer_support,decoy_success_minus_failure,explicit_failure,-20.812502083708097,-14.62520227454759,-6.187299809160507
qwen3-4b,semantic,semantic:stateful-customer_support-set_duplicate_similarity_score-03:decoy-observation,stateful-customer_support-set_duplicate_similarity_score-03,support-refund-vs-duplicate,customer_support,decoy_success_minus_failure,explicit_failure,-20.125001298501232,-13.500064475406802,-6.62493682309443
qwen3-4b,semantic,semantic:stateful-customer_support-set_duplicate_similarity_score-04:decoy-observation,stateful-customer_support-set_duplicate_similarity_score-04,support-refund-vs-duplicate,customer_support,decoy_success_minus_failure,explicit_failure,-19.12504767285475,-15.251766443306003,-3.873281229548745
qwen3-4b,semantic,semantic:stateful-customer_support-set_escalation_target-00:decoy-observation,stateful-customer_support-set_escalation_target-00,support-priority-vs-escalation,customer_support,decoy_success_minus_failure,explicit_failure,-20.937502391759878,-15.875075809325068,-5.06242658243481
qwen3-4b,semantic,semantic:stateful-customer_support-set_escalation_target-01:decoy-observation,stateful-customer_support-set_escalation_target-01,support-priority-vs-escalation,customer_support,decoy_success_minus_failure,explicit_failure,-20.000002897606038,-15.75010810121789,-4.249894796388148
qwen3-4b,semantic,semantic:stateful-customer_support-set_escalation_target-02:decoy-observation,stateful-customer_support-set_escalation_target-02,support-priority-vs-escalation,customer_support,decoy_success_minus_failure,explicit_failure,-20.812619962881897,-16.125111556557286,-4.687508406324611
qwen3-4b,semantic,semantic:stateful-customer_support-set_escalation_target-03:decoy-observation,stateful-customer_support-set_escalation_target-03,support-priority-vs-escalation,customer_support,decoy_success_minus_failure,explicit_failure,-20.12500221892224,-15.500102915153825,-4.624899303768416
qwen3-4b,semantic,semantic:stateful-customer_support-set_escalation_target-04:decoy-observation,stateful-customer_support-set_escalation_target-04,support-priority-vs-escalation,customer_support,decoy_success_minus_failure,explicit_failure,-20.375161057196188,-16.250057417638395,-4.125103639557793
qwen3-4b,semantic,semantic:stateful-customer_support-set_next_case_action-00:decoy-observation,stateful-customer_support-set_next_case_action-00,support-action-vs-channel,customer_support,decoy_success_minus_failure,explicit_failure,-19.687513839457353,-15.125039590739547,-4.562474248717805
qwen3-4b,semantic,semantic:stateful-customer_support-set_next_case_action-01:decoy-observation,stateful-customer_support-set_next_case_action-01,support-action-vs-channel,customer_support,decoy_success_minus_failure,explicit_failure,-20.56250177156624,-15.000113910916,-5.56238786065024
qwen3-4b,semantic,semantic:stateful-customer_support-set_next_case_action-02:decoy-observation,stateful-customer_support-set_next_case_action-02,support-action-vs-channel,customer_support,decoy_success_minus_failure,explicit_failure,-18.687535780506515,-16.625126814145545,-2.0624089663609695
qwen3-4b,semantic,semantic:stateful-customer_support-set_next_case_action-03:decoy-observation,stateful-customer_support-set_next_case_action-03,support-action-vs-channel,customer_support,decoy_success_minus_failure,explicit_failure,-20.500007749884382,-16.125277820247135,-4.3747299296372475
qwen3-4b,semantic,semantic:stateful-customer_support-set_next_case_action-04:decoy-observation,stateful-customer_support-set_next_case_action-04,support-action-vs-channel,customer_support,decoy_success_minus_failure,explicit_failure,-19.812503708305492,-17.500033707718146,-2.3124700005873464
qwen3-4b,semantic,semantic:stateful-customer_support-set_refund_maximum_amount-00:decoy-observation,stateful-customer_support-set_refund_maximum_amount-00,support-refund-vs-duplicate,customer_support,decoy_success_minus_failure,explicit_failure,-19.68750141033709,-12.500118738549403,-7.187382671787688
qwen3-4b,semantic,semantic:stateful-customer_support-set_refund_maximum_amount-01:decoy-observation,stateful-customer_support-set_refund_maximum_amount-01,support-refund-vs-duplicate,customer_support,decoy_success_minus_failure,explicit_failure,-20.500001947362357,-14.500022793519555,-5.999979153842801
qwen3-4b,semantic,semantic:stateful-customer_support-set_refund_maximum_amount-02:decoy-observation,stateful-customer_support-set_refund_maximum_amount-02,support-refund-vs-duplicate,customer_support,decoy_success_minus_failure,explicit_failure,-19.00000152561578,-13.50015723422726,-5.49984429138852
qwen3-4b,semantic,semantic:stateful-customer_support-set_refund_maximum_amount-03:decoy-observation,stateful-customer_support-set_refund_maximum_amount-03,support-refund-vs-duplicate,customer_support,decoy_success_minus_failure,explicit_failure,-19.625008249922843,-12.750257205742173,-6.87475104418067
qwen3-4b,semantic,semantic:stateful-customer_support-set_refund_maximum_amount-04:decoy-observation,stateful-customer_support-set_refund_maximum_amount-04,support-refund-vs-duplicate,customer_support,decoy_success_minus_failure,explicit_failure,-19.750002192643585,-14.37513068627949,-5.374871506364094
qwen3-4b,semantic,semantic:stateful-customer_support-set_sla_duration_minutes-00:decoy-observation,stateful-customer_support-set_sla_duration_minutes-00,support-owner-vs-sla,customer_support,decoy_success_minus_failure,explicit_failure,-19.62500217258234,-13.125047391541557,-6.499954781040785
qwen3-4b,semantic,semantic:stateful-customer_support-set_sla_duration_minutes-01:decoy-observation,stateful-customer_support-set_sla_duration_minutes-01,support-owner-vs-sla,customer_support,decoy_success_minus_failure,explicit_failure,-19.812501860851405,-12.125165456458909,-7.6873364043924965
qwen3-4b,semantic,semantic:stateful-customer_support-set_sla_duration_minutes-02:decoy-observation,stateful-customer_support-set_sla_duration_minutes-02,support-owner-vs-sla,customer_support,decoy_success_minus_failure,explicit_failure,-19.500003021798967,-14.500045211455557,-4.99995781034341
qwen3-4b,semantic,semantic:stateful-customer_support-set_sla_duration_minutes-03:decoy-observation,stateful-customer_support-set_sla_duration_minutes-03,support-owner-vs-sla,customer_support,decoy_success_minus_failure,explicit_failure,-18.6691288957716,-12.25008942581556,-6.41903946995604
qwen3-4b,semantic,semantic:stateful-customer_support-set_sla_duration_minutes-04:decoy-observation,stateful-customer_support-set_sla_duration_minutes-04,support-owner-vs-sla,customer_support,decoy_success_minus_failure,explicit_failure,-19.37500149539484,-14.87505291219719,-4.49994858319765
qwen3-4b,semantic,semantic:stateful-finance_ledger-post_transaction_fee-00:decoy-observation,stateful-finance_ledger-post_transaction_fee-00,finance-fee-vs-tax-basis,finance_ledger,decoy_success_minus_failure,explicit_failure,-19.937503383094366,-14.750030101254325,-5.187473281840042
qwen3-4b,semantic,semantic:stateful-finance_ledger-post_transaction_fee-01:decoy-observation,stateful-finance_ledger-post_transaction_fee-01,finance-fee-vs-tax-basis,finance_ledger,decoy_success_minus_failure,explicit_failure,-20.250003426717363,-16.375010262657646,-3.874993164059717
qwen3-4b,semantic,semantic:stateful-finance_ledger-post_transaction_fee-02:decoy-observation,stateful-finance_ledger-post_transaction_fee-02,finance-fee-vs-tax-basis,finance_ledger,decoy_success_minus_failure,explicit_failure,-18.500003726135233,-16.250049657881,-2.249954068254233
qwen3-4b,semantic,semantic:stateful-finance_ledger-post_transaction_fee-03:decoy-observation,stateful-finance_ledger-post_transaction_fee-03,finance-fee-vs-tax-basis,finance_ledger,decoy_success_minus_failure,explicit_failure,-19.812504960044514,-13.250066183382842,-6.562438776661672
qwen3-4b,semantic,semantic:stateful-finance_ledger-post_transaction_fee-04:decoy-observation,stateful-finance_ledger-post_transaction_fee-04,finance-fee-vs-tax-basis,finance_ledger,decoy_success_minus_failure,explicit_failure,-18.75000296618532,-14.625080285525804,-4.124922680659516
qwen3-4b,semantic,semantic:stateful-finance_ledger-record_tax_basis-00:decoy-observation,stateful-finance_ledger-record_tax_basis-00,finance-fee-vs-tax-basis,finance_ledger,decoy_success_minus_failure,explicit_failure,-20.81250333777517,-14.875040065148873,-5.937463272626296
qwen3-4b,semantic,semantic:stateful-finance_ledger-record_tax_basis-01:decoy-observation,stateful-finance_ledger-record_tax_basis-01,finance-fee-vs-tax-basis,finance_ledger,decoy_success_minus_failure,explicit_failure,-19.750002591083252,-15.000052637768817,-4.7499499533144345
qwen3-4b,semantic,semantic:stateful-finance_ledger-record_tax_basis-02:decoy-observation,stateful-finance_ledger-record_tax_basis-02,finance-fee-vs-tax-basis,finance_ledger,decoy_success_minus_failure,explicit_failure,-20.187502294202503,-16.625020758003437,-3.5624815361990656
qwen3-4b,semantic,semantic:stateful-finance_ledger-record_tax_basis-03:decoy-observation,stateful-finance_ledger-record_tax_basis-03,finance-fee-vs-tax-basis,finance_ledger,decoy_success_minus_failure,explicit_failure,-20.18750233273981,-14.500063678313296,-5.687438654426515
qwen3-4b,semantic,semantic:stateful-finance_ledger-record_tax_basis-04:decoy-observation,stateful-finance_ledger-record_tax_basis-04,finance-fee-vs-tax-basis,finance_ledger,decoy_success_minus_failure,explicit_failure,-19.625002902037444,-15.750070568532017,-3.874932333505427
qwen3-4b,semantic,semantic:stateful-finance_ledger-set_account_hold_amount-00:decoy-observation,stateful-finance_ledger-set_account_hold_amount-00,finance-ledger-vs-hold,finance_ledger,decoy_success_minus_failure,explicit_failure,-20.18750233394288,-14.000384369071782,-6.187117964871099
qwen3-4b,semantic,semantic:stateful-finance_ledger-set_account_hold_amount-01:decoy-observation,stateful-finance_ledger-set_account_hold_amount-01,finance-ledger-vs-hold,finance_ledger,decoy_success_minus_failure,explicit_failure,-19.875002397963968,-13.250162521693582,-6.624839876270386
qwen3-4b,semantic,semantic:stateful-finance_ledger-set_account_hold_amount-02:decoy-observation,stateful-finance_ledger-set_account_hold_amount-02,finance-ledger-vs-hold,finance_ledger,decoy_success_minus_failure,explicit_failure,-19.750003154604357,-16.00011381074505,-3.7498893438593086
qwen3-4b,semantic,semantic:stateful-finance_ledger-set_account_hold_amount-03:decoy-observation,stateful-finance_ledger-set_account_hold_amount-03,finance-ledger-vs-hold,finance_ledger,decoy_success_minus_failure,explicit_failure,-20.5000020624174,-13.500300189544426,-6.999701872872976
qwen3-4b,semantic,semantic:stateful-finance_ledger-set_account_hold_amount-04:decoy-observation,stateful-finance_ledger-set_account_hold_amount-04,finance-ledger-vs-hold,finance_ledger,decoy_success_minus_failure,explicit_failure,-21.334964490456187,-14.750067370950802,-6.584897119505385
qwen3-4b,semantic,semantic:stateful-finance_ledger-set_audit_event_reference-00:decoy-observation,stateful-finance_ledger-set_audit_event_reference-00,finance-journal-vs-audit-event,finance_ledger,decoy_success_minus_failure,explicit_failure,-19.062501878440784,-13.001146043783741,-6.061355834657043
qwen3-4b,semantic,semantic:stateful-finance_ledger-set_audit_event_reference-01:decoy-observation,stateful-finance_ledger-set_audit_event_reference-01,finance-journal-vs-audit-event,finance_ledger,decoy_success_minus_failure,explicit_failure,-19.18750217759837,-11.501983556103774,-7.6855186214945945
qwen3-4b,semantic,semantic:stateful-finance_ledger-set_audit_event_reference-02:decoy-observation,stateful-finance_ledger-set_audit_event_reference-02,finance-journal-vs-audit-event,finance_ledger,decoy_success_minus_failure,explicit_failure,-18.50000140111389,-12.750559793488286,-5.749441607625606
qwen3-4b,semantic,semantic:stateful-finance_ledger-set_audit_event_reference-03:decoy-observation,stateful-finance_ledger-set_audit_event_reference-03,finance-journal-vs-audit-event,finance_ledger,decoy_success_minus_failure,explicit_failure,-18.375000833218813,-13.12652186650886,-5.248478966709953
qwen3-4b,semantic,semantic:stateful-finance_ledger-set_audit_event_reference-04:decoy-observation,stateful-finance_ledger-set_audit_event_reference-04,finance-journal-vs-audit-event,finance_ledger,decoy_success_minus_failure,explicit_failure,-18.500001918873053,-13.750506904602567,-4.749495014270487
qwen3-4b,semantic,semantic:stateful-finance_ledger-set_budget_planned_amount-00:decoy-observation,stateful-finance_ledger-set_budget_planned_amount-00,finance-statement-vs-budget,finance_ledger,decoy_success_minus_failure,explicit_failure,-20.12500257026219,-13.875163111098828,-6.249839459163361
qwen3-4b,semantic,semantic:stateful-finance_ledger-set_budget_planned_amount-01:decoy-observation,stateful-finance_ledger-set_budget_planned_amount-01,finance-statement-vs-budget,finance_ledger,decoy_success_minus_failure,explicit_failure,-19.43750208108073,-12.750061654204373,-6.687440426876357
qwen3-4b,semantic,semantic:stateful-finance_ledger-set_budget_planned_amount-02:decoy-observation,stateful-finance_ledger-set_budget_planned_amount-02,finance-statement-vs-budget,finance_ledger,decoy_success_minus_failure,explicit_failure,-19.375001618702335,-14.500292439398521,-4.874709179303814
qwen3-4b,semantic,semantic:stateful-finance_ledger-set_budget_planned_amount-03:decoy-observation,stateful-finance_ledger-set_budget_planned_amount-03,finance-statement-vs-budget,finance_ledger,decoy_success_minus_failure,explicit_failure,-19.875001660330454,-12.87506760899597,-6.999934051334485
qwen3-4b,semantic,semantic:stateful-finance_ledger-set_budget_planned_amount-04:decoy-observation,stateful-finance_ledger-set_budget_planned_amount-04,finance-statement-vs-budget,finance_ledger,decoy_success_minus_failure,explicit_failure,-18.81250215290281,-14.625038639673491,-4.187463513229318
qwen3-4b,semantic,semantic:stateful-finance_ledger-set_fx_exchange_rate-00:decoy-observation,stateful-finance_ledger-set_fx_exchange_rate-00,finance-fx-vs-payment,finance_ledger,decoy_success_minus_failure,explicit_failure,-19.375006420661066,-14.75003364934544,-4.624972771315626
qwen3-4b,semantic,semantic:stateful-finance_ledger-set_fx_exchange_rate-01:decoy-observation,stateful-finance_ledger-set_fx_exchange_rate-01,finance-fx-vs-payment,finance_ledger,decoy_success_minus_failure,explicit_failure,-18.93750403599281,-14.125057643982771,-4.812446392010038
qwen3-4b,semantic,semantic:stateful-finance_ledger-set_fx_exchange_rate-02:decoy-observation,stateful-finance_ledger-set_fx_exchange_rate-02,finance-fx-vs-payment,finance_ledger,decoy_success_minus_failure,explicit_failure,-18.437502329563856,-13.875055520170704,-4.562446809393151
qwen3-4b,semantic,semantic:stateful-finance_ledger-set_fx_exchange_rate-03:decoy-observation,stateful-finance_ledger-set_fx_exchange_rate-03,finance-fx-vs-payment,finance_ledger,decoy_success_minus_failure,explicit_failure,-19.37500280389409,-13.875043902883888,-5.499958901010203
qwen3-4b,semantic,semantic:stateful-finance_ledger-set_fx_exchange_rate-04:decoy-observation,stateful-finance_ledger-set_fx_exchange_rate-04,finance-fx-vs-payment,finance_ledger,decoy_success_minus_failure,explicit_failure,-19.125003402785886,-15.250050725482382,-3.8749526773035043
qwen3-4b,semantic,semantic:stateful-finance_ledger-set_journal_debit_amount-00:decoy-observation,stateful-finance_ledger-set_journal_debit_amount-00,finance-journal-vs-audit-event,finance_ledger,decoy_success_minus_failure,explicit_failure,-18.93750289696846,-15.125035002804758,-3.812467894163703
qwen3-4b,semantic,semantic:stateful-finance_ledger-set_journal_debit_amount-01:decoy-observation,stateful-finance_ledger-set_journal_debit_amount-01,finance-journal-vs-audit-event,finance_ledger,decoy_success_minus_failure,explicit_failure,-19.250002451653558,-13.87504611668848,-5.374956334965077
qwen3-4b,semantic,semantic:stateful-finance_ledger-set_journal_debit_amount-02:decoy-observation,stateful-finance_ledger-set_journal_debit_amount-02,finance-journal-vs-audit-event,finance_ledger,decoy_success_minus_failure,explicit_failure,-18.375002136397896,-14.625042100020345,-3.7499600363775514
qwen3-4b,semantic,semantic:stateful-finance_ledger-set_journal_debit_amount-03:decoy-observation,stateful-finance_ledger-set_journal_debit_amount-03,finance-journal-vs-audit-event,finance_ledger,decoy_success_minus_failure,explicit_failure,-19.812500932299002,-15.625027684186534,-4.187473248112468
qwen3-4b,semantic,semantic:stateful-finance_ledger-set_journal_debit_amount-04:decoy-observation,stateful-finance_ledger-set_journal_debit_amount-04,finance-journal-vs-audit-event,finance_ledger,decoy_success_minus_failure,explicit_failure,-19.187500627829195,-15.62503899976332,-3.5624616280658756
qwen3-4b,semantic,semantic:stateful-finance_ledger-set_ledger_entry_amount-00:decoy-observation,stateful-finance_ledger-set_ledger_entry_amount-00,finance-ledger-vs-hold,finance_ledger,decoy_success_minus_failure,explicit_failure,-20.562501468574773,-14.125048857658946,-6.437452610915827
qwen3-4b,semantic,semantic:stateful-finance_ledger-set_ledger_entry_amount-01:decoy-observation,stateful-finance_ledger-set_ledger_entry_amount-01,finance-ledger-vs-hold,finance_ledger,decoy_success_minus_failure,explicit_failure,-19.187538940744318,-13.750056400711912,-5.437482540032406
qwen3-4b,semantic,semantic:stateful-finance_ledger-set_ledger_entry_amount-02:decoy-observation,stateful-finance_ledger-set_ledger_entry_amount-02,finance-ledger-vs-hold,finance_ledger,decoy_success_minus_failure,explicit_failure,-20.3750014000846,-15.625051091170711,-4.749950308913888
qwen3-4b,semantic,semantic:stateful-finance_ledger-set_ledger_entry_amount-03:decoy-observation,stateful-finance_ledger-set_ledger_entry_amount-03,finance-ledger-vs-hold,finance_ledger,decoy_success_minus_failure,explicit_failure,-20.68750164908689,-14.62505456848207,-6.062447080604819
qwen3-4b,semantic,semantic:stateful-finance_ledger-set_ledger_entry_amount-04:decoy-observation,stateful-finance_ledger-set_ledger_entry_amount-04,finance-ledger-vs-hold,finance_ledger,decoy_success_minus_failure,explicit_failure,-25.787120073138198,-15.50004492300328,-10.287075150134918
qwen3-4b,semantic,semantic:stateful-finance_ledger-set_payment_status_code-00:decoy-observation,stateful-finance_ledger-set_payment_status_code-00,finance-fx-vs-payment,finance_ledger,decoy_success_minus_failure,explicit_failure,-19.125002375587783,-12.750442094429566,-6.374560281158217
qwen3-4b,semantic,semantic:stateful-finance_ledger-set_payment_status_code-01:decoy-observation,stateful-finance_ledger-set_payment_status_code-01,finance-fx-vs-payment,finance_ledger,decoy_success_minus_failure,explicit_failure,-20.125003847305976,-12.75085521920763,-7.374148628098347
qwen3-4b,semantic,semantic:stateful-finance_ledger-set_payment_status_code-02:decoy-observation,stateful-finance_ledger-set_payment_status_code-02,finance-fx-vs-payment,finance_ledger,decoy_success_minus_failure,explicit_failure,-19.31250329167578,-14.125333439754058,-5.187169851921723
qwen3-4b,semantic,semantic:stateful-finance_ledger-set_payment_status_code-03:decoy-observation,stateful-finance_ledger-set_payment_status_code-03,finance-fx-vs-payment,finance_ledger,decoy_success_minus_failure,explicit_failure,-20.062501934519176,-13.87528544995218,-6.187216484566996
qwen3-4b,semantic,semantic:stateful-finance_ledger-set_payment_status_code-04:decoy-observation,stateful-finance_ledger-set_payment_status_code-04,finance-fx-vs-payment,finance_ledger,decoy_success_minus_failure,explicit_failure,-20.187501924223625,-14.000199485217806,-6.187302439005819
qwen3-4b,semantic,semantic:stateful-finance_ledger-set_statement_closing_total-00:decoy-observation,stateful-finance_ledger-set_statement_closing_total-00,finance-statement-vs-budget,finance_ledger,decoy_success_minus_failure,explicit_failure,-19.56250361483817,-14.750063705992268,-4.812439908845903
qwen3-4b,semantic,semantic:stateful-finance_ledger-set_statement_closing_total-01:decoy-observation,stateful-finance_ledger-set_statement_closing_total-01,finance-statement-vs-budget,finance_ledger,decoy_success_minus_failure,explicit_failure,-20.00000748938872,-14.375075712836946,-5.624931776551776
qwen3-4b,semantic,semantic:stateful-finance_ledger-set_statement_closing_total-02:decoy-observation,stateful-finance_ledger-set_statement_closing_total-02,finance-statement-vs-budget,finance_ledger,decoy_success_minus_failure,explicit_failure,-20.062501994760495,-16.000053512676438,-4.062448482084058
qwen3-4b,semantic,semantic:stateful-finance_ledger-set_statement_closing_total-03:decoy-observation,stateful-finance_ledger-set_statement_closing_total-03,finance-statement-vs-budget,finance_ledger,decoy_success_minus_failure,explicit_failure,-19.625003921796463,-13.500068580335238,-6.124935341461224
qwen3-4b,semantic,semantic:stateful-finance_ledger-set_statement_closing_total-04:decoy-observation,stateful-finance_ledger-set_statement_closing_total-04,finance-statement-vs-budget,finance_ledger,decoy_success_minus_failure,explicit_failure,-19.50006148902427,-16.000029419366633,-3.5000320696576352
qwen3-4b,semantic,semantic:stateful-inventory_fulfillment-apply_cycle_count_adjustment-00:decoy-observation,stateful-inventory_fulfillment-apply_cycle_count_adjustment-00,inventory-reservation-vs-count,inventory_fulfillment,decoy_success_minus_failure,explicit_failure,-19.500001876998816,-11.62503851534467,-7.874963361654146
qwen3-4b,semantic,semantic:stateful-inventory_fulfillment-apply_cycle_count_adjustment-01:decoy-observation,stateful-inventory_fulfillment-apply_cycle_count_adjustment-01,inventory-reservation-vs-count,inventory_fulfillment,decoy_success_minus_failure,explicit_failure,-19.687502301624562,-12.125035375293947,-7.562466926330615
qwen3-4b,semantic,semantic:stateful-inventory_fulfillment-apply_cycle_count_adjustment-02:decoy-observation,stateful-inventory_fulfillment-apply_cycle_count_adjustment-02,inventory-reservation-vs-count,inventory_fulfillment,decoy_success_minus_failure,explicit_failure,-19.062501666161346,-12.87503266261703,-6.187469003544315
qwen3-4b,semantic,semantic:stateful-inventory_fulfillment-apply_cycle_count_adjustment-03:decoy-observation,stateful-inventory_fulfillment-apply_cycle_count_adjustment-03,inventory-reservation-vs-count,inventory_fulfillment,decoy_success_minus_failure,explicit_failure,-18.625002969966005,-12.875023125896668,-5.749979844069337
qwen3-4b,semantic,semantic:stateful-inventory_fulfillment-apply_cycle_count_adjustment-04:decoy-observation,stateful-inventory_fulfillment-apply_cycle_count_adjustment-04,inventory-reservation-vs-count,inventory_fulfillment,decoy_success_minus_failure,explicit_failure,-19.000003928446183,-12.875028354015889,-6.1249755744302945
qwen3-4b,semantic,semantic:stateful-inventory_fulfillment-apply_sales_reservation-00:decoy-observation,stateful-inventory_fulfillment-apply_sales_reservation-00,inventory-reservation-vs-count,inventory_fulfillment,decoy_success_minus_failure,explicit_failure,-20.06250218777832,-11.25001129442942,-8.812490893348901
qwen3-4b,semantic,semantic:stateful-inventory_fulfillment-apply_sales_reservation-01:decoy-observation,stateful-inventory_fulfillment-apply_sales_reservation-01,inventory-reservation-vs-count,inventory_fulfillment,decoy_success_minus_failure,explicit_failure,-19.812502211361604,-9.875012457882356,-9.937489753479248
qwen3-4b,semantic,semantic:stateful-inventory_fulfillment-apply_sales_reservation-02:decoy-observation,stateful-inventory_fulfillment-apply_sales_reservation-02,inventory-reservation-vs-count,inventory_fulfillment,decoy_success_minus_failure,explicit_failure,-20.000002516559512,-13.750035847157157,-6.249966669402355
qwen3-4b,semantic,semantic:stateful-inventory_fulfillment-apply_sales_reservation-03:decoy-observation,stateful-inventory_fulfillment-apply_sales_reservation-03,inventory-reservation-vs-count,inventory_fulfillment,decoy_success_minus_failure,explicit_failure,-19.62502057461063,-12.500040911274432,-7.124979663336198
qwen3-4b,semantic,semantic:stateful-inventory_fulfillment-apply_sales_reservation-04:decoy-observation,stateful-inventory_fulfillment-apply_sales_reservation-04,inventory-reservation-vs-count,inventory_fulfillment,decoy_success_minus_failure,explicit_failure,-20.37500176512185,-13.750011123614428,-6.624990641507424
qwen3-4b,semantic,semantic:stateful-inventory_fulfillment-set_backorder_customer_tier-00:decoy-observation,stateful-inventory_fulfillment-set_backorder_customer_tier-00,inventory-priority-vs-pick,inventory_fulfillment,decoy_success_minus_failure,explicit_failure,-19.56250372439216,-14.00025527298152,-5.562248451410639
qwen3-4b,semantic,semantic:stateful-inventory_fulfillment-set_backorder_customer_tier-01:decoy-observation,stateful-inventory_fulfillment-set_backorder_customer_tier-01,inventory-priority-vs-pick,inventory_fulfillment,decoy_success_minus_failure,explicit_failure,-19.062502254535055,-14.250080172032241,-4.812422082502813
qwen3-4b,semantic,semantic:stateful-inventory_fulfillment-set_backorder_customer_tier-02:decoy-observation,stateful-inventory_fulfillment-set_backorder_customer_tier-02,inventory-priority-vs-pick,inventory_fulfillment,decoy_success_minus_failure,explicit_failure,-18.68750276248103,-13.876306016771274,-4.811196745709758
qwen3-4b,semantic,semantic:stateful-inventory_fulfillment-set_backorder_customer_tier-03:decoy-observation,stateful-inventory_fulfillment-set_backorder_customer_tier-03,inventory-priority-vs-pick,inventory_fulfillment,decoy_success_minus_failure,explicit_failure,-19.750002319065942,-13.750202994236666,-5.999799324829276
qwen3-4b,semantic,semantic:stateful-inventory_fulfillment-set_backorder_customer_tier-04:decoy-observation,stateful-inventory_fulfillment-set_backorder_customer_tier-04,inventory-priority-vs-pick,inventory_fulfillment,decoy_success_minus_failure,explicit_failure,-18.75000492422209,-13.750073789505606,-4.999931134716483
qwen3-4b,semantic,semantic:stateful-inventory_fulfillment-set_bin_pick_sequence-00:decoy-observation,stateful-inventory_fulfillment-set_bin_pick_sequence-00,inventory-priority-vs-pick,inventory_fulfillment,decoy_success_minus_failure,explicit_failure,-20.437503984876066,-14.250110811483992,-6.187393173392074
qwen3-4b,semantic,semantic:stateful-inventory_fulfillment-set_bin_pick_sequence-01:decoy-observation,stateful-inventory_fulfillment-set_bin_pick_sequence-01,inventory-priority-vs-pick,inventory_fulfillment,decoy_success_minus_failure,explicit_failure,-19.500002440663906,-13.875035954601678,-5.6249664860622275
qwen3-4b,semantic,semantic:stateful-inventory_fulfillment-set_bin_pick_sequence-02:decoy-observation,stateful-inventory_fulfillment-set_bin_pick_sequence-02,inventory-priority-vs-pick,inventory_fulfillment,decoy_success_minus_failure,explicit_failure,-18.68770524630365,-14.125371354737311,-4.56233389156634
qwen3-4b,semantic,semantic:stateful-inventory_fulfillment-set_bin_pick_sequence-03:decoy-observation,stateful-inventory_fulfillment-set_bin_pick_sequence-03,inventory-priority-vs-pick,inventory_fulfillment,decoy_success_minus_failure,explicit_failure,-19.68751630818531,-13.375090271893306,-6.312426036292003
qwen3-4b,semantic,semantic:stateful-inventory_fulfillment-set_bin_pick_sequence-04:decoy-observation,stateful-inventory_fulfillment-set_bin_pick_sequence-04,inventory-priority-vs-pick,inventory_fulfillment,decoy_success_minus_failure,explicit_failure,-18.937502581291227,-12.875109786168402,-6.062392795122825
qwen3-4b,semantic,semantic:stateful-inventory_fulfillment-set_expiry_warning_window-00:decoy-observation,stateful-inventory_fulfillment-set_expiry_warning_window-00,inventory-source-cost-vs-expiry,inventory_fulfillment,decoy_success_minus_failure,explicit_failure,-20.062501935348926,-8.875707556059844,-11.186794379289083
qwen3-4b,semantic,semantic:stateful-inventory_fulfillment-set_expiry_warning_window-01:decoy-observation,stateful-inventory_fulfillment-set_expiry_warning_window-01,inventory-source-cost-vs-expiry,inventory_fulfillment,decoy_success_minus_failure,explicit_failure,-17.625002350432844,-6.502588119559604,-11.12241423087324
qwen3-4b,semantic,semantic:stateful-inventory_fulfillment-set_expiry_warning_window-02:decoy-observation,stateful-inventory_fulfillment-set_expiry_warning_window-02,inventory-source-cost-vs-expiry,inventory_fulfillment,decoy_success_minus_failure,explicit_failure,-18.50000177012639,-10.125558483035974,-8.374443287090415
qwen3-4b,semantic,semantic:stateful-inventory_fulfillment-set_expiry_warning_window-03:decoy-observation,stateful-inventory_fulfillment-set_expiry_warning_window-03,inventory-source-cost-vs-expiry,inventory_fulfillment,decoy_success_minus_failure,explicit_failure,-17.500001549999737,-8.376298875158007,-9.12370267484173
qwen3-4b,semantic,semantic:stateful-inventory_fulfillment-set_expiry_warning_window-04:decoy-observation,stateful-inventory_fulfillment-set_expiry_warning_window-04,inventory-source-cost-vs-expiry,inventory_fulfillment,decoy_success_minus_failure,explicit_failure,-18.750001294026404,-8.878690594416256,-9.871310699610149
qwen3-4b,semantic,semantic:stateful-inventory_fulfillment-set_fulfillment_on_hand_units-00:decoy-observation,stateful-inventory_fulfillment-set_fulfillment_on_hand_units-00,inventory-stock-vs-capacity,inventory_fulfillment,decoy_success_minus_failure,explicit_failure,-19.937517099720985,-12.12511528634166,-7.812401813379324
qwen3-4b,semantic,semantic:stateful-inventory_fulfillment-set_fulfillment_on_hand_units-01:decoy-observation,stateful-inventory_fulfillment-set_fulfillment_on_hand_units-01,inventory-stock-vs-capacity,inventory_fulfillment,decoy_success_minus_failure,explicit_failure,-19.000003793170052,-12.000281387878196,-6.999722405291855
qwen3-4b,semantic,semantic:stateful-inventory_fulfillment-set_fulfillment_on_hand_units-02:decoy-observation,stateful-inventory_fulfillment-set_fulfillment_on_hand_units-02,inventory-stock-vs-capacity,inventory_fulfillment,decoy_success_minus_failure,explicit_failure,-18.875001531733773,-12.875216511861908,-5.999785019871865
qwen3-4b,semantic,semantic:stateful-inventory_fulfillment-set_fulfillment_on_hand_units-03:decoy-observation,stateful-inventory_fulfillment-set_fulfillment_on_hand_units-03,inventory-stock-vs-capacity,inventory_fulfillment,decoy_success_minus_failure,explicit_failure,-20.250004433675073,-11.250092317110933,-8.99991211656414
qwen3-4b,semantic,semantic:stateful-inventory_fulfillment-set_fulfillment_on_hand_units-04:decoy-observation,stateful-inventory_fulfillment-set_fulfillment_on_hand_units-04,inventory-stock-vs-capacity,inventory_fulfillment,decoy_success_minus_failure,explicit_failure,-20.062497303333657,-11.75009219873943,-8.312405104594227
qwen3-4b,semantic,semantic:stateful-inventory_fulfillment-set_reorder_target_cover-00:decoy-observation,stateful-inventory_fulfillment-set_reorder_target_cover-00,inventory-policy-floor-vs-cover,inventory_fulfillment,decoy_success_minus_failure,explicit_failure,-19.68750271618285,-11.375202146245257,-8.312300569937591
qwen3-4b,semantic,semantic:stateful-inventory_fulfillment-set_reorder_target_cover-01:decoy-observation,stateful-inventory_fulfillment-set_reorder_target_cover-01,inventory-policy-floor-vs-cover,inventory_fulfillment,decoy_success_minus_failure,explicit_failure,-19.812502780008423,-12.125191765483613,-7.687311014524809
qwen3-4b,semantic,semantic:stateful-inventory_fulfillment-set_reorder_target_cover-02:decoy-observation,stateful-inventory_fulfillment-set_reorder_target_cover-02,inventory-policy-floor-vs-cover,inventory_fulfillment,decoy_success_minus_failure,explicit_failure,-19.68750207329758,-11.375715438109047,-8.311786635188533
qwen3-4b,semantic,semantic:stateful-inventory_fulfillment-set_reorder_target_cover-03:decoy-observation,stateful-inventory_fulfillment-set_reorder_target_cover-03,inventory-policy-floor-vs-cover,inventory_fulfillment,decoy_success_minus_failure,explicit_failure,-19.937502320881173,-10.625346155153274,-9.312156165727899
qwen3-4b,semantic,semantic:stateful-inventory_fulfillment-set_reorder_target_cover-04:decoy-observation,stateful-inventory_fulfillment-set_reorder_target_cover-04,inventory-policy-floor-vs-cover,inventory_fulfillment,decoy_success_minus_failure,explicit_failure,-19.312502788829427,-11.62522434156189,-7.687278447267538
qwen3-4b,semantic,semantic:stateful-inventory_fulfillment-set_safety_stock_floor-00:decoy-observation,stateful-inventory_fulfillment-set_safety_stock_floor-00,inventory-policy-floor-vs-cover,inventory_fulfillment,decoy_success_minus_failure,explicit_failure,-19.312502384690283,-10.375097564304731,-8.937404820385552
qwen3-4b,semantic,semantic:stateful-inventory_fulfillment-set_safety_stock_floor-01:decoy-observation,stateful-inventory_fulfillment-set_safety_stock_floor-01,inventory-policy-floor-vs-cover,inventory_fulfillment,decoy_success_minus_failure,explicit_failure,-17.625002390362695,-12.625056301487213,-4.9999460888754825
qwen3-4b,semantic,semantic:stateful-inventory_fulfillment-set_safety_stock_floor-02:decoy-observation,stateful-inventory_fulfillment-set_safety_stock_floor-02,inventory-policy-floor-vs-cover,inventory_fulfillment,decoy_success_minus_failure,explicit_failure,-18.500002731499066,-11.125201910810212,-7.374800820688854
qwen3-4b,semantic,semantic:stateful-inventory_fulfillment-set_safety_stock_floor-03:decoy-observation,stateful-inventory_fulfillment-set_safety_stock_floor-03,inventory-policy-floor-vs-cover,inventory_fulfillment,decoy_success_minus_failure,explicit_failure,-18.625002148718004,-11.625183703493747,-6.999818445224257
qwen3-4b,semantic,semantic:stateful-inventory_fulfillment-set_safety_stock_floor-04:decoy-observation,stateful-inventory_fulfillment-set_safety_stock_floor-04,inventory-policy-floor-vs-cover,inventory_fulfillment,decoy_success_minus_failure,explicit_failure,-17.750005047425653,-12.75008449117449,-4.999920556251162
qwen3-4b,semantic,semantic:stateful-inventory_fulfillment-set_source_transfer_cost-00:decoy-observation,stateful-inventory_fulfillment-set_source_transfer_cost-00,inventory-source-cost-vs-expiry,inventory_fulfillment,decoy_success_minus_failure,explicit_failure,-20.000002166469805,-9.751103610565146,-10.24889855590466
qwen3-4b,semantic,semantic:stateful-inventory_fulfillment-set_source_transfer_cost-01:decoy-observation,stateful-inventory_fulfillment-set_source_transfer_cost-01,inventory-source-cost-vs-expiry,inventory_fulfillment,decoy_success_minus_failure,explicit_failure,-18.62500254426559,-9.750486713692226,-8.874515830573365
qwen3-4b,semantic,semantic:stateful-inventory_fulfillment-set_source_transfer_cost-02:decoy-observation,stateful-inventory_fulfillment-set_source_transfer_cost-02,inventory-source-cost-vs-expiry,inventory_fulfillment,decoy_success_minus_failure,explicit_failure,-19.687507734024827,-12.25072838666511,-7.4367793473597175
qwen3-4b,semantic,semantic:stateful-inventory_fulfillment-set_source_transfer_cost-03:decoy-observation,stateful-inventory_fulfillment-set_source_transfer_cost-03,inventory-source-cost-vs-expiry,inventory_fulfillment,decoy_success_minus_failure,explicit_failure,-18.25093758384059,-9.878940668552374,-8.371996915288214
qwen3-4b,semantic,semantic:stateful-inventory_fulfillment-set_source_transfer_cost-04:decoy-observation,stateful-inventory_fulfillment-set_source_transfer_cost-04,inventory-source-cost-vs-expiry,inventory_fulfillment,decoy_success_minus_failure,explicit_failure,-19.31250149685185,-10.375245348071815,-8.937256148780037
qwen3-4b,semantic,semantic:stateful-inventory_fulfillment-set_warehouse_capacity_volume-00:decoy-observation,stateful-inventory_fulfillment-set_warehouse_capacity_volume-00,inventory-stock-vs-capacity,inventory_fulfillment,decoy_success_minus_failure,explicit_failure,-19.68750176422912,-10.25005204312567,-9.437449721103448
qwen3-4b,semantic,semantic:stateful-inventory_fulfillment-set_warehouse_capacity_volume-01:decoy-observation,stateful-inventory_fulfillment-set_warehouse_capacity_volume-01,inventory-stock-vs-capacity,inventory_fulfillment,decoy_success_minus_failure,explicit_failure,-18.68750259941625,-10.625147598842375,-8.062355000573874
qwen3-4b,semantic,semantic:stateful-inventory_fulfillment-set_warehouse_capacity_volume-02:decoy-observation,stateful-inventory_fulfillment-set_warehouse_capacity_volume-02,inventory-stock-vs-capacity,inventory_fulfillment,decoy_success_minus_failure,explicit_failure,-18.81250141244052,-12.500047456165525,-6.312453956274993
qwen3-4b,semantic,semantic:stateful-inventory_fulfillment-set_warehouse_capacity_volume-03:decoy-observation,stateful-inventory_fulfillment-set_warehouse_capacity_volume-03,inventory-stock-vs-capacity,inventory_fulfillment,decoy_success_minus_failure,explicit_failure,-19.562501410364504,-9.000266239922453,-10.562235170442051
qwen3-4b,semantic,semantic:stateful-inventory_fulfillment-set_warehouse_capacity_volume-04:decoy-observation,stateful-inventory_fulfillment-set_warehouse_capacity_volume-04,inventory-stock-vs-capacity,inventory_fulfillment,decoy_success_minus_failure,explicit_failure,-19.125001854524136,-11.250197375001598,-7.874804479522538
qwen3-4b,semantic,semantic:stateful-pricing_billing-activate_list_price-00:decoy-observation,stateful-pricing_billing-activate_list_price-00,pricing-list-vs-margin,pricing_billing,decoy_success_minus_failure,explicit_failure,-19.687503218661142,-13.375018687737217,-6.312484530923925
qwen3-4b,semantic,semantic:stateful-pricing_billing-activate_list_price-01:decoy-observation,stateful-pricing_billing-activate_list_price-01,pricing-list-vs-margin,pricing_billing,decoy_success_minus_failure,explicit_failure,-19.687503690881975,-14.000021565731302,-5.687482125150673
qwen3-4b,semantic,semantic:stateful-pricing_billing-activate_list_price-02:decoy-observation,stateful-pricing_billing-activate_list_price-02,pricing-list-vs-margin,pricing_billing,decoy_success_minus_failure,explicit_failure,-18.93750316698994,-15.625012834104773,-3.3124903328851687
qwen3-4b,semantic,semantic:stateful-pricing_billing-activate_list_price-03:decoy-observation,stateful-pricing_billing-activate_list_price-03,pricing-list-vs-margin,pricing_billing,decoy_success_minus_failure,explicit_failure,-19.7500058410751,-14.000020953405219,-5.749984887669882
qwen3-4b,semantic,semantic:stateful-pricing_billing-activate_list_price-04:decoy-observation,stateful-pricing_billing-activate_list_price-04,pricing-list-vs-margin,pricing_billing,decoy_success_minus_failure,explicit_failure,-19.062502944608674,-15.000015532290469,-4.062487412318205
qwen3-4b,semantic,semantic:stateful-pricing_billing-activate_margin_floor-00:decoy-observation,stateful-pricing_billing-activate_margin_floor-00,pricing-list-vs-margin,pricing_billing,decoy_success_minus_failure,explicit_failure,-19.12500304779836,-14.000039826620267,-5.124963221178092
qwen3-4b,semantic,semantic:stateful-pricing_billing-activate_margin_floor-01:decoy-observation,stateful-pricing_billing-activate_margin_floor-01,pricing-list-vs-margin,pricing_billing,decoy_success_minus_failure,explicit_failure,-18.5000036768647,-14.125032781370436,-4.374970895494265
qwen3-4b,semantic,semantic:stateful-pricing_billing-activate_margin_floor-02:decoy-observation,stateful-pricing_billing-activate_margin_floor-02,pricing-list-vs-margin,pricing_billing,decoy_success_minus_failure,explicit_failure,-18.50000328658777,-14.375109266710993,-4.124894019876777
qwen3-4b,semantic,semantic:stateful-pricing_billing-activate_margin_floor-03:decoy-observation,stateful-pricing_billing-activate_margin_floor-03,pricing-list-vs-margin,pricing_billing,decoy_success_minus_failure,explicit_failure,-18.81250340541296,-13.375098492444742,-5.437404912968219
qwen3-4b,semantic,semantic:stateful-pricing_billing-activate_margin_floor-04:decoy-observation,stateful-pricing_billing-activate_margin_floor-04,pricing-list-vs-margin,pricing_billing,decoy_success_minus_failure,explicit_failure,-18.437502784584943,-13.500016747507978,-4.937486037076965
qwen3-4b,semantic,semantic:stateful-pricing_billing-set_contract_adjustment_value-00:decoy-observation,stateful-pricing_billing-set_contract_adjustment_value-00,pricing-promotion-vs-contract,pricing_billing,decoy_success_minus_failure,explicit_failure,-18.31250262018807,-13.125167275814626,-5.1873353443734445
qwen3-4b,semantic,semantic:stateful-pricing_billing-set_contract_adjustment_value-01:decoy-observation,stateful-pricing_billing-set_contract_adjustment_value-01,pricing-promotion-vs-contract,pricing_billing,decoy_success_minus_failure,explicit_failure,-18.000002867385113,-12.250121776793847,-5.749881090591266
qwen3-4b,semantic,semantic:stateful-pricing_billing-set_contract_adjustment_value-02:decoy-observation,stateful-pricing_billing-set_contract_adjustment_value-02,pricing-promotion-vs-contract,pricing_billing,decoy_success_minus_failure,explicit_failure,-17.000002024745953,-13.875094325447755,-3.1249076992981983
qwen3-4b,semantic,semantic:stateful-pricing_billing-set_contract_adjustment_value-03:decoy-observation,stateful-pricing_billing-set_contract_adjustment_value-03,pricing-promotion-vs-contract,pricing_billing,decoy_success_minus_failure,explicit_failure,-18.62500237376294,-12.625125696898124,-5.999876676864815
qwen3-4b,semantic,semantic:stateful-pricing_billing-set_contract_adjustment_value-04:decoy-observation,stateful-pricing_billing-set_contract_adjustment_value-04,pricing-promotion-vs-contract,pricing_billing,decoy_success_minus_failure,explicit_failure,-17.375002242047046,-13.62503194792562,-3.7499702941214252
qwen3-4b,semantic,semantic:stateful-pricing_billing-set_credit_adjustment_value-00:decoy-observation,stateful-pricing_billing-set_credit_adjustment_value-00,pricing-credit-vs-fx,pricing_billing,decoy_success_minus_failure,explicit_failure,-18.75000221777683,-11.875091969565354,-6.874910248211478
qwen3-4b,semantic,semantic:stateful-pricing_billing-set_credit_adjustment_value-01:decoy-observation,stateful-pricing_billing-set_credit_adjustment_value-01,pricing-credit-vs-fx,pricing_billing,decoy_success_minus_failure,explicit_failure,-19.1250031935134,-12.87515960077043,-6.24984359274297
qwen3-4b,semantic,semantic:stateful-pricing_billing-set_credit_adjustment_value-02:decoy-observation,stateful-pricing_billing-set_credit_adjustment_value-02,pricing-credit-vs-fx,pricing_billing,decoy_success_minus_failure,explicit_failure,-18.687501811251465,-13.125113220147554,-5.562388591103911
qwen3-4b,semantic,semantic:stateful-pricing_billing-set_credit_adjustment_value-03:decoy-observation,stateful-pricing_billing-set_credit_adjustment_value-03,pricing-credit-vs-fx,pricing_billing,decoy_success_minus_failure,explicit_failure,-18.6875014474992,-13.50003818538054,-5.187463262118662
qwen3-4b,semantic,semantic:stateful-pricing_billing-set_credit_adjustment_value-04:decoy-observation,stateful-pricing_billing-set_credit_adjustment_value-04,pricing-credit-vs-fx,pricing_billing,decoy_success_minus_failure,explicit_failure,-18.750002632696052,-13.750024440124669,-4.999978192571383
qwen3-4b,semantic,semantic:stateful-pricing_billing-set_currency_exchange_rate-00:decoy-observation,stateful-pricing_billing-set_currency_exchange_rate-00,pricing-credit-vs-fx,pricing_billing,decoy_success_minus_failure,explicit_failure,-17.87500428919423,-11.87502010442342,-5.99998418477081
qwen3-4b,semantic,semantic:stateful-pricing_billing-set_currency_exchange_rate-01:decoy-observation,stateful-pricing_billing-set_currency_exchange_rate-01,pricing-credit-vs-fx,pricing_billing,decoy_success_minus_failure,explicit_failure,-16.87500525385363,-13.000043176986196,-3.8749620768674333
qwen3-4b,semantic,semantic:stateful-pricing_billing-set_currency_exchange_rate-02:decoy-observation,stateful-pricing_billing-set_currency_exchange_rate-02,pricing-credit-vs-fx,pricing_billing,decoy_success_minus_failure,explicit_failure,-17.000001920472492,-12.875013739962583,-4.124988180509909
qwen3-4b,semantic,semantic:stateful-pricing_billing-set_currency_exchange_rate-03:decoy-observation,stateful-pricing_billing-set_currency_exchange_rate-03,pricing-credit-vs-fx,pricing_billing,decoy_success_minus_failure,explicit_failure,-17.375002380930447,-13.625038249613965,-3.7499641313164815
qwen3-4b,semantic,semantic:stateful-pricing_billing-set_currency_exchange_rate-04:decoy-observation,stateful-pricing_billing-set_currency_exchange_rate-04,pricing-credit-vs-fx,pricing_billing,decoy_success_minus_failure,explicit_failure,-17.56250394303475,-12.750015415107,-4.812488527927748
qwen3-4b,semantic,semantic:stateful-pricing_billing-set_order_discount_value-00:decoy-observation,stateful-pricing_billing-set_order_discount_value-00,pricing-fee-vs-discount,pricing_billing,decoy_success_minus_failure,explicit_failure,-18.500002949445047,-13.37503120873599,-5.124971740709057
qwen3-4b,semantic,semantic:stateful-pricing_billing-set_order_discount_value-01:decoy-observation,stateful-pricing_billing-set_order_discount_value-01,pricing-fee-vs-discount,pricing_billing,decoy_success_minus_failure,explicit_failure,-18.687545185581953,-12.500197803179901,-6.187347382402052
qwen3-4b,semantic,semantic:stateful-pricing_billing-set_order_discount_value-02:decoy-observation,stateful-pricing_billing-set_order_discount_value-02,pricing-fee-vs-discount,pricing_billing,decoy_success_minus_failure,explicit_failure,-17.87500233764561,-14.375041624853921,-3.4999607127916903
qwen3-4b,semantic,semantic:stateful-pricing_billing-set_order_discount_value-03:decoy-observation,stateful-pricing_billing-set_order_discount_value-03,pricing-fee-vs-discount,pricing_billing,decoy_success_minus_failure,explicit_failure,-18.437504637257163,-13.375050909915196,-5.062453727341968
qwen3-4b,semantic,semantic:stateful-pricing_billing-set_order_discount_value-04:decoy-observation,stateful-pricing_billing-set_order_discount_value-04,pricing-fee-vs-discount,pricing_billing,decoy_success_minus_failure,explicit_failure,-17.562502003569755,-13.375023129856665,-4.18747887371309
qwen3-4b,semantic,semantic:stateful-pricing_billing-set_promotion_discount_value-00:decoy-observation,stateful-pricing_billing-set_promotion_discount_value-00,pricing-promotion-vs-contract,pricing_billing,decoy_success_minus_failure,explicit_failure,-18.75000344776518,-12.250022041662291,-6.49998140610289
qwen3-4b,semantic,semantic:stateful-pricing_billing-set_promotion_discount_value-01:decoy-observation,stateful-pricing_billing-set_promotion_discount_value-01,pricing-promotion-vs-contract,pricing_billing,decoy_success_minus_failure,explicit_failure,-17.93750357301846,-13.500082196299807,-4.437421376718653
qwen3-4b,semantic,semantic:stateful-pricing_billing-set_promotion_discount_value-02:decoy-observation,stateful-pricing_billing-set_promotion_discount_value-02,pricing-promotion-vs-contract,pricing_billing,decoy_success_minus_failure,explicit_failure,-17.375002048551046,-14.125049081846,-3.2499529667050453
qwen3-4b,semantic,semantic:stateful-pricing_billing-set_promotion_discount_value-03:decoy-observation,stateful-pricing_billing-set_promotion_discount_value-03,pricing-promotion-vs-contract,pricing_billing,decoy_success_minus_failure,explicit_failure,-18.437502262491414,-12.125086128913281,-6.312416133578132
qwen3-4b,semantic,semantic:stateful-pricing_billing-set_promotion_discount_value-04:decoy-observation,stateful-pricing_billing-set_promotion_discount_value-04,pricing-promotion-vs-contract,pricing_billing,decoy_success_minus_failure,explicit_failure,-17.375003598261543,-13.125039469832856,-4.249964128428687
qwen3-4b,semantic,semantic:stateful-pricing_billing-set_service_fee_value-00:decoy-observation,stateful-pricing_billing-set_service_fee_value-00,pricing-fee-vs-discount,pricing_billing,decoy_success_minus_failure,explicit_failure,-20.50000100460376,-11.125095287421338,-9.374905717182422
qwen3-4b,semantic,semantic:stateful-pricing_billing-set_service_fee_value-01:decoy-observation,stateful-pricing_billing-set_service_fee_value-01,pricing-fee-vs-discount,pricing_billing,decoy_success_minus_failure,explicit_failure,-17.62506170685662,-11.501091581559486,-6.123970125297134
qwen3-4b,semantic,semantic:stateful-pricing_billing-set_service_fee_value-02:decoy-observation,stateful-pricing_billing-set_service_fee_value-02,pricing-fee-vs-discount,pricing_billing,decoy_success_minus_failure,explicit_failure,-17.87500192592495,-12.75008364390169,-5.124918282023259
qwen3-4b,semantic,semantic:stateful-pricing_billing-set_service_fee_value-03:decoy-observation,stateful-pricing_billing-set_service_fee_value-03,pricing-fee-vs-discount,pricing_billing,decoy_success_minus_failure,explicit_failure,-18.375004377215276,-12.250196787965073,-6.124807589250203
qwen3-4b,semantic,semantic:stateful-pricing_billing-set_service_fee_value-04:decoy-observation,stateful-pricing_billing-set_service_fee_value-04,pricing-fee-vs-discount,pricing_billing,decoy_success_minus_failure,explicit_failure,-17.876417578556158,-13.375127100624212,-4.501290477931946
qwen3-4b,semantic,semantic:stateful-pricing_billing-set_shipping_minimum_charge-00:decoy-observation,stateful-pricing_billing-set_shipping_minimum_charge-00,pricing-tax-vs-shipping,pricing_billing,decoy_success_minus_failure,explicit_failure,-17.50000225562878,-13.375043031605308,-4.1249592240234705
qwen3-4b,semantic,semantic:stateful-pricing_billing-set_shipping_minimum_charge-01:decoy-observation,stateful-pricing_billing-set_shipping_minimum_charge-01,pricing-tax-vs-shipping,pricing_billing,decoy_success_minus_failure,explicit_failure,-17.875001678728353,-13.500122456812868,-4.374879221915485
qwen3-4b,semantic,semantic:stateful-pricing_billing-set_shipping_minimum_charge-02:decoy-observation,stateful-pricing_billing-set_shipping_minimum_charge-02,pricing-tax-vs-shipping,pricing_billing,decoy_success_minus_failure,explicit_failure,-18.87500400789319,-15.25006934306726,-3.624934664825929
qwen3-4b,semantic,semantic:stateful-pricing_billing-set_shipping_minimum_charge-03:decoy-observation,stateful-pricing_billing-set_shipping_minimum_charge-03,pricing-tax-vs-shipping,pricing_billing,decoy_success_minus_failure,explicit_failure,-18.37500331059777,-14.250087460458168,-4.124915850139601
qwen3-4b,semantic,semantic:stateful-pricing_billing-set_shipping_minimum_charge-04:decoy-observation,stateful-pricing_billing-set_shipping_minimum_charge-04,pricing-tax-vs-shipping,pricing_billing,decoy_success_minus_failure,explicit_failure,-18.87500559950597,-14.125046124789122,-4.749959474716846
qwen3-4b,semantic,semantic:stateful-pricing_billing-set_tax_rate-00:decoy-observation,stateful-pricing_billing-set_tax_rate-00,pricing-tax-vs-shipping,pricing_billing,decoy_success_minus_failure,explicit_failure,-17.500001712774946,-14.000072960609693,-3.4999287521652533
qwen3-4b,semantic,semantic:stateful-pricing_billing-set_tax_rate-01:decoy-observation,stateful-pricing_billing-set_tax_rate-01,pricing-tax-vs-shipping,pricing_billing,decoy_success_minus_failure,explicit_failure,-18.0000023591737,-14.000182184969653,-3.9998201742040465
qwen3-4b,semantic,semantic:stateful-pricing_billing-set_tax_rate-02:decoy-observation,stateful-pricing_billing-set_tax_rate-02,pricing-tax-vs-shipping,pricing_billing,decoy_success_minus_failure,explicit_failure,-17.125001384647057,-15.125096270730666,-1.999905113916391
qwen3-4b,semantic,semantic:stateful-pricing_billing-set_tax_rate-03:decoy-observation,stateful-pricing_billing-set_tax_rate-03,pricing-tax-vs-shipping,pricing_billing,decoy_success_minus_failure,explicit_failure,-17.62500294501705,-12.875072254798248,-4.749930690218804
qwen3-4b,semantic,semantic:stateful-pricing_billing-set_tax_rate-04:decoy-observation,stateful-pricing_billing-set_tax_rate-04,pricing-tax-vs-shipping,pricing_billing,decoy_success_minus_failure,explicit_failure,-16.75000487763412,-14.000066772198245,-2.7499381054358736
qwen3-4b,semantic,semantic:stateful-procurement_suppliers-assign_quote_supplier-00:decoy-observation,stateful-procurement_suppliers-assign_quote_supplier-00,procurement-certification-vs-quote,procurement_suppliers,decoy_success_minus_failure,explicit_failure,-21.187507293745945,-14.250014256663263,-6.937493037082682
qwen3-4b,semantic,semantic:stateful-procurement_suppliers-assign_quote_supplier-01:decoy-observation,stateful-procurement_suppliers-assign_quote_supplier-01,procurement-certification-vs-quote,procurement_suppliers,decoy_success_minus_failure,explicit_failure,-20.187501948538632,-14.000042070924202,-6.18745987761443
qwen3-4b,semantic,semantic:stateful-procurement_suppliers-assign_quote_supplier-02:decoy-observation,stateful-procurement_suppliers-assign_quote_supplier-02,procurement-certification-vs-quote,procurement_suppliers,decoy_success_minus_failure,explicit_failure,-18.812501738058266,-15.000045531254031,-3.812456206804235
qwen3-4b,semantic,semantic:stateful-procurement_suppliers-assign_quote_supplier-03:decoy-observation,stateful-procurement_suppliers-assign_quote_supplier-03,procurement-certification-vs-quote,procurement_suppliers,decoy_success_minus_failure,explicit_failure,-20.125007424602224,-12.125120852535261,-7.999886572066963
qwen3-4b,semantic,semantic:stateful-procurement_suppliers-assign_quote_supplier-04:decoy-observation,stateful-procurement_suppliers-assign_quote_supplier-04,procurement-certification-vs-quote,procurement_suppliers,decoy_success_minus_failure,explicit_failure,-19.250000901181373,-14.000049180500987,-5.249951720680386
qwen3-4b,semantic,semantic:stateful-procurement_suppliers-set_contract_allowed_price-00:decoy-observation,stateful-procurement_suppliers-set_contract_allowed_price-00,procurement-contract-vs-receipt,procurement_suppliers,decoy_success_minus_failure,explicit_failure,-19.062502956558532,-12.375078314604067,-6.687424641954465
qwen3-4b,semantic,semantic:stateful-procurement_suppliers-set_contract_allowed_price-01:decoy-observation,stateful-procurement_suppliers-set_contract_allowed_price-01,procurement-contract-vs-receipt,procurement_suppliers,decoy_success_minus_failure,explicit_failure,-18.375002346342924,-11.250229042208225,-7.124773304134699
qwen3-4b,semantic,semantic:stateful-procurement_suppliers-set_contract_allowed_price-02:decoy-observation,stateful-procurement_suppliers-set_contract_allowed_price-02,procurement-contract-vs-receipt,procurement_suppliers,decoy_success_minus_failure,explicit_failure,-18.375002190476607,-12.250267603571238,-6.124734586905369
qwen3-4b,semantic,semantic:stateful-procurement_suppliers-set_contract_allowed_price-03:decoy-observation,stateful-procurement_suppliers-set_contract_allowed_price-03,procurement-contract-vs-receipt,procurement_suppliers,decoy_success_minus_failure,explicit_failure,-19.12500786178485,-9.75077583132527,-9.37423203045958
qwen3-4b,semantic,semantic:stateful-procurement_suppliers-set_contract_allowed_price-04:decoy-observation,stateful-procurement_suppliers-set_contract_allowed_price-04,procurement-contract-vs-receipt,procurement_suppliers,decoy_success_minus_failure,explicit_failure,-19.062502270109334,-13.875037952570715,-5.18746431753862
qwen3-4b,semantic,semantic:stateful-procurement_suppliers-set_expedited_delivery_days-00:decoy-observation,stateful-procurement_suppliers-set_expedited_delivery_days-00,procurement-performance-vs-expedite,procurement_suppliers,decoy_success_minus_failure,explicit_failure,-19.31250300321328,-12.000192256210546,-7.3123107470027335
qwen3-4b,semantic,semantic:stateful-procurement_suppliers-set_expedited_delivery_days-01:decoy-observation,stateful-procurement_suppliers-set_expedited_delivery_days-01,procurement-performance-vs-expedite,procurement_suppliers,decoy_success_minus_failure,explicit_failure,-18.937502832473008,-11.500264563980288,-7.43723826849272
qwen3-4b,semantic,semantic:stateful-procurement_suppliers-set_expedited_delivery_days-02:decoy-observation,stateful-procurement_suppliers-set_expedited_delivery_days-02,procurement-performance-vs-expedite,procurement_suppliers,decoy_success_minus_failure,explicit_failure,-17.750004578448518,-12.750258126741812,-4.999746451706706
qwen3-4b,semantic,semantic:stateful-procurement_suppliers-set_expedited_delivery_days-03:decoy-observation,stateful-procurement_suppliers-set_expedited_delivery_days-03,procurement-performance-vs-expedite,procurement_suppliers,decoy_success_minus_failure,explicit_failure,-19.12500314060707,-12.125205679988852,-6.999797460618218
qwen3-4b,semantic,semantic:stateful-procurement_suppliers-set_expedited_delivery_days-04:decoy-observation,stateful-procurement_suppliers-set_expedited_delivery_days-04,procurement-performance-vs-expedite,procurement_suppliers,decoy_success_minus_failure,explicit_failure,-18.937502756765696,-12.125384511012818,-6.8121182457528775
qwen3-4b,semantic,semantic:stateful-procurement_suppliers-set_goods_receipt_quantity-00:decoy-observation,stateful-procurement_suppliers-set_goods_receipt_quantity-00,procurement-contract-vs-receipt,procurement_suppliers,decoy_success_minus_failure,explicit_failure,-18.687502453129127,-11.000081413627456,-7.687421039501672
qwen3-4b,semantic,semantic:stateful-procurement_suppliers-set_goods_receipt_quantity-01:decoy-observation,stateful-procurement_suppliers-set_goods_receipt_quantity-01,procurement-contract-vs-receipt,procurement_suppliers,decoy_success_minus_failure,explicit_failure,-18.25000218218854,-11.250267462763475,-6.999734719425064
qwen3-4b,semantic,semantic:stateful-procurement_suppliers-set_goods_receipt_quantity-02:decoy-observation,stateful-procurement_suppliers-set_goods_receipt_quantity-02,procurement-contract-vs-receipt,procurement_suppliers,decoy_success_minus_failure,explicit_failure,-18.18750158134793,-11.375061299741581,-6.812440281606349
qwen3-4b,semantic,semantic:stateful-procurement_suppliers-set_goods_receipt_quantity-03:decoy-observation,stateful-procurement_suppliers-set_goods_receipt_quantity-03,procurement-contract-vs-receipt,procurement_suppliers,decoy_success_minus_failure,explicit_failure,-18.25000147033949,-10.12534793463076,-8.124653535708731
qwen3-4b,semantic,semantic:stateful-procurement_suppliers-set_goods_receipt_quantity-04:decoy-observation,stateful-procurement_suppliers-set_goods_receipt_quantity-04,procurement-contract-vs-receipt,procurement_suppliers,decoy_success_minus_failure,explicit_failure,-18.62500202249398,-12.250037148849394,-6.374964873644586
qwen3-4b,semantic,semantic:stateful-procurement_suppliers-set_purchase_approval_threshold-00:decoy-observation,stateful-procurement_suppliers-set_purchase_approval_threshold-00,procurement-approval-vs-transit,procurement_suppliers,decoy_success_minus_failure,explicit_failure,-19.25000244332874,-11.500117490425758,-7.749884952902981
qwen3-4b,semantic,semantic:stateful-procurement_suppliers-set_purchase_approval_threshold-01:decoy-observation,stateful-procurement_suppliers-set_purchase_approval_threshold-01,procurement-approval-vs-transit,procurement_suppliers,decoy_success_minus_failure,explicit_failure,-18.37500441370397,-11.500102965794838,-6.8749014479091315
qwen3-4b,semantic,semantic:stateful-procurement_suppliers-set_purchase_approval_threshold-02:decoy-observation,stateful-procurement_suppliers-set_purchase_approval_threshold-02,procurement-approval-vs-transit,procurement_suppliers,decoy_success_minus_failure,explicit_failure,-18.6875020168535,-13.750046502220748,-4.937455514632752
qwen3-4b,semantic,semantic:stateful-procurement_suppliers-set_purchase_approval_threshold-03:decoy-observation,stateful-procurement_suppliers-set_purchase_approval_threshold-03,procurement-approval-vs-transit,procurement_suppliers,decoy_success_minus_failure,explicit_failure,-19.50000318752702,-12.125546706168137,-7.374456481358884
qwen3-4b,semantic,semantic:stateful-procurement_suppliers-set_purchase_approval_threshold-04:decoy-observation,stateful-procurement_suppliers-set_purchase_approval_threshold-04,procurement-approval-vs-transit,procurement_suppliers,decoy_success_minus_failure,explicit_failure,-19.375003092244924,-13.00015431090933,-6.374848781335594
qwen3-4b,semantic,semantic:stateful-procurement_suppliers-set_supplier_certification_level-00:decoy-observation,stateful-procurement_suppliers-set_supplier_certification_level-00,procurement-certification-vs-quote,procurement_suppliers,decoy_success_minus_failure,explicit_failure,-19.12500313813908,-11.500045676010423,-7.6249574621286555
qwen3-4b,semantic,semantic:stateful-procurement_suppliers-set_supplier_certification_level-01:decoy-observation,stateful-procurement_suppliers-set_supplier_certification_level-01,procurement-certification-vs-quote,procurement_suppliers,decoy_success_minus_failure,explicit_failure,-18.625001926309046,-11.00024026373822,-7.624761662570826
qwen3-4b,semantic,semantic:stateful-procurement_suppliers-set_supplier_certification_level-02:decoy-observation,stateful-procurement_suppliers-set_supplier_certification_level-02,procurement-certification-vs-quote,procurement_suppliers,decoy_success_minus_failure,explicit_failure,-18.50000259460073,-13.500110422020576,-4.999892172580154
qwen3-4b,semantic,semantic:stateful-procurement_suppliers-set_supplier_certification_level-03:decoy-observation,stateful-procurement_suppliers-set_supplier_certification_level-03,procurement-certification-vs-quote,procurement_suppliers,decoy_success_minus_failure,explicit_failure,-18.250001438432925,-11.625084657437853,-6.624916780995072
qwen3-4b,semantic,semantic:stateful-procurement_suppliers-set_supplier_certification_level-04:decoy-observation,stateful-procurement_suppliers-set_supplier_certification_level-04,procurement-certification-vs-quote,procurement_suppliers,decoy_success_minus_failure,explicit_failure,-18.62619972239284,-13.87588196121898,-4.750317761173861
qwen3-4b,semantic,semantic:stateful-procurement_suppliers-set_supplier_performance_value-00:decoy-observation,stateful-procurement_suppliers-set_supplier_performance_value-00,procurement-performance-vs-expedite,procurement_suppliers,decoy_success_minus_failure,explicit_failure,-19.000002534963592,-11.000169679237068,-7.999832855726524
qwen3-4b,semantic,semantic:stateful-procurement_suppliers-set_supplier_performance_value-01:decoy-observation,stateful-procurement_suppliers-set_supplier_performance_value-01,procurement-performance-vs-expedite,procurement_suppliers,decoy_success_minus_failure,explicit_failure,-18.125002449627488,-11.500343911192402,-6.624658538435085
qwen3-4b,semantic,semantic:stateful-procurement_suppliers-set_supplier_performance_value-02:decoy-observation,stateful-procurement_suppliers-set_supplier_performance_value-02,procurement-performance-vs-expedite,procurement_suppliers,decoy_success_minus_failure,explicit_failure,-19.062503699480807,-14.250029125346039,-4.812474574134768
qwen3-4b,semantic,semantic:stateful-procurement_suppliers-set_supplier_performance_value-03:decoy-observation,stateful-procurement_suppliers-set_supplier_performance_value-03,procurement-performance-vs-expedite,procurement_suppliers,decoy_success_minus_failure,explicit_failure,-19.562503508735595,-12.000187963481629,-7.562315545253966
qwen3-4b,semantic,semantic:stateful-procurement_suppliers-set_supplier_performance_value-04:decoy-observation,stateful-procurement_suppliers-set_supplier_performance_value-04,procurement-performance-vs-expedite,procurement_suppliers,decoy_success_minus_failure,explicit_failure,-17.437503025522943,-12.500138402737427,-4.937364622785516
qwen3-4b,semantic,semantic:stateful-procurement_suppliers-set_supplier_transit_days-00:decoy-observation,stateful-procurement_suppliers-set_supplier_transit_days-00,procurement-approval-vs-transit,procurement_suppliers,decoy_success_minus_failure,explicit_failure,-18.375000837873415,-11.375020715241746,-6.999980122631669
qwen3-4b,semantic,semantic:stateful-procurement_suppliers-set_supplier_transit_days-01:decoy-observation,stateful-procurement_suppliers-set_supplier_transit_days-01,procurement-approval-vs-transit,procurement_suppliers,decoy_success_minus_failure,explicit_failure,-18.250001419843798,-12.125076288542708,-6.12492513130109
qwen3-4b,semantic,semantic:stateful-procurement_suppliers-set_supplier_transit_days-02:decoy-observation,stateful-procurement_suppliers-set_supplier_transit_days-02,procurement-approval-vs-transit,procurement_suppliers,decoy_success_minus_failure,explicit_failure,-18.250001257549528,-13.125038241079949,-5.124963016469579
qwen3-4b,semantic,semantic:stateful-procurement_suppliers-set_supplier_transit_days-03:decoy-observation,stateful-procurement_suppliers-set_supplier_transit_days-03,procurement-approval-vs-transit,procurement_suppliers,decoy_success_minus_failure,explicit_failure,-18.000000648961816,-11.250068321034867,-6.749932327926949
qwen3-4b,semantic,semantic:stateful-procurement_suppliers-set_supplier_transit_days-04:decoy-observation,stateful-procurement_suppliers-set_supplier_transit_days-04,procurement-approval-vs-transit,procurement_suppliers,decoy_success_minus_failure,explicit_failure,-17.750001611108374,-12.875018211398931,-4.874983399709443
qwen3-4b,semantic,semantic:stateful-workforce_access-set_access_minimum_clearance-00:decoy-observation,stateful-workforce_access-set_access_minimum_clearance-00,workforce-access-vs-role,workforce_access,decoy_success_minus_failure,explicit_failure,-19.687503928933054,-13.875016636334962,-5.812487292598092
qwen3-4b,semantic,semantic:stateful-workforce_access-set_access_minimum_clearance-01:decoy-observation,stateful-workforce_access-set_access_minimum_clearance-01,workforce-access-vs-role,workforce_access,decoy_success_minus_failure,explicit_failure,-18.625004259061107,-14.750008793320902,-3.8749954657402057
qwen3-4b,semantic,semantic:stateful-workforce_access-set_access_minimum_clearance-02:decoy-observation,stateful-workforce_access-set_access_minimum_clearance-02,workforce-access-vs-role,workforce_access,decoy_success_minus_failure,explicit_failure,-18.812503273619647,-14.75001254707984,-4.0624907265398065
qwen3-4b,semantic,semantic:stateful-workforce_access-set_access_minimum_clearance-03:decoy-observation,stateful-workforce_access-set_access_minimum_clearance-03,workforce-access-vs-role,workforce_access,decoy_success_minus_failure,explicit_failure,-20.250002027245408,-13.500029499194468,-6.7499725280509395
qwen3-4b,semantic,semantic:stateful-workforce_access-set_access_minimum_clearance-04:decoy-observation,stateful-workforce_access-set_access_minimum_clearance-04,workforce-access-vs-role,workforce_access,decoy_success_minus_failure,explicit_failure,-19.25080774105289,-16.62501822894393,-2.625789512108959
qwen3-4b,semantic,semantic:stateful-workforce_access-set_badge_validity_days-00:decoy-observation,stateful-workforce_access-set_badge_validity_days-00,workforce-oncall-vs-badge,workforce_access,decoy_success_minus_failure,explicit_failure,-18.5000016982318,-13.875161810089637,-4.624839888142162
qwen3-4b,semantic,semantic:stateful-workforce_access-set_badge_validity_days-01:decoy-observation,stateful-workforce_access-set_badge_validity_days-01,workforce-oncall-vs-badge,workforce_access,decoy_success_minus_failure,explicit_failure,-18.50000153402788,-13.625289743741483,-4.874711790286398
qwen3-4b,semantic,semantic:stateful-workforce_access-set_badge_validity_days-02:decoy-observation,stateful-workforce_access-set_badge_validity_days-02,workforce-oncall-vs-badge,workforce_access,decoy_success_minus_failure,explicit_failure,-17.00000479285481,-13.500385505046587,-3.4996192878082226
qwen3-4b,semantic,semantic:stateful-workforce_access-set_badge_validity_days-03:decoy-observation,stateful-workforce_access-set_badge_validity_days-03,workforce-oncall-vs-badge,workforce_access,decoy_success_minus_failure,explicit_failure,-17.750002577352923,-13.250206506508981,-4.499796070843942
qwen3-4b,semantic,semantic:stateful-workforce_access-set_badge_validity_days-04:decoy-observation,stateful-workforce_access-set_badge_validity_days-04,workforce-oncall-vs-badge,workforce_access,decoy_success_minus_failure,explicit_failure,-18.00000135476335,-13.000138880750036,-4.999862474013312
qwen3-4b,semantic,semantic:stateful-workforce_access-set_delegation_allowed_actions-00:decoy-observation,stateful-workforce_access-set_delegation_allowed_actions-00,workforce-overtime-vs-delegation,workforce_access,decoy_success_minus_failure,explicit_failure,-18.500003116070943,-13.25004946998579,-5.249953646085153
qwen3-4b,semantic,semantic:stateful-workforce_access-set_delegation_allowed_actions-01:decoy-observation,stateful-workforce_access-set_delegation_allowed_actions-01,workforce-overtime-vs-delegation,workforce_access,decoy_success_minus_failure,explicit_failure,-18.37500201227364,-12.750063982619203,-5.624938029654437
qwen3-4b,semantic,semantic:stateful-workforce_access-set_delegation_allowed_actions-02:decoy-observation,stateful-workforce_access-set_delegation_allowed_actions-02,workforce-overtime-vs-delegation,workforce_access,decoy_success_minus_failure,explicit_failure,-17.501561188401787,-14.00309478711521,-3.498466401286578
qwen3-4b,semantic,semantic:stateful-workforce_access-set_delegation_allowed_actions-03:decoy-observation,stateful-workforce_access-set_delegation_allowed_actions-03,workforce-overtime-vs-delegation,workforce_access,decoy_success_minus_failure,explicit_failure,-17.625003421049563,-12.375055161867614,-5.249948259181949
qwen3-4b,semantic,semantic:stateful-workforce_access-set_delegation_allowed_actions-04:decoy-observation,stateful-workforce_access-set_delegation_allowed_actions-04,workforce-overtime-vs-delegation,workforce_access,decoy_success_minus_failure,explicit_failure,-18.250000952423434,-12.750092336394388,-5.499908616029046
qwen3-4b,semantic,semantic:stateful-workforce_access-set_leave_ledger_units-00:decoy-observation,stateful-workforce_access-set_leave_ledger_units-00,workforce-shift-vs-leave,workforce_access,decoy_success_minus_failure,explicit_failure,-18.62500096513218,-11.75006629339233,-6.874934671739851
qwen3-4b,semantic,semantic:stateful-workforce_access-set_leave_ledger_units-01:decoy-observation,stateful-workforce_access-set_leave_ledger_units-01,workforce-shift-vs-leave,workforce_access,decoy_success_minus_failure,explicit_failure,-19.875001232536512,-11.37505869943724,-8.499942533099272
qwen3-4b,semantic,semantic:stateful-workforce_access-set_leave_ledger_units-02:decoy-observation,stateful-workforce_access-set_leave_ledger_units-02,workforce-shift-vs-leave,workforce_access,decoy_success_minus_failure,explicit_failure,-17.625001210565188,-12.500081673496112,-5.124919537069076
qwen3-4b,semantic,semantic:stateful-workforce_access-set_leave_ledger_units-03:decoy-observation,stateful-workforce_access-set_leave_ledger_units-03,workforce-shift-vs-leave,workforce_access,decoy_success_minus_failure,explicit_failure,-16.125003612680644,-10.37553479360821,-5.749468819072433
qwen3-4b,semantic,semantic:stateful-workforce_access-set_leave_ledger_units-04:decoy-observation,stateful-workforce_access-set_leave_ledger_units-04,workforce-shift-vs-leave,workforce_access,decoy_success_minus_failure,explicit_failure,-18.50000194411666,-11.250142702854099,-7.249859241262563
qwen3-4b,semantic,semantic:stateful-workforce_access-set_oncall_capacity-00:decoy-observation,stateful-workforce_access-set_oncall_capacity-00,workforce-oncall-vs-badge,workforce_access,decoy_success_minus_failure,explicit_failure,-18.75000304993285,-13.375229761021778,-5.374773288911072
qwen3-4b,semantic,semantic:stateful-workforce_access-set_oncall_capacity-01:decoy-observation,stateful-workforce_access-set_oncall_capacity-01,workforce-oncall-vs-badge,workforce_access,decoy_success_minus_failure,explicit_failure,-19.375002599877448,-12.25015621037955,-7.124846389497897
qwen3-4b,semantic,semantic:stateful-workforce_access-set_oncall_capacity-02:decoy-observation,stateful-workforce_access-set_oncall_capacity-02,workforce-oncall-vs-badge,workforce_access,decoy_success_minus_failure,explicit_failure,-18.500001508776762,-13.375206677197326,-5.124794831579436
qwen3-4b,semantic,semantic:stateful-workforce_access-set_oncall_capacity-03:decoy-observation,stateful-workforce_access-set_oncall_capacity-03,workforce-oncall-vs-badge,workforce_access,decoy_success_minus_failure,explicit_failure,-19.37501271299297,-11.875052306739988,-7.499960406252981
qwen3-4b,semantic,semantic:stateful-workforce_access-set_oncall_capacity-04:decoy-observation,stateful-workforce_access-set_oncall_capacity-04,workforce-oncall-vs-badge,workforce_access,decoy_success_minus_failure,explicit_failure,-19.375002543322303,-13.750094205622169,-5.624908337700134
qwen3-4b,semantic,semantic:stateful-workforce_access-set_overtime_approval_threshold-00:decoy-observation,stateful-workforce_access-set_overtime_approval_threshold-00,workforce-overtime-vs-delegation,workforce_access,decoy_success_minus_failure,explicit_failure,-18.687504863652485,-14.875012775346612,-3.8124920883058735
qwen3-4b,semantic,semantic:stateful-workforce_access-set_overtime_approval_threshold-01:decoy-observation,stateful-workforce_access-set_overtime_approval_threshold-01,workforce-overtime-vs-delegation,workforce_access,decoy_success_minus_failure,explicit_failure,-18.12465760636499,-14.375211022308946,-3.749446584056045
qwen3-4b,semantic,semantic:stateful-workforce_access-set_overtime_approval_threshold-02:decoy-observation,stateful-workforce_access-set_overtime_approval_threshold-02,workforce-overtime-vs-delegation,workforce_access,decoy_success_minus_failure,explicit_failure,-18.375086371607054,-14.00012168654741,-4.374964685059645
qwen3-4b,semantic,semantic:stateful-workforce_access-set_overtime_approval_threshold-03:decoy-observation,stateful-workforce_access-set_overtime_approval_threshold-03,workforce-overtime-vs-delegation,workforce_access,decoy_success_minus_failure,explicit_failure,-18.25003479313576,-13.375216898002662,-4.8748178951330985
qwen3-4b,semantic,semantic:stateful-workforce_access-set_overtime_approval_threshold-04:decoy-observation,stateful-workforce_access-set_overtime_approval_threshold-04,workforce-overtime-vs-delegation,workforce_access,decoy_success_minus_failure,explicit_failure,-20.288049673394084,-12.500118226223712,-7.787931447170372
qwen3-4b,semantic,semantic:stateful-workforce_access-set_role_assignment_priority-00:decoy-observation,stateful-workforce_access-set_role_assignment_priority-00,workforce-access-vs-role,workforce_access,decoy_success_minus_failure,explicit_failure,-19.37500357166938,-15.500032396647093,-3.8749711750222886
qwen3-4b,semantic,semantic:stateful-workforce_access-set_role_assignment_priority-01:decoy-observation,stateful-workforce_access-set_role_assignment_priority-01,workforce-access-vs-role,workforce_access,decoy_success_minus_failure,explicit_failure,-18.87500254995087,-14.750010490018994,-4.124992059931877
qwen3-4b,semantic,semantic:stateful-workforce_access-set_role_assignment_priority-02:decoy-observation,stateful-workforce_access-set_role_assignment_priority-02,workforce-access-vs-role,workforce_access,decoy_success_minus_failure,explicit_failure,-19.3125013639846,-15.875021343686178,-3.4374800202984233
qwen3-4b,semantic,semantic:stateful-workforce_access-set_role_assignment_priority-03:decoy-observation,stateful-workforce_access-set_role_assignment_priority-03,workforce-access-vs-role,workforce_access,decoy_success_minus_failure,explicit_failure,-20.25000329358545,-13.375059353170002,-6.874943940415449
qwen3-4b,semantic,semantic:stateful-workforce_access-set_role_assignment_priority-04:decoy-observation,stateful-workforce_access-set_role_assignment_priority-04,workforce-access-vs-role,workforce_access,decoy_success_minus_failure,explicit_failure,-19.125104024588396,-14.875017782363045,-4.2500862422253505
qwen3-4b,semantic,semantic:stateful-workforce_access-set_shift_minimum_rest_hours-00:decoy-observation,stateful-workforce_access-set_shift_minimum_rest_hours-00,workforce-shift-vs-leave,workforce_access,decoy_success_minus_failure,explicit_failure,-18.06250192697886,-12.250029917145852,-5.812472009833009
qwen3-4b,semantic,semantic:stateful-workforce_access-set_shift_minimum_rest_hours-01:decoy-observation,stateful-workforce_access-set_shift_minimum_rest_hours-01,workforce-shift-vs-leave,workforce_access,decoy_success_minus_failure,explicit_failure,-19.62500324674636,-12.750033965395225,-6.8749692813511345
qwen3-4b,semantic,semantic:stateful-workforce_access-set_shift_minimum_rest_hours-02:decoy-observation,stateful-workforce_access-set_shift_minimum_rest_hours-02,workforce-shift-vs-leave,workforce_access,decoy_success_minus_failure,explicit_failure,-19.06250210247252,-12.875084988918665,-6.187417113553856
qwen3-4b,semantic,semantic:stateful-workforce_access-set_shift_minimum_rest_hours-03:decoy-observation,stateful-workforce_access-set_shift_minimum_rest_hours-03,workforce-shift-vs-leave,workforce_access,decoy_success_minus_failure,explicit_failure,-18.750004546470457,-12.7500851876027,-5.999919358867757
qwen3-4b,semantic,semantic:stateful-workforce_access-set_shift_minimum_rest_hours-04:decoy-observation,stateful-workforce_access-set_shift_minimum_rest_hours-04,workforce-shift-vs-leave,workforce_access,decoy_success_minus_failure,explicit_failure,-18.749993933065333,-14.000010900598753,-4.749983032466581
qwen3-4b,structural,structural:compliance_audit-audit_sample-00:sub-operations-first-only:after_first_success,compliance_audit-audit_sample-00,resolve_audit_sample,compliance_audit,sub-operations-first-only,budget_exhausted,-37.97415191077923,-19.141785155696212,18.832366755083015
qwen3-4b,structural,structural:compliance_audit-audit_sample-00:sub-operations-no-first:pre_action,compliance_audit-audit_sample-00,resolve_audit_sample,compliance_audit,sub-operations-no-first,budget_exhausted,-22.335167414731472,-18.627849864944693,3.7073175497867794
qwen3-4b,structural,structural:compliance_audit-audit_sample-00:sub-operations-no-gold:pre_action,compliance_audit-audit_sample-00,resolve_audit_sample,compliance_audit,sub-operations-no-gold,unavailable,-22.335167414731472,-18.883434390768514,3.4517330239629587
qwen3-4b,structural,structural:compliance_audit-audit_sample-00:sub-operations-no-last:after_penultimate_success,compliance_audit-audit_sample-00,resolve_audit_sample,compliance_audit,sub-operations-no-last,budget_exhausted,-41.973684062124335,-22.57622771246212,19.397456349662214
qwen3-4b,structural,structural:compliance_audit-audit_sample-02:sub-operations-first-only:after_first_success,compliance_audit-audit_sample-02,resolve_audit_sample,compliance_audit,sub-operations-first-only,budget_exhausted,-38.47365413685866,-19.093804764502963,19.3798493723557
qwen3-4b,structural,structural:compliance_audit-audit_sample-02:sub-operations-no-first:pre_action,compliance_audit-audit_sample-02,resolve_audit_sample,compliance_audit,sub-operations-no-first,budget_exhausted,-21.992602100369048,-20.595254922063376,1.3973471783056723
qwen3-4b,structural,structural:compliance_audit-audit_sample-02:sub-operations-no-gold:pre_action,compliance_audit-audit_sample-02,resolve_audit_sample,compliance_audit,sub-operations-no-gold,unavailable,-21.992602100369048,-16.853135983832672,5.139466116536376
qwen3-4b,structural,structural:compliance_audit-audit_sample-02:sub-operations-no-last:after_penultimate_success,compliance_audit-audit_sample-02,resolve_audit_sample,compliance_audit,sub-operations-no-last,budget_exhausted,-42.473680378018194,-27.5698383015596,14.903842076458595
qwen3-4b,structural,structural:compliance_audit-audit_sample-03:sub-operations-first-only:after_first_success,compliance_audit-audit_sample-03,resolve_audit_sample,compliance_audit,sub-operations-first-only,budget_exhausted,-30.163041679084756,-18.939777319891753,11.223264359193003
qwen3-4b,structural,structural:compliance_audit-audit_sample-03:sub-operations-no-first:pre_action,compliance_audit-audit_sample-03,resolve_audit_sample,compliance_audit,sub-operations-no-first,unavailable,-25.16382804651588,-20.424597593739612,4.739230452776269
qwen3-4b,structural,structural:compliance_audit-audit_sample-03:sub-operations-no-gold:pre_action,compliance_audit-audit_sample-03,resolve_audit_sample,compliance_audit,sub-operations-no-gold,budget_exhausted,-25.16382804651588,-21.53849318991162,3.625334856604262
qwen3-4b,structural,structural:compliance_audit-audit_sample-03:sub-operations-no-last:after_penultimate_success,compliance_audit-audit_sample-03,resolve_audit_sample,compliance_audit,sub-operations-no-last,budget_exhausted,-40.84873146102318,-22.49810788866086,18.350623572362316
qwen3-4b,structural,structural:compliance_audit-audit_sample-04:sub-operations-first-only:after_first_success,compliance_audit-audit_sample-04,resolve_audit_sample,compliance_audit,sub-operations-first-only,budget_exhausted,-39.47732476763218,-27.774236993193625,11.703087774438558
qwen3-4b,structural,structural:compliance_audit-audit_sample-04:sub-operations-no-first:pre_action,compliance_audit-audit_sample-04,resolve_audit_sample,compliance_audit,sub-operations-no-first,budget_exhausted,-20.876811981201172,-17.447471457116755,3.4293405240844166
qwen3-4b,structural,structural:compliance_audit-audit_sample-04:sub-operations-no-gold:pre_action,compliance_audit-audit_sample-04,resolve_audit_sample,compliance_audit,sub-operations-no-gold,unavailable,-20.876811981201172,-20.124118205989895,0.7526937752112772
qwen3-4b,structural,structural:compliance_audit-audit_sample-04:sub-operations-no-last:after_penultimate_success,compliance_audit-audit_sample-04,resolve_audit_sample,compliance_audit,sub-operations-no-last,budget_exhausted,-41.724370359085036,-39.248505540818485,2.475864818266551
qwen3-4b,structural,structural:compliance_audit-evidence_completeness-00:sub-operations-first-only:after_first_success,compliance_audit-evidence_completeness-00,resolve_evidence_completeness,compliance_audit,sub-operations-first-only,unavailable,-30.08463115613899,-33.542320874735374,-3.4576897185963844
qwen3-4b,structural,structural:compliance_audit-evidence_completeness-00:sub-operations-no-first:pre_action,compliance_audit-evidence_completeness-00,resolve_evidence_completeness,compliance_audit,sub-operations-no-first,budget_exhausted,-19.047321481244452,-17.01661012785432,2.0307113533901315
qwen3-4b,structural,structural:compliance_audit-evidence_completeness-00:sub-operations-no-gold:pre_action,compliance_audit-evidence_completeness-00,resolve_evidence_completeness,compliance_audit,sub-operations-no-gold,unavailable,-19.047321481244452,-21.381601422027984,-2.3342799407835315
qwen3-4b,structural,structural:compliance_audit-evidence_completeness-00:sub-operations-no-last:after_penultimate_success,compliance_audit-evidence_completeness-00,resolve_evidence_completeness,compliance_audit,sub-operations-no-last,budget_exhausted,-45.97363079592259,-20.25125110269142,25.72237969323117
qwen3-4b,structural,structural:compliance_audit-evidence_completeness-01:sub-operations-first-only:after_first_success,compliance_audit-evidence_completeness-01,resolve_evidence_completeness,compliance_audit,sub-operations-first-only,budget_exhausted,-36.22839052735216,-45.144518267113156,-8.916127739760995
qwen3-4b,structural,structural:compliance_audit-evidence_completeness-01:sub-operations-no-first:pre_action,compliance_audit-evidence_completeness-01,resolve_evidence_completeness,compliance_audit,sub-operations-no-first,unavailable,-24.581515843325995,-22.84708489557743,1.7344309477485638
qwen3-4b,structural,structural:compliance_audit-evidence_completeness-01:sub-operations-no-gold:pre_action,compliance_audit-evidence_completeness-01,resolve_evidence_completeness,compliance_audit,sub-operations-no-gold,unavailable,-24.581515843325995,-18.979149274097537,5.602366569228458
qwen3-4b,structural,structural:compliance_audit-evidence_completeness-01:sub-operations-no-last:after_penultimate_success,compliance_audit-evidence_completeness-01,resolve_evidence_completeness,compliance_audit,sub-operations-no-last,budget_exhausted,-47.16094838083929,-22.73488185327073,24.42606652756856
qwen3-4b,structural,structural:compliance_audit-evidence_completeness-04:sub-operations-first-only:after_first_success,compliance_audit-evidence_completeness-04,resolve_evidence_completeness,compliance_audit,sub-operations-first-only,budget_exhausted,-34.03718519634255,-27.749525540717073,6.287659655625475
qwen3-4b,structural,structural:compliance_audit-evidence_completeness-04:sub-operations-no-first:pre_action,compliance_audit-evidence_completeness-04,resolve_evidence_completeness,compliance_audit,sub-operations-no-first,budget_exhausted,-20.42946664372331,-19.41269893288915,1.0167677108341593
qwen3-4b,structural,structural:compliance_audit-evidence_completeness-04:sub-operations-no-gold:pre_action,compliance_audit-evidence_completeness-04,resolve_evidence_completeness,compliance_audit,sub-operations-no-gold,unavailable,-20.42946664372331,-25.114838662429023,-4.6853720187057135
qwen3-4b,structural,structural:compliance_audit-evidence_completeness-04:sub-operations-no-last:after_penultimate_success,compliance_audit-evidence_completeness-04,resolve_evidence_completeness,compliance_audit,sub-operations-no-last,budget_exhausted,-46.66072312368741,-20.988779489083207,25.671943634604204
qwen3-4b,structural,structural:compliance_audit-exception_expiry-01:sub-operations-first-only:after_first_success,compliance_audit-exception_expiry-01,resolve_exception_expiry,compliance_audit,sub-operations-first-only,budget_exhausted,-36.34834825460807,-36.34645278278104,0.0018954718270265403
qwen3-4b,structural,structural:compliance_audit-exception_expiry-01:sub-operations-no-first:pre_action,compliance_audit-exception_expiry-01,resolve_exception_expiry,compliance_audit,sub-operations-no-first,budget_exhausted,-24.955425379492155,-16.949127340738855,8.0062980387533
qwen3-4b,structural,structural:compliance_audit-exception_expiry-01:sub-operations-no-gold:pre_action,compliance_audit-exception_expiry-01,resolve_exception_expiry,compliance_audit,sub-operations-no-gold,unavailable,-24.955425379492155,-17.588225311861486,7.3672000676306695
qwen3-4b,structural,structural:compliance_audit-exception_expiry-01:sub-operations-no-last:after_penultimate_success,compliance_audit-exception_expiry-01,resolve_exception_expiry,compliance_audit,sub-operations-no-last,budget_exhausted,-39.222908639010676,-18.812532798279598,20.410375840731078
qwen3-4b,structural,structural:compliance_audit-exception_expiry-02:sub-operations-first-only:after_first_success,compliance_audit-exception_expiry-02,resolve_exception_expiry,compliance_audit,sub-operations-first-only,budget_exhausted,-27.100427332079974,-18.99791140379918,8.102515928280795
qwen3-4b,structural,structural:compliance_audit-exception_expiry-02:sub-operations-no-first:pre_action,compliance_audit-exception_expiry-02,resolve_exception_expiry,compliance_audit,sub-operations-no-first,unavailable,-18.524548346185036,-17.94767315744828,0.5768751887367571
qwen3-4b,structural,structural:compliance_audit-exception_expiry-02:sub-operations-no-gold:pre_action,compliance_audit-exception_expiry-02,resolve_exception_expiry,compliance_audit,sub-operations-no-gold,budget_exhausted,-18.524548346185036,-17.811580280885416,0.71296806529962
qwen3-4b,structural,structural:compliance_audit-exception_expiry-02:sub-operations-no-last:after_penultimate_success,compliance_audit-exception_expiry-02,resolve_exception_expiry,compliance_audit,sub-operations-no-last,budget_exhausted,-25.597307789446987,-18.812501865441043,6.784805924005944
qwen3-4b,structural,structural:compliance_audit-exception_expiry-03:sub-operations-first-only:after_first_success,compliance_audit-exception_expiry-03,resolve_exception_expiry,compliance_audit,sub-operations-first-only,budget_exhausted,-33.59846848099473,-19.81953346521849,13.778935015776241
qwen3-4b,structural,structural:compliance_audit-exception_expiry-03:sub-operations-no-first:pre_action,compliance_audit-exception_expiry-03,resolve_exception_expiry,compliance_audit,sub-operations-no-first,unavailable,-20.30446732377434,-19.671568992194103,0.6328983315802361
qwen3-4b,structural,structural:compliance_audit-exception_expiry-03:sub-operations-no-gold:pre_action,compliance_audit-exception_expiry-03,resolve_exception_expiry,compliance_audit,sub-operations-no-gold,unavailable,-20.30446732377434,-17.18512885164089,3.1193384721334496
qwen3-4b,structural,structural:compliance_audit-exception_expiry-03:sub-operations-no-last:after_penultimate_success,compliance_audit-exception_expiry-03,resolve_exception_expiry,compliance_audit,sub-operations-no-last,budget_exhausted,-18.19419718543663,-18.625001539787057,-0.4308043543504283
qwen3-4b,structural,structural:compliance_audit-exception_expiry-04:sub-operations-first-only:after_first_success,compliance_audit-exception_expiry-04,resolve_exception_expiry,compliance_audit,sub-operations-first-only,budget_exhausted,-30.11543755011199,-17.888380462812634,12.227057087299357
qwen3-4b,structural,structural:compliance_audit-exception_expiry-04:sub-operations-no-first:pre_action,compliance_audit-exception_expiry-04,resolve_exception_expiry,compliance_audit,sub-operations-no-first,unavailable,-20.75942497256144,-19.603919584995033,1.1555053875664072
qwen3-4b,structural,structural:compliance_audit-exception_expiry-04:sub-operations-no-gold:pre_action,compliance_audit-exception_expiry-04,resolve_exception_expiry,compliance_audit,sub-operations-no-gold,budget_exhausted,-20.75942497256144,-20.18213570421112,0.5772892683503201
qwen3-4b,structural,structural:compliance_audit-exception_expiry-04:sub-operations-no-last:after_penultimate_success,compliance_audit-exception_expiry-04,resolve_exception_expiry,compliance_audit,sub-operations-no-last,budget_exhausted,-34.59755451014415,-17.878624297419528,16.718930212724622
qwen3-4b,structural,structural:compliance_audit-filing_readiness-00:sub-operations-first-only:after_first_success,compliance_audit-filing_readiness-00,resolve_filing_readiness,compliance_audit,sub-operations-first-only,budget_exhausted,-28.851588069988267,-18.81251294766726,10.039075122321009
qwen3-4b,structural,structural:compliance_audit-filing_readiness-00:sub-operations-no-first:pre_action,compliance_audit-filing_readiness-00,resolve_filing_readiness,compliance_audit,sub-operations-no-first,budget_exhausted,-18.35552786892366,-17.922609395361633,0.43291847356202595
qwen3-4b,structural,structural:compliance_audit-filing_readiness-00:sub-operations-no-gold:pre_action,compliance_audit-filing_readiness-00,resolve_filing_readiness,compliance_audit,sub-operations-no-gold,unavailable,-18.35552786892366,-13.710559234308121,4.644968634615537
qwen3-4b,structural,structural:compliance_audit-filing_readiness-00:sub-operations-no-last:after_penultimate_success,compliance_audit-filing_readiness-00,resolve_filing_readiness,compliance_audit,sub-operations-no-last,budget_exhausted,-41.22369843260993,-21.83844670902235,19.38525172358758
qwen3-4b,structural,structural:compliance_audit-filing_readiness-01:sub-operations-first-only:after_first_success,compliance_audit-filing_readiness-01,resolve_filing_readiness,compliance_audit,sub-operations-first-only,budget_exhausted,-31.59870320546746,-20.000001164035353,11.598702041432105
qwen3-4b,structural,structural:compliance_audit-filing_readiness-01:sub-operations-no-first:pre_action,compliance_audit-filing_readiness-01,resolve_filing_readiness,compliance_audit,sub-operations-no-first,unavailable,-21.45015359754393,-17.561608584234143,3.8885450133097876
qwen3-4b,structural,structural:compliance_audit-filing_readiness-01:sub-operations-no-gold:pre_action,compliance_audit-filing_readiness-01,resolve_filing_readiness,compliance_audit,sub-operations-no-gold,budget_exhausted,-21.45015359754393,-13.331892173990987,8.118261423552944
qwen3-4b,structural,structural:compliance_audit-filing_readiness-01:sub-operations-no-last:after_penultimate_success,compliance_audit-filing_readiness-01,resolve_filing_readiness,compliance_audit,sub-operations-no-last,budget_exhausted,-36.41120804062367,-20.687549682154845,15.723658358468825
qwen3-4b,structural,structural:compliance_audit-filing_readiness-03:sub-operations-first-only:after_first_success,compliance_audit-filing_readiness-03,resolve_filing_readiness,compliance_audit,sub-operations-first-only,budget_exhausted,-27.72375030204787,-18.87501144589386,8.848738856154007
qwen3-4b,structural,structural:compliance_audit-filing_readiness-03:sub-operations-no-first:pre_action,compliance_audit-filing_readiness-03,resolve_filing_readiness,compliance_audit,sub-operations-no-first,budget_exhausted,-22.9835941397613,-23.416606883009102,-0.4330127432478008
qwen3-4b,structural,structural:compliance_audit-filing_readiness-03:sub-operations-no-gold:pre_action,compliance_audit-filing_readiness-03,resolve_filing_readiness,compliance_audit,sub-operations-no-gold,unavailable,-22.9835941397613,-18.724829749394416,4.258764390366885
qwen3-4b,structural,structural:compliance_audit-filing_readiness-03:sub-operations-no-last:after_penultimate_success,compliance_audit-filing_readiness-03,resolve_filing_readiness,compliance_audit,sub-operations-no-last,budget_exhausted,-39.161226923163305,-21.322502621051036,17.83872430211227
qwen3-4b,structural,structural:compliance_audit-filing_readiness-04:sub-operations-first-only:after_first_success,compliance_audit-filing_readiness-04,resolve_filing_readiness,compliance_audit,sub-operations-first-only,budget_exhausted,-30.72376592976878,-19.437619618084724,11.286146311684057
qwen3-4b,structural,structural:compliance_audit-filing_readiness-04:sub-operations-no-first:pre_action,compliance_audit-filing_readiness-04,resolve_filing_readiness,compliance_audit,sub-operations-no-first,budget_exhausted,-22.31160840889128,-18.91583107101092,3.395777337880361
qwen3-4b,structural,structural:compliance_audit-filing_readiness-04:sub-operations-no-gold:pre_action,compliance_audit-filing_readiness-04,resolve_filing_readiness,compliance_audit,sub-operations-no-gold,unavailable,-22.31160840889128,-18.065715932082213,4.245892476809068
qwen3-4b,structural,structural:compliance_audit-filing_readiness-04:sub-operations-no-last:after_penultimate_success,compliance_audit-filing_readiness-04,resolve_filing_readiness,compliance_audit,sub-operations-no-last,budget_exhausted,-41.34870589163914,-21.05754501355071,20.291160878088434
qwen3-4b,structural,structural:compliance_audit-policy_applicability-00:sub-operations-first-only:after_first_success,compliance_audit-policy_applicability-00,resolve_policy_applicability,compliance_audit,sub-operations-first-only,budget_exhausted,-29.473751019222135,-18.689783421043025,10.78396759817911
qwen3-4b,structural,structural:compliance_audit-policy_applicability-00:sub-operations-no-first:pre_action,compliance_audit-policy_applicability-00,resolve_policy_applicability,compliance_audit,sub-operations-no-first,budget_exhausted,-17.40903090007798,-13.654845413450637,3.7541854866273425
qwen3-4b,structural,structural:compliance_audit-policy_applicability-00:sub-operations-no-gold:pre_action,compliance_audit-policy_applicability-00,resolve_policy_applicability,compliance_audit,sub-operations-no-gold,unavailable,-17.40903090007798,-10.030658764194605,7.3783721358833745
qwen3-4b,structural,structural:compliance_audit-policy_applicability-00:sub-operations-no-last:after_penultimate_success,compliance_audit-policy_applicability-00,resolve_policy_applicability,compliance_audit,sub-operations-no-last,budget_exhausted,-33.47372770057137,-20.56270662396652,12.911021076604847
qwen3-4b,structural,structural:compliance_audit-policy_applicability-02:sub-operations-first-only:after_first_success,compliance_audit-policy_applicability-02,resolve_policy_applicability,compliance_audit,sub-operations-first-only,budget_exhausted,-34.10547217882618,-24.73283832942016,9.372633849406022
qwen3-4b,structural,structural:compliance_audit-policy_applicability-02:sub-operations-no-first:pre_action,compliance_audit-policy_applicability-02,resolve_policy_applicability,compliance_audit,sub-operations-no-first,unavailable,-18.90130834460019,-15.918465190686248,2.98284315391394
qwen3-4b,structural,structural:compliance_audit-policy_applicability-02:sub-operations-no-gold:pre_action,compliance_audit-policy_applicability-02,resolve_policy_applicability,compliance_audit,sub-operations-no-gold,unavailable,-18.90130834460019,-12.843633487703421,6.057674856896767
qwen3-4b,structural,structural:compliance_audit-policy_applicability-02:sub-operations-no-last:after_penultimate_success,compliance_audit-policy_applicability-02,resolve_policy_applicability,compliance_audit,sub-operations-no-last,budget_exhausted,-33.911357088040546,-21.187628168640394,12.723728919400152
qwen3-4b,structural,structural:compliance_audit-policy_applicability-03:sub-operations-first-only:after_first_success,compliance_audit-policy_applicability-03,resolve_policy_applicability,compliance_audit,sub-operations-first-only,budget_exhausted,-34.98872302235398,-20.191757422054927,14.796965600299053
qwen3-4b,structural,structural:compliance_audit-policy_applicability-03:sub-operations-no-first:pre_action,compliance_audit-policy_applicability-03,resolve_policy_applicability,compliance_audit,sub-operations-no-first,budget_exhausted,-22.927483417475756,-14.898984387721988,8.028499029753768
qwen3-4b,structural,structural:compliance_audit-policy_applicability-03:sub-operations-no-gold:pre_action,compliance_audit-policy_applicability-03,resolve_policy_applicability,compliance_audit,sub-operations-no-gold,unavailable,-22.927483417475756,-14.254071990015746,8.67341142746001
qwen3-4b,structural,structural:compliance_audit-policy_applicability-03:sub-operations-no-last:after_penultimate_success,compliance_audit-policy_applicability-03,resolve_policy_applicability,compliance_audit,sub-operations-no-last,budget_exhausted,-25.608822247398777,-21.750041826287145,3.858780421111632
qwen3-4b,structural,structural:compliance_audit-remediation_owner-00:sub-operations-first-only:after_first_success,compliance_audit-remediation_owner-00,resolve_remediation_owner,compliance_audit,sub-operations-first-only,unavailable,-30.973704158349342,-19.127012245655727,11.846691912693615
qwen3-4b,structural,structural:compliance_audit-remediation_owner-00:sub-operations-no-first:pre_action,compliance_audit-remediation_owner-00,resolve_remediation_owner,compliance_audit,sub-operations-no-first,budget_exhausted,-18.67856951932103,-15.415944287705642,3.262625231615388
qwen3-4b,structural,structural:compliance_audit-remediation_owner-00:sub-operations-no-gold:pre_action,compliance_audit-remediation_owner-00,resolve_remediation_owner,compliance_audit,sub-operations-no-gold,unavailable,-18.67856951932103,-17.369383752730663,1.3091857665903675
qwen3-4b,structural,structural:compliance_audit-remediation_owner-00:sub-operations-no-last:after_penultimate_success,compliance_audit-remediation_owner-00,resolve_remediation_owner,compliance_audit,sub-operations-no-last,budget_exhausted,-35.22371919806972,-20.023246013803963,15.20047318426576
qwen3-4b,structural,structural:compliance_audit-remediation_owner-02:sub-operations-first-only:after_first_success,compliance_audit-remediation_owner-02,resolve_remediation_owner,compliance_audit,sub-operations-first-only,unavailable,-26.598657610168736,-20.370338950481795,6.228318659686941
qwen3-4b,structural,structural:compliance_audit-remediation_owner-02:sub-operations-no-first:pre_action,compliance_audit-remediation_owner-02,resolve_remediation_owner,compliance_audit,sub-operations-no-first,budget_exhausted,-23.03993216125319,-16.348712333356268,6.691219827896923
qwen3-4b,structural,structural:compliance_audit-remediation_owner-02:sub-operations-no-gold:pre_action,compliance_audit-remediation_owner-02,resolve_remediation_owner,compliance_audit,sub-operations-no-gold,unavailable,-23.03993216125319,-16.577857575189164,6.462074586064027
qwen3-4b,structural,structural:compliance_audit-remediation_owner-02:sub-operations-no-last:after_penultimate_success,compliance_audit-remediation_owner-02,resolve_remediation_owner,compliance_audit,sub-operations-no-last,budget_exhausted,-26.912263146702102,-21.750012746483016,5.1622504002190865
qwen3-4b,structural,structural:compliance_audit-remediation_owner-04:sub-operations-first-only:after_first_success,compliance_audit-remediation_owner-04,resolve_remediation_owner,compliance_audit,sub-operations-first-only,budget_exhausted,-33.49733471508142,-18.93816253664488,14.55917217843654
qwen3-4b,structural,structural:compliance_audit-remediation_owner-04:sub-operations-no-first:pre_action,compliance_audit-remediation_owner-04,resolve_remediation_owner,compliance_audit,sub-operations-no-first,unavailable,-19.4563298326512,-18.51438171353705,0.9419481191141514
qwen3-4b,structural,structural:compliance_audit-remediation_owner-04:sub-operations-no-gold:pre_action,compliance_audit-remediation_owner-04,resolve_remediation_owner,compliance_audit,sub-operations-no-gold,unavailable,-19.4563298326512,-17.280373248605848,2.175956584045352
qwen3-4b,structural,structural:compliance_audit-remediation_owner-04:sub-operations-no-last:after_penultimate_success,compliance_audit-remediation_owner-04,resolve_remediation_owner,compliance_audit,sub-operations-no-last,budget_exhausted,-27.161947855684247,-21.565754216069763,5.596193639614484
qwen3-4b,structural,structural:compliance_audit-retention_deadline-01:sub-operations-first-only:after_first_success,compliance_audit-retention_deadline-01,resolve_retention_deadline,compliance_audit,sub-operations-first-only,budget_exhausted,-35.227355734162366,-38.230159717754624,-3.0028039835922584
qwen3-4b,structural,structural:compliance_audit-retention_deadline-01:sub-operations-no-first:pre_action,compliance_audit-retention_deadline-01,resolve_retention_deadline,compliance_audit,sub-operations-no-first,unavailable,-21.613570926917333,-18.126024658820405,3.487546268096928
qwen3-4b,structural,structural:compliance_audit-retention_deadline-01:sub-operations-no-gold:pre_action,compliance_audit-retention_deadline-01,resolve_retention_deadline,compliance_audit,sub-operations-no-gold,unavailable,-21.613570926917333,-15.127948655084012,6.485622271833321
qwen3-4b,structural,structural:compliance_audit-retention_deadline-01:sub-operations-no-last:after_penultimate_success,compliance_audit-retention_deadline-01,resolve_retention_deadline,compliance_audit,sub-operations-no-last,budget_exhausted,-42.098734433262045,-19.886509054210556,22.21222537905149
qwen3-4b,structural,structural:compliance_audit-retention_deadline-02:sub-operations-first-only:after_first_success,compliance_audit-retention_deadline-02,resolve_retention_deadline,compliance_audit,sub-operations-first-only,budget_exhausted,-31.348951552512275,-36.48073506049137,-5.131783507979094
qwen3-4b,structural,structural:compliance_audit-retention_deadline-02:sub-operations-no-first:pre_action,compliance_audit-retention_deadline-02,resolve_retention_deadline,compliance_audit,sub-operations-no-first,unavailable,-19.608984580195596,-18.37247873345303,1.236505846742567
qwen3-4b,structural,structural:compliance_audit-retention_deadline-02:sub-operations-no-gold:pre_action,compliance_audit-retention_deadline-02,resolve_retention_deadline,compliance_audit,sub-operations-no-gold,budget_exhausted,-19.608984580195596,-17.865692096100524,1.7432924840950719
qwen3-4b,structural,structural:compliance_audit-retention_deadline-02:sub-operations-no-last:after_penultimate_success,compliance_audit-retention_deadline-02,resolve_retention_deadline,compliance_audit,sub-operations-no-last,budget_exhausted,-39.47373392626635,-20.498710509969754,18.975023416296594
qwen3-4b,structural,structural:compliance_audit-retention_deadline-03:sub-operations-first-only:after_first_success,compliance_audit-retention_deadline-03,resolve_retention_deadline,compliance_audit,sub-operations-first-only,budget_exhausted,-32.85580742249122,-35.09851911854011,-2.242711696048893
qwen3-4b,structural,structural:compliance_audit-retention_deadline-03:sub-operations-no-first:pre_action,compliance_audit-retention_deadline-03,resolve_retention_deadline,compliance_audit,sub-operations-no-first,unavailable,-22.806789849971217,-17.567708660758157,5.23908118921306
qwen3-4b,structural,structural:compliance_audit-retention_deadline-03:sub-operations-no-gold:pre_action,compliance_audit-retention_deadline-03,resolve_retention_deadline,compliance_audit,sub-operations-no-gold,unavailable,-22.806789849971217,-18.38831712268412,4.418472727287096
qwen3-4b,structural,structural:compliance_audit-retention_deadline-03:sub-operations-no-last:after_penultimate_success,compliance_audit-retention_deadline-03,resolve_retention_deadline,compliance_audit,sub-operations-no-last,budget_exhausted,-44.09874043143773,-30.93534116967264,13.163399261765093
qwen3-4b,structural,structural:compliance_audit-retention_deadline-04:sub-operations-first-only:after_first_success,compliance_audit-retention_deadline-04,resolve_retention_deadline,compliance_audit,sub-operations-first-only,budget_exhausted,-33.849272427849236,-35.213787042975326,-1.3645146151260903
qwen3-4b,structural,structural:compliance_audit-retention_deadline-04:sub-operations-no-first:pre_action,compliance_audit-retention_deadline-04,resolve_retention_deadline,compliance_audit,sub-operations-no-first,unavailable,-21.03955968262008,-17.75031059186108,3.289249090759
qwen3-4b,structural,structural:compliance_audit-retention_deadline-04:sub-operations-no-gold:pre_action,compliance_audit-retention_deadline-04,resolve_retention_deadline,compliance_audit,sub-operations-no-gold,budget_exhausted,-21.03955968262008,-17.26129769252603,3.7782619900940517
qwen3-4b,structural,structural:compliance_audit-retention_deadline-04:sub-operations-no-last:after_penultimate_success,compliance_audit-retention_deadline-04,resolve_retention_deadline,compliance_audit,sub-operations-no-last,budget_exhausted,-39.78622454385887,-20.670743027764452,19.11548151609442
qwen3-4b,structural,structural:compliance_audit-risk_rating-00:sub-operations-first-only:after_first_success,compliance_audit-risk_rating-00,resolve_risk_rating,compliance_audit,sub-operations-first-only,unavailable,-32.111438874232064,-29.79261922081082,2.3188196534212437
qwen3-4b,structural,structural:compliance_audit-risk_rating-00:sub-operations-no-first:pre_action,compliance_audit-risk_rating-00,resolve_risk_rating,compliance_audit,sub-operations-no-first,unavailable,-21.337219784746978,-18.06709568104025,3.2701241037067277
qwen3-4b,structural,structural:compliance_audit-risk_rating-00:sub-operations-no-gold:pre_action,compliance_audit-risk_rating-00,resolve_risk_rating,compliance_audit,sub-operations-no-gold,budget_exhausted,-21.337219784746978,-18.287530257305264,3.049689527441714
qwen3-4b,structural,structural:compliance_audit-risk_rating-00:sub-operations-no-last:after_penultimate_success,compliance_audit-risk_rating-00,resolve_risk_rating,compliance_audit,sub-operations-no-last,budget_exhausted,-40.286256875766085,-20.169170935401773,20.117085940364312
qwen3-4b,structural,structural:compliance_audit-risk_rating-01:sub-operations-first-only:after_first_success,compliance_audit-risk_rating-01,resolve_risk_rating,compliance_audit,sub-operations-first-only,budget_exhausted,-34.22490595608379,-37.04267116183063,-2.817765205746845
qwen3-4b,structural,structural:compliance_audit-risk_rating-01:sub-operations-no-first:pre_action,compliance_audit-risk_rating-01,resolve_risk_rating,compliance_audit,sub-operations-no-first,budget_exhausted,-21.113508994827207,-19.302804659371027,1.8107043354561796
qwen3-4b,structural,structural:compliance_audit-risk_rating-01:sub-operations-no-gold:pre_action,compliance_audit-risk_rating-01,resolve_risk_rating,compliance_audit,sub-operations-no-gold,unavailable,-21.113508994827207,-14.169391066952272,6.9441179278749345
qwen3-4b,structural,structural:compliance_audit-risk_rating-01:sub-operations-no-last:after_penultimate_success,compliance_audit-risk_rating-01,resolve_risk_rating,compliance_audit,sub-operations-no-last,budget_exhausted,-41.786230236091626,-24.81701787806449,16.969212358027136
qwen3-4b,structural,structural:compliance_audit-risk_rating-02:sub-operations-first-only:after_first_success,compliance_audit-risk_rating-02,resolve_risk_rating,compliance_audit,sub-operations-first-only,unavailable,-36.11146519157025,-39.288596827085904,-3.177131635515657
qwen3-4b,structural,structural:compliance_audit-risk_rating-02:sub-operations-no-first:pre_action,compliance_audit-risk_rating-02,resolve_risk_rating,compliance_audit,sub-operations-no-first,unavailable,-19.560783447612728,-17.643448845967725,1.9173346016450026
qwen3-4b,structural,structural:compliance_audit-risk_rating-02:sub-operations-no-gold:pre_action,compliance_audit-risk_rating-02,resolve_risk_rating,compliance_audit,sub-operations-no-gold,unavailable,-19.560783447612728,-18.248445104572184,1.312338343040544
qwen3-4b,structural,structural:compliance_audit-risk_rating-02:sub-operations-no-last:after_penultimate_success,compliance_audit-risk_rating-02,resolve_risk_rating,compliance_audit,sub-operations-no-last,budget_exhausted,-42.84874366486931,-19.827150782906912,23.0215928819624
qwen3-4b,structural,structural:compliance_audit-risk_rating-03:sub-operations-first-only:after_first_success,compliance_audit-risk_rating-03,resolve_risk_rating,compliance_audit,sub-operations-first-only,budget_exhausted,-35.46780906058645,-29.667692991756866,5.800116068829581
qwen3-4b,structural,structural:compliance_audit-risk_rating-03:sub-operations-no-first:pre_action,compliance_audit-risk_rating-03,resolve_risk_rating,compliance_audit,sub-operations-no-first,budget_exhausted,-24.104407094028502,-21.736668148858428,2.3677389451700748
qwen3-4b,structural,structural:compliance_audit-risk_rating-03:sub-operations-no-gold:pre_action,compliance_audit-risk_rating-03,resolve_risk_rating,compliance_audit,sub-operations-no-gold,unavailable,-24.104407094028502,-19.054616528820453,5.049790565208049
qwen3-4b,structural,structural:compliance_audit-risk_rating-03:sub-operations-no-last:after_penultimate_success,compliance_audit-risk_rating-03,resolve_risk_rating,compliance_audit,sub-operations-no-last,budget_exhausted,-40.72372857685505,-23.14793988697876,17.57578868987629
qwen3-4b,structural,structural:compliance_audit-risk_rating-04:sub-operations-first-only:after_first_success,compliance_audit-risk_rating-04,resolve_risk_rating,compliance_audit,sub-operations-first-only,budget_exhausted,-39.7237627865643,-31.35438182766606,8.36938095889824
qwen3-4b,structural,structural:compliance_audit-risk_rating-04:sub-operations-no-first:pre_action,compliance_audit-risk_rating-04,resolve_risk_rating,compliance_audit,sub-operations-no-first,unavailable,-24.392220559357256,-19.987434432013437,4.404786127343819
qwen3-4b,structural,structural:compliance_audit-risk_rating-04:sub-operations-no-gold:pre_action,compliance_audit-risk_rating-04,resolve_risk_rating,compliance_audit,sub-operations-no-gold,budget_exhausted,-24.392220559357256,-20.746040764203393,3.646179795153863
qwen3-4b,structural,structural:compliance_audit-risk_rating-04:sub-operations-no-last:after_penultimate_success,compliance_audit-risk_rating-04,resolve_risk_rating,compliance_audit,sub-operations-no-last,budget_exhausted,-44.0987350410612,-24.765954396488944,19.332780644572253
qwen3-4b,structural,structural:compliance_audit-segregation_conflict-00:sub-operations-first-only:after_first_success,compliance_audit-segregation_conflict-00,resolve_segregation_conflict,compliance_audit,sub-operations-first-only,budget_exhausted,-27.611168698760423,-23.917696699109626,3.6934719996507965
qwen3-4b,structural,structural:compliance_audit-segregation_conflict-00:sub-operations-no-first:pre_action,compliance_audit-segregation_conflict-00,resolve_segregation_conflict,compliance_audit,sub-operations-no-first,unavailable,-19.413325491312627,-19.20433938942101,0.20898610189161815
qwen3-4b,structural,structural:compliance_audit-segregation_conflict-00:sub-operations-no-gold:pre_action,compliance_audit-segregation_conflict-00,resolve_segregation_conflict,compliance_audit,sub-operations-no-gold,budget_exhausted,-19.413325491312627,-19.280017367828492,0.13330812348413446
qwen3-4b,structural,structural:compliance_audit-segregation_conflict-00:sub-operations-no-last:after_penultimate_success,compliance_audit-segregation_conflict-00,resolve_segregation_conflict,compliance_audit,sub-operations-no-last,budget_exhausted,-42.0977710554235,-20.500008113057596,21.597762942365904
qwen3-4b,structural,structural:compliance_audit-segregation_conflict-01:sub-operations-first-only:after_first_success,compliance_audit-segregation_conflict-01,resolve_segregation_conflict,compliance_audit,sub-operations-first-only,budget_exhausted,-33.72595899449442,-32.9657765304906,0.7601824640038188
qwen3-4b,structural,structural:compliance_audit-segregation_conflict-01:sub-operations-no-first:pre_action,compliance_audit-segregation_conflict-01,resolve_segregation_conflict,compliance_audit,sub-operations-no-first,budget_exhausted,-17.984033904568832,-17.17421676195606,0.809817142612772
qwen3-4b,structural,structural:compliance_audit-segregation_conflict-01:sub-operations-no-gold:pre_action,compliance_audit-segregation_conflict-01,resolve_segregation_conflict,compliance_audit,sub-operations-no-gold,unavailable,-17.984033904568832,-19.33595617748866,-1.351922272919829
qwen3-4b,structural,structural:compliance_audit-segregation_conflict-01:sub-operations-no-last:after_penultimate_success,compliance_audit-segregation_conflict-01,resolve_segregation_conflict,compliance_audit,sub-operations-no-last,budget_exhausted,-41.973294054355954,-36.08357894951626,5.889715104839695
qwen3-4b,structural,structural:compliance_audit-segregation_conflict-02:sub-operations-first-only:after_first_success,compliance_audit-segregation_conflict-02,resolve_segregation_conflict,compliance_audit,sub-operations-first-only,budget_exhausted,-31.85119544424878,-29.167081546805434,2.6841138974433463
qwen3-4b,structural,structural:compliance_audit-segregation_conflict-02:sub-operations-no-first:pre_action,compliance_audit-segregation_conflict-02,resolve_segregation_conflict,compliance_audit,sub-operations-no-first,unavailable,-21.624484936112772,-20.676332935786725,0.9481520003260471
qwen3-4b,structural,structural:compliance_audit-segregation_conflict-02:sub-operations-no-gold:pre_action,compliance_audit-segregation_conflict-02,resolve_segregation_conflict,compliance_audit,sub-operations-no-gold,unavailable,-21.624484936112772,-9.999254723151068,11.625230212961704
qwen3-4b,structural,structural:compliance_audit-segregation_conflict-02:sub-operations-no-last:after_penultimate_success,compliance_audit-segregation_conflict-02,resolve_segregation_conflict,compliance_audit,sub-operations-no-last,budget_exhausted,-41.22324074213894,-20.500848076106344,20.722392666032597
qwen3-4b,structural,structural:compliance_audit-segregation_conflict-03:sub-operations-first-only:after_first_success,compliance_audit-segregation_conflict-03,resolve_segregation_conflict,compliance_audit,sub-operations-first-only,budget_exhausted,-28.73457888844748,-26.567101538722902,2.167477349724578
qwen3-4b,structural,structural:compliance_audit-segregation_conflict-03:sub-operations-no-first:pre_action,compliance_audit-segregation_conflict-03,resolve_segregation_conflict,compliance_audit,sub-operations-no-first,budget_exhausted,-21.74602086804044,-19.883953064461963,1.8620678035784763
qwen3-4b,structural,structural:compliance_audit-segregation_conflict-03:sub-operations-no-gold:pre_action,compliance_audit-segregation_conflict-03,resolve_segregation_conflict,compliance_audit,sub-operations-no-gold,budget_exhausted,-21.74602086804044,-19.558510658563414,2.1875102094770256
qwen3-4b,structural,structural:compliance_audit-segregation_conflict-03:sub-operations-no-last:after_penultimate_success,compliance_audit-segregation_conflict-03,resolve_segregation_conflict,compliance_audit,sub-operations-no-last,budget_exhausted,-37.97351952328418,-21.312522560006343,16.66099696327784
qwen3-4b,structural,structural:compliance_audit-segregation_conflict-04:sub-operations-first-only:after_first_success,compliance_audit-segregation_conflict-04,resolve_segregation_conflict,compliance_audit,sub-operations-first-only,budget_exhausted,-29.72476355089811,-24.54426027478508,5.180503276113029
qwen3-4b,structural,structural:compliance_audit-segregation_conflict-04:sub-operations-no-first:pre_action,compliance_audit-segregation_conflict-04,resolve_segregation_conflict,compliance_audit,sub-operations-no-first,unavailable,-17.556575487539305,-17.85380893294539,-0.29723344540608565
qwen3-4b,structural,structural:compliance_audit-segregation_conflict-04:sub-operations-no-gold:pre_action,compliance_audit-segregation_conflict-04,resolve_segregation_conflict,compliance_audit,sub-operations-no-gold,budget_exhausted,-17.556575487539305,-11.97007876605008,5.586496721489226
qwen3-4b,structural,structural:compliance_audit-segregation_conflict-04:sub-operations-no-last:after_penultimate_success,compliance_audit-segregation_conflict-04,resolve_segregation_conflict,compliance_audit,sub-operations-no-last,budget_exhausted,-39.9729097182689,-20.37500194269436,19.59790777557454
qwen3-4b,structural,structural:contracts_documents-amendment_impact-00:sub-operations-first-only:after_first_success,contracts_documents-amendment_impact-00,resolve_amendment_impact,contracts_documents,sub-operations-first-only,budget_exhausted,-31.778439556716634,-44.85522336931437,-13.07678381259774
qwen3-4b,structural,structural:contracts_documents-amendment_impact-00:sub-operations-no-first:pre_action,contracts_documents-amendment_impact-00,resolve_amendment_impact,contracts_documents,sub-operations-no-first,unavailable,-22.12332160532651,-17.751824057869946,4.371497547456563
qwen3-4b,structural,structural:contracts_documents-amendment_impact-00:sub-operations-no-gold:pre_action,contracts_documents-amendment_impact-00,resolve_amendment_impact,contracts_documents,sub-operations-no-gold,unavailable,-22.12332160532651,-16.861750851338492,5.261570753988018
qwen3-4b,structural,structural:contracts_documents-amendment_impact-00:sub-operations-no-last:after_penultimate_success,contracts_documents-amendment_impact-00,resolve_amendment_impact,contracts_documents,sub-operations-no-last,budget_exhausted,-37.28628259753496,-40.440037155068794,-3.153754557533837
qwen3-4b,structural,structural:contracts_documents-amendment_impact-01:sub-operations-first-only:after_first_success,contracts_documents-amendment_impact-01,resolve_amendment_impact,contracts_documents,sub-operations-first-only,budget_exhausted,-27.320703569390716,-43.28828416127412,-15.967580591883404
qwen3-4b,structural,structural:contracts_documents-amendment_impact-01:sub-operations-no-first:pre_action,contracts_documents-amendment_impact-01,resolve_amendment_impact,contracts_documents,sub-operations-no-first,unavailable,-15.741522474089727,-14.24378901919524,1.4977334548944867
qwen3-4b,structural,structural:contracts_documents-amendment_impact-01:sub-operations-no-gold:pre_action,contracts_documents-amendment_impact-01,resolve_amendment_impact,contracts_documents,sub-operations-no-gold,unavailable,-15.741522474089727,-10.911803496718385,4.829718977371343
qwen3-4b,structural,structural:contracts_documents-amendment_impact-01:sub-operations-no-last:after_penultimate_success,contracts_documents-amendment_impact-01,resolve_amendment_impact,contracts_documents,sub-operations-no-last,budget_exhausted,-35.03629534719348,-32.63257690145387,2.4037184457396137
qwen3-4b,structural,structural:contracts_documents-amendment_impact-02:sub-operations-first-only:after_first_success,contracts_documents-amendment_impact-02,resolve_amendment_impact,contracts_documents,sub-operations-first-only,budget_exhausted,-25.997887751107484,-41.30573615839306,-15.307848407285576
qwen3-4b,structural,structural:contracts_documents-amendment_impact-02:sub-operations-no-first:pre_action,contracts_documents-amendment_impact-02,resolve_amendment_impact,contracts_documents,sub-operations-no-first,unavailable,-15.055695490176362,-14.114556726853053,0.941138763323309
qwen3-4b,structural,structural:contracts_documents-amendment_impact-02:sub-operations-no-gold:pre_action,contracts_documents-amendment_impact-02,resolve_amendment_impact,contracts_documents,sub-operations-no-gold,unavailable,-15.055695490176362,-10.438857462726624,4.616838027449738
qwen3-4b,structural,structural:contracts_documents-amendment_impact-02:sub-operations-no-last:after_penultimate_success,contracts_documents-amendment_impact-02,resolve_amendment_impact,contracts_documents,sub-operations-no-last,unavailable,-39.348782212119275,-38.62885951716005,0.719922694959223
qwen3-4b,structural,structural:contracts_documents-amendment_impact-03:sub-operations-first-only:after_first_success,contracts_documents-amendment_impact-03,resolve_amendment_impact,contracts_documents,sub-operations-first-only,budget_exhausted,-25.798979657441983,-39.54182306240021,-13.74284340495823
qwen3-4b,structural,structural:contracts_documents-amendment_impact-03:sub-operations-no-first:pre_action,contracts_documents-amendment_impact-03,resolve_amendment_impact,contracts_documents,sub-operations-no-first,unavailable,-17.89565502596129,-15.694748697837596,2.2009063281236934
qwen3-4b,structural,structural:contracts_documents-amendment_impact-03:sub-operations-no-gold:pre_action,contracts_documents-amendment_impact-03,resolve_amendment_impact,contracts_documents,sub-operations-no-gold,budget_exhausted,-17.89565502596129,-13.055107893500015,4.840547132461275
qwen3-4b,structural,structural:contracts_documents-amendment_impact-03:sub-operations-no-last:after_penultimate_success,contracts_documents-amendment_impact-03,resolve_amendment_impact,contracts_documents,sub-operations-no-last,budget_exhausted,-36.5362785386367,-28.373305278974684,8.162973259662017
qwen3-4b,structural,structural:contracts_documents-amendment_impact-04:sub-operations-first-only:after_first_success,contracts_documents-amendment_impact-04,resolve_amendment_impact,contracts_documents,sub-operations-first-only,budget_exhausted,-29.84116867879039,-41.54033238617723,-11.699163707386838
qwen3-4b,structural,structural:contracts_documents-amendment_impact-04:sub-operations-no-first:pre_action,contracts_documents-amendment_impact-04,resolve_amendment_impact,contracts_documents,sub-operations-no-first,unavailable,-19.861030702945513,-17.514611668405188,2.3464190345403253
qwen3-4b,structural,structural:contracts_documents-amendment_impact-04:sub-operations-no-gold:pre_action,contracts_documents-amendment_impact-04,resolve_amendment_impact,contracts_documents,sub-operations-no-gold,unavailable,-19.861030702945513,-15.718729227821683,4.14230147512383
qwen3-4b,structural,structural:contracts_documents-amendment_impact-04:sub-operations-no-last:after_penultimate_success,contracts_documents-amendment_impact-04,resolve_amendment_impact,contracts_documents,sub-operations-no-last,budget_exhausted,-32.8491560822504,-34.79602767794409,-1.9468715956936862
qwen3-4b,structural,structural:contracts_documents-citation_target-00:sub-operations-first-only:after_first_success,contracts_documents-citation_target-00,resolve_citation_target,contracts_documents,sub-operations-first-only,unavailable,-29.036304058054107,-16.250003456455907,12.7863006015982
qwen3-4b,structural,structural:contracts_documents-citation_target-00:sub-operations-no-first:pre_action,contracts_documents-citation_target-00,resolve_citation_target,contracts_documents,sub-operations-no-first,budget_exhausted,-16.705354925768113,-17.222072370122973,-0.5167174443548603
qwen3-4b,structural,structural:contracts_documents-citation_target-00:sub-operations-no-gold:pre_action,contracts_documents-citation_target-00,resolve_citation_target,contracts_documents,sub-operations-no-gold,unavailable,-16.705354925768113,-12.650453571254268,4.054901354513845
qwen3-4b,structural,structural:contracts_documents-citation_target-00:sub-operations-no-last:after_penultimate_success,contracts_documents-citation_target-00,resolve_citation_target,contracts_documents,sub-operations-no-last,budget_exhausted,-36.348789883928596,-20.00103829730184,16.347751586626757
qwen3-4b,structural,structural:contracts_documents-citation_target-01:sub-operations-first-only:after_first_success,contracts_documents-citation_target-01,resolve_citation_target,contracts_documents,sub-operations-first-only,budget_exhausted,-30.786307683521045,-19.187772927452365,11.59853475606868
qwen3-4b,structural,structural:contracts_documents-citation_target-01:sub-operations-no-first:pre_action,contracts_documents-citation_target-01,resolve_citation_target,contracts_documents,sub-operations-no-first,budget_exhausted,-14.831099494183896,-14.136600021574992,0.6944994726089035
qwen3-4b,structural,structural:contracts_documents-citation_target-01:sub-operations-no-gold:pre_action,contracts_documents-citation_target-01,resolve_citation_target,contracts_documents,sub-operations-no-gold,budget_exhausted,-14.831099494183896,-9.191964862339212,5.6391346318446836
qwen3-4b,structural,structural:contracts_documents-citation_target-01:sub-operations-no-last:after_penultimate_success,contracts_documents-citation_target-01,resolve_citation_target,contracts_documents,sub-operations-no-last,budget_exhausted,-37.723785938034794,-22.81876848288175,14.905017455153043
qwen3-4b,structural,structural:contracts_documents-citation_target-02:sub-operations-first-only:after_first_success,contracts_documents-citation_target-02,resolve_citation_target,contracts_documents,sub-operations-first-only,budget_exhausted,-32.84880514825253,-16.939155067256515,15.909650080996016
qwen3-4b,structural,structural:contracts_documents-citation_target-02:sub-operations-no-first:pre_action,contracts_documents-citation_target-02,resolve_citation_target,contracts_documents,sub-operations-no-first,budget_exhausted,-12.731398760260916,-12.637505599917908,0.09389316034300776
qwen3-4b,structural,structural:contracts_documents-citation_target-02:sub-operations-no-gold:pre_action,contracts_documents-citation_target-02,resolve_citation_target,contracts_documents,sub-operations-no-gold,unavailable,-12.731398760260916,-6.054466037709261,6.676932722551655
qwen3-4b,structural,structural:contracts_documents-citation_target-02:sub-operations-no-last:after_penultimate_success,contracts_documents-citation_target-02,resolve_citation_target,contracts_documents,sub-operations-no-last,budget_exhausted,-30.41130661528254,-21.43881150378092,8.972495111501622
qwen3-4b,structural,structural:contracts_documents-citation_target-03:sub-operations-first-only:after_first_success,contracts_documents-citation_target-03,resolve_citation_target,contracts_documents,sub-operations-first-only,budget_exhausted,-33.34859598547857,-18.25001290740134,15.098583078077226
qwen3-4b,structural,structural:contracts_documents-citation_target-03:sub-operations-no-first:pre_action,contracts_documents-citation_target-03,resolve_citation_target,contracts_documents,sub-operations-no-first,unavailable,-16.99622560140005,-14.701171552977065,2.2950540484229833
qwen3-4b,structural,structural:contracts_documents-citation_target-03:sub-operations-no-gold:pre_action,contracts_documents-citation_target-03,resolve_citation_target,contracts_documents,sub-operations-no-gold,budget_exhausted,-16.99622560140005,-8.193529077603543,8.802696523796506
qwen3-4b,structural,structural:contracts_documents-citation_target-03:sub-operations-no-last:after_penultimate_success,contracts_documents-citation_target-03,resolve_citation_target,contracts_documents,sub-operations-no-last,budget_exhausted,-31.348795741234746,-20.45399520894248,10.894800532292265
qwen3-4b,structural,structural:contracts_documents-citation_target-04:sub-operations-first-only:after_first_success,contracts_documents-citation_target-04,resolve_citation_target,contracts_documents,sub-operations-first-only,budget_exhausted,-32.131060508301964,-23.629254460914332,8.501806047387632
qwen3-4b,structural,structural:contracts_documents-citation_target-04:sub-operations-no-first:pre_action,contracts_documents-citation_target-04,resolve_citation_target,contracts_documents,sub-operations-no-first,budget_exhausted,-14.393767941867395,-14.864735688524185,-0.47096774665678964
qwen3-4b,structural,structural:contracts_documents-citation_target-04:sub-operations-no-gold:pre_action,contracts_documents-citation_target-04,resolve_citation_target,contracts_documents,sub-operations-no-gold,unavailable,-14.393767941867395,-11.26781623769564,3.1259517041717544
qwen3-4b,structural,structural:contracts_documents-citation_target-04:sub-operations-no-last:after_penultimate_success,contracts_documents-citation_target-04,resolve_citation_target,contracts_documents,sub-operations-no-last,budget_exhausted,-40.22379117174132,-27.25917111500413,12.96462005673719
qwen3-4b,structural,structural:contracts_documents-contract_deadline-00:sub-operations-first-only:after_first_success,contracts_documents-contract_deadline-00,resolve_contract_deadline,contracts_documents,sub-operations-first-only,budget_exhausted,-24.22385848926777,-31.72555860744744,-7.50170011817967
qwen3-4b,structural,structural:contracts_documents-contract_deadline-00:sub-operations-no-first:pre_action,contracts_documents-contract_deadline-00,resolve_contract_deadline,contracts_documents,sub-operations-no-first,unavailable,-17.31361631898948,-12.528912708409088,4.784703610580394
qwen3-4b,structural,structural:contracts_documents-contract_deadline-00:sub-operations-no-gold:pre_action,contracts_documents-contract_deadline-00,resolve_contract_deadline,contracts_documents,sub-operations-no-gold,unavailable,-17.31361631898948,-13.210508025204618,4.103108293784864
qwen3-4b,structural,structural:contracts_documents-contract_deadline-00:sub-operations-no-last:after_penultimate_success,contracts_documents-contract_deadline-00,resolve_contract_deadline,contracts_documents,sub-operations-no-last,budget_exhausted,-33.3487933306263,-24.611832344262673,8.736960986363627
qwen3-4b,structural,structural:contracts_documents-contract_deadline-02:sub-operations-first-only:after_first_success,contracts_documents-contract_deadline-02,resolve_contract_deadline,contracts_documents,sub-operations-first-only,budget_exhausted,-24.59905954723716,-32.042507894473125,-7.4434483472359645
qwen3-4b,structural,structural:contracts_documents-contract_deadline-02:sub-operations-no-first:pre_action,contracts_documents-contract_deadline-02,resolve_contract_deadline,contracts_documents,sub-operations-no-first,unavailable,-14.576246680965106,-12.171613510845042,2.4046331701200643
qwen3-4b,structural,structural:contracts_documents-contract_deadline-02:sub-operations-no-gold:pre_action,contracts_documents-contract_deadline-02,resolve_contract_deadline,contracts_documents,sub-operations-no-gold,budget_exhausted,-14.576246680965106,-16.16390918912503,-1.587662508159923
qwen3-4b,structural,structural:contracts_documents-contract_deadline-02:sub-operations-no-last:after_penultimate_success,contracts_documents-contract_deadline-02,resolve_contract_deadline,contracts_documents,sub-operations-no-last,budget_exhausted,-27.09882561319963,-23.346382611931077,3.752443001268553
qwen3-4b,structural,structural:contracts_documents-contract_deadline-04:sub-operations-first-only:after_first_success,contracts_documents-contract_deadline-04,resolve_contract_deadline,contracts_documents,sub-operations-first-only,budget_exhausted,-30.037263169735994,-41.97983646266567,-11.94257329292968
qwen3-4b,structural,structural:contracts_documents-contract_deadline-04:sub-operations-no-first:pre_action,contracts_documents-contract_deadline-04,resolve_contract_deadline,contracts_documents,sub-operations-no-first,unavailable,-21.788127119924383,-15.64461877302439,6.143508346899992
qwen3-4b,structural,structural:contracts_documents-contract_deadline-04:sub-operations-no-gold:pre_action,contracts_documents-contract_deadline-04,resolve_contract_deadline,contracts_documents,sub-operations-no-gold,budget_exhausted,-21.788127119924383,-19.92433323922927,1.8637938806951126
qwen3-4b,structural,structural:contracts_documents-contract_deadline-04:sub-operations-no-last:after_penultimate_success,contracts_documents-contract_deadline-04,resolve_contract_deadline,contracts_documents,sub-operations-no-last,budget_exhausted,-31.098911483451175,-20.579527473325086,10.519384010126089
qwen3-4b,structural,structural:contracts_documents-effective_clause-00:sub-operations-first-only:after_first_success,contracts_documents-effective_clause-00,resolve_effective_clause,contracts_documents,sub-operations-first-only,budget_exhausted,-28.479835367795488,-31.076493082550492,-2.596657714755004
qwen3-4b,structural,structural:contracts_documents-effective_clause-00:sub-operations-no-first:pre_action,contracts_documents-effective_clause-00,resolve_effective_clause,contracts_documents,sub-operations-no-first,budget_exhausted,-21.483358451520182,-17.6451724712889,3.8381859802312803
qwen3-4b,structural,structural:contracts_documents-effective_clause-00:sub-operations-no-gold:pre_action,contracts_documents-effective_clause-00,resolve_effective_clause,contracts_documents,sub-operations-no-gold,unavailable,-21.483358451520182,-19.131420344343724,2.3519381071764585
qwen3-4b,structural,structural:contracts_documents-effective_clause-00:sub-operations-no-last:after_penultimate_success,contracts_documents-effective_clause-00,resolve_effective_clause,contracts_documents,sub-operations-no-last,budget_exhausted,-39.72368589133061,-27.97251943667652,11.75116645465409
qwen3-4b,structural,structural:contracts_documents-effective_clause-01:sub-operations-first-only:after_first_success,contracts_documents-effective_clause-01,resolve_effective_clause,contracts_documents,sub-operations-first-only,budget_exhausted,-29.42134528287636,-44.286596398798025,-14.865251115921666
qwen3-4b,structural,structural:contracts_documents-effective_clause-01:sub-operations-no-first:pre_action,contracts_documents-effective_clause-01,resolve_effective_clause,contracts_documents,sub-operations-no-first,budget_exhausted,-22.469670732052776,-15.368147506114383,7.101523225938394
qwen3-4b,structural,structural:contracts_documents-effective_clause-01:sub-operations-no-gold:pre_action,contracts_documents-effective_clause-01,resolve_effective_clause,contracts_documents,sub-operations-no-gold,unavailable,-22.469670732052776,-21.275481799235486,1.1941889328172905
qwen3-4b,structural,structural:contracts_documents-effective_clause-01:sub-operations-no-last:after_penultimate_success,contracts_documents-effective_clause-01,resolve_effective_clause,contracts_documents,sub-operations-no-last,budget_exhausted,-41.786235641803934,-34.68636708600969,7.099868555794245
qwen3-4b,structural,structural:contracts_documents-effective_clause-02:sub-operations-first-only:after_first_success,contracts_documents-effective_clause-02,resolve_effective_clause,contracts_documents,sub-operations-first-only,budget_exhausted,-29.411816493245006,-34.06249395736034,-4.650677464115333
qwen3-4b,structural,structural:contracts_documents-effective_clause-02:sub-operations-no-first:pre_action,contracts_documents-effective_clause-02,resolve_effective_clause,contracts_documents,sub-operations-no-first,unavailable,-19.24494215442097,-16.56270544658142,2.68223670783955
qwen3-4b,structural,structural:contracts_documents-effective_clause-02:sub-operations-no-gold:pre_action,contracts_documents-effective_clause-02,resolve_effective_clause,contracts_documents,sub-operations-no-gold,unavailable,-19.24494215442097,-19.595442238395762,-0.3505000839747936
qwen3-4b,structural,structural:contracts_documents-effective_clause-02:sub-operations-no-last:after_penultimate_success,contracts_documents-effective_clause-02,resolve_effective_clause,contracts_documents,sub-operations-no-last,budget_exhausted,-40.84869032832777,-30.003918814910605,10.844771513417164
qwen3-4b,structural,structural:contracts_documents-effective_clause-04:sub-operations-first-only:after_first_success,contracts_documents-effective_clause-04,resolve_effective_clause,contracts_documents,sub-operations-first-only,unavailable,-28.412602643193935,-34.12805928225731,-5.715456639063376
qwen3-4b,structural,structural:contracts_documents-effective_clause-04:sub-operations-no-first:pre_action,contracts_documents-effective_clause-04,resolve_effective_clause,contracts_documents,sub-operations-no-first,unavailable,-18.96384403548685,-18.494874750305385,0.4689692851814655
qwen3-4b,structural,structural:contracts_documents-effective_clause-04:sub-operations-no-gold:pre_action,contracts_documents-effective_clause-04,resolve_effective_clause,contracts_documents,sub-operations-no-gold,unavailable,-18.96384403548685,-21.93083045596171,-2.9669864204748606
qwen3-4b,structural,structural:contracts_documents-effective_clause-04:sub-operations-no-last:after_penultimate_success,contracts_documents-effective_clause-04,resolve_effective_clause,contracts_documents,sub-operations-no-last,budget_exhausted,-38.16127115269353,-30.134974910219547,8.026296242473983
qwen3-4b,structural,structural:contracts_documents-latest_version-00:sub-operations-first-only:after_first_success,contracts_documents-latest_version-00,resolve_latest_version,contracts_documents,sub-operations-first-only,budget_exhausted,-24.72377818764405,-22.043598906133028,2.6801792815110232
qwen3-4b,structural,structural:contracts_documents-latest_version-00:sub-operations-no-first:pre_action,contracts_documents-latest_version-00,resolve_latest_version,contracts_documents,sub-operations-no-first,budget_exhausted,-17.482829404830277,-13.89726219470699,3.585567210123287
qwen3-4b,structural,structural:contracts_documents-latest_version-00:sub-operations-no-gold:pre_action,contracts_documents-latest_version-00,resolve_latest_version,contracts_documents,sub-operations-no-gold,unavailable,-17.482829404830277,-19.843598560515865,-2.3607691556855883
qwen3-4b,structural,structural:contracts_documents-latest_version-00:sub-operations-no-last:after_penultimate_success,contracts_documents-latest_version-00,resolve_latest_version,contracts_documents,sub-operations-no-last,budget_exhausted,-21.18182544720065,-20.687502761200513,0.49432268600013884
qwen3-4b,structural,structural:contracts_documents-latest_version-01:sub-operations-first-only:after_first_success,contracts_documents-latest_version-01,resolve_latest_version,contracts_documents,sub-operations-first-only,budget_exhausted,-24.911835076382623,-33.667444486577814,-8.755609410195191
qwen3-4b,structural,structural:contracts_documents-latest_version-01:sub-operations-no-first:pre_action,contracts_documents-latest_version-01,resolve_latest_version,contracts_documents,sub-operations-no-first,unavailable,-20.416104640486267,-15.258707063817432,5.157397576668835
qwen3-4b,structural,structural:contracts_documents-latest_version-01:sub-operations-no-gold:pre_action,contracts_documents-latest_version-01,resolve_latest_version,contracts_documents,sub-operations-no-gold,unavailable,-20.416104640486267,-17.694864125101333,2.7212405153849346
qwen3-4b,structural,structural:contracts_documents-latest_version-01:sub-operations-no-last:after_penultimate_success,contracts_documents-latest_version-01,resolve_latest_version,contracts_documents,sub-operations-no-last,budget_exhausted,-37.91129203700948,-20.502492874061126,17.408799162948355
qwen3-4b,structural,structural:contracts_documents-latest_version-03:sub-operations-first-only:after_first_success,contracts_documents-latest_version-03,resolve_latest_version,contracts_documents,sub-operations-first-only,budget_exhausted,-21.22738905864552,-32.292563219772354,-11.065174161126833
qwen3-4b,structural,structural:contracts_documents-latest_version-03:sub-operations-no-first:pre_action,contracts_documents-latest_version-03,resolve_latest_version,contracts_documents,sub-operations-no-first,unavailable,-20.35322954377503,-16.89851508808924,3.4547144556857887
qwen3-4b,structural,structural:contracts_documents-latest_version-03:sub-operations-no-gold:pre_action,contracts_documents-latest_version-03,resolve_latest_version,contracts_documents,sub-operations-no-gold,unavailable,-20.35322954377503,-23.800296042036834,-3.4470664982618047
qwen3-4b,structural,structural:contracts_documents-latest_version-03:sub-operations-no-last:after_penultimate_success,contracts_documents-latest_version-03,resolve_latest_version,contracts_documents,sub-operations-no-last,budget_exhausted,-31.286299454504174,-20.125004753655702,11.161294700848472
qwen3-4b,structural,structural:contracts_documents-latest_version-04:sub-operations-first-only:after_first_success,contracts_documents-latest_version-04,resolve_latest_version,contracts_documents,sub-operations-first-only,budget_exhausted,-26.348806479480935,-31.6536163266615,-5.3048098471805645
qwen3-4b,structural,structural:contracts_documents-latest_version-04:sub-operations-no-first:pre_action,contracts_documents-latest_version-04,resolve_latest_version,contracts_documents,sub-operations-no-first,unavailable,-17.223812008263238,-14.349324166343479,2.874487841919759
qwen3-4b,structural,structural:contracts_documents-latest_version-04:sub-operations-no-gold:pre_action,contracts_documents-latest_version-04,resolve_latest_version,contracts_documents,sub-operations-no-gold,unavailable,-17.223812008263238,-20.04422725152589,-2.8204152432626515
qwen3-4b,structural,structural:contracts_documents-latest_version-04:sub-operations-no-last:after_penultimate_success,contracts_documents-latest_version-04,resolve_latest_version,contracts_documents,sub-operations-no-last,budget_exhausted,-39.09878819543577,-21.000338127991775,18.098450067444
qwen3-4b,structural,structural:contracts_documents-obligation_owner-02:sub-operations-first-only:after_first_success,contracts_documents-obligation_owner-02,resolve_obligation_owner,contracts_documents,sub-operations-first-only,budget_exhausted,-31.911334622270196,-34.716116934649484,-2.804782312379288
qwen3-4b,structural,structural:contracts_documents-obligation_owner-02:sub-operations-no-first:pre_action,contracts_documents-obligation_owner-02,resolve_obligation_owner,contracts_documents,sub-operations-no-first,budget_exhausted,-17.63756259953712,-13.565119620694887,4.072442978842233
qwen3-4b,structural,structural:contracts_documents-obligation_owner-02:sub-operations-no-gold:pre_action,contracts_documents-obligation_owner-02,resolve_obligation_owner,contracts_documents,sub-operations-no-gold,unavailable,-17.63756259953712,-14.863222935929429,2.774339663607691
qwen3-4b,structural,structural:contracts_documents-obligation_owner-02:sub-operations-no-last:after_penultimate_success,contracts_documents-obligation_owner-02,resolve_obligation_owner,contracts_documents,sub-operations-no-last,budget_exhausted,-30.786311434636687,-20.875061398912983,9.911250035723704
qwen3-4b,structural,structural:contracts_documents-obligation_owner-04:sub-operations-first-only:after_first_success,contracts_documents-obligation_owner-04,resolve_obligation_owner,contracts_documents,sub-operations-first-only,budget_exhausted,-32.92037986158642,-24.230141701475112,8.690238160111306
qwen3-4b,structural,structural:contracts_documents-obligation_owner-04:sub-operations-no-first:pre_action,contracts_documents-obligation_owner-04,resolve_obligation_owner,contracts_documents,sub-operations-no-first,unavailable,-18.18813241002688,-17.34221788783634,0.8459145221905402
qwen3-4b,structural,structural:contracts_documents-obligation_owner-04:sub-operations-no-gold:pre_action,contracts_documents-obligation_owner-04,resolve_obligation_owner,contracts_documents,sub-operations-no-gold,unavailable,-18.18813241002688,-12.606499122271678,5.581633287755203
qwen3-4b,structural,structural:contracts_documents-obligation_owner-04:sub-operations-no-last:after_penultimate_success,contracts_documents-obligation_owner-04,resolve_obligation_owner,contracts_documents,sub-operations-no-last,budget_exhausted,-37.41128414426524,-20.06312473675495,17.348159407510288
qwen3-4b,structural,structural:contracts_documents-retention_class-00:sub-operations-first-only:after_first_success,contracts_documents-retention_class-00,resolve_retention_class,contracts_documents,sub-operations-first-only,budget_exhausted,-28.167523155111695,-22.799685692948238,5.3678374621634575
qwen3-4b,structural,structural:contracts_documents-retention_class-00:sub-operations-no-first:pre_action,contracts_documents-retention_class-00,resolve_retention_class,contracts_documents,sub-operations-no-first,unavailable,-18.893920081484914,-14.138442564956868,4.755477516528046
qwen3-4b,structural,structural:contracts_documents-retention_class-00:sub-operations-no-gold:pre_action,contracts_documents-retention_class-00,resolve_retention_class,contracts_documents,sub-operations-no-gold,unavailable,-18.893920081484914,-13.334735761768158,5.559184319716756
qwen3-4b,structural,structural:contracts_documents-retention_class-00:sub-operations-no-last:after_penultimate_success,contracts_documents-retention_class-00,resolve_retention_class,contracts_documents,sub-operations-no-last,unavailable,-39.911288197952445,-20.584023209063773,19.327264988888672
qwen3-4b,structural,structural:contracts_documents-retention_class-02:sub-operations-first-only:after_first_success,contracts_documents-retention_class-02,resolve_retention_class,contracts_documents,sub-operations-first-only,budget_exhausted,-31.286853075850594,-17.81307753512577,13.473775540724823
qwen3-4b,structural,structural:contracts_documents-retention_class-02:sub-operations-no-first:pre_action,contracts_documents-retention_class-02,resolve_retention_class,contracts_documents,sub-operations-no-first,budget_exhausted,-19.17583895223038,-15.641773423477979,3.5340655287524
qwen3-4b,structural,structural:contracts_documents-retention_class-02:sub-operations-no-gold:pre_action,contracts_documents-retention_class-02,resolve_retention_class,contracts_documents,sub-operations-no-gold,unavailable,-19.17583895223038,-13.931030296092068,5.244808656138311
qwen3-4b,structural,structural:contracts_documents-retention_class-02:sub-operations-no-last:after_penultimate_success,contracts_documents-retention_class-02,resolve_retention_class,contracts_documents,sub-operations-no-last,budget_exhausted,-39.16128056535163,-20.312512000415538,18.848768564936094
qwen3-4b,structural,structural:contracts_documents-retention_class-03:sub-operations-first-only:after_first_success,contracts_documents-retention_class-03,resolve_retention_class,contracts_documents,sub-operations-first-only,budget_exhausted,-35.66121620533912,-18.8126120124726,16.848604192866524
qwen3-4b,structural,structural:contracts_documents-retention_class-03:sub-operations-no-first:pre_action,contracts_documents-retention_class-03,resolve_retention_class,contracts_documents,sub-operations-no-first,budget_exhausted,-16.841593937986787,-13.101135469216956,3.7404584687698303
qwen3-4b,structural,structural:contracts_documents-retention_class-03:sub-operations-no-gold:pre_action,contracts_documents-retention_class-03,resolve_retention_class,contracts_documents,sub-operations-no-gold,unavailable,-16.841593937986787,-12.625859276336804,4.215734661649982
qwen3-4b,structural,structural:contracts_documents-retention_class-03:sub-operations-no-last:after_penultimate_success,contracts_documents-retention_class-03,resolve_retention_class,contracts_documents,sub-operations-no-last,budget_exhausted,-31.848796026254178,-20.437510609786052,11.411285416468125
qwen3-4b,structural,structural:contracts_documents-retention_class-04:sub-operations-first-only:after_first_success,contracts_documents-retention_class-04,resolve_retention_class,contracts_documents,sub-operations-first-only,budget_exhausted,-31.095577777313437,-18.502928031746883,12.592649745566554
qwen3-4b,structural,structural:contracts_documents-retention_class-04:sub-operations-no-first:pre_action,contracts_documents-retention_class-04,resolve_retention_class,contracts_documents,sub-operations-no-first,budget_exhausted,-17.953226895340237,-15.911825375114034,2.041401520226202
qwen3-4b,structural,structural:contracts_documents-retention_class-04:sub-operations-no-gold:pre_action,contracts_documents-retention_class-04,resolve_retention_class,contracts_documents,sub-operations-no-gold,unavailable,-17.953226895340237,-16.589714903763706,1.3635119915765301
qwen3-4b,structural,structural:contracts_documents-retention_class-04:sub-operations-no-last:after_penultimate_success,contracts_documents-retention_class-04,resolve_retention_class,contracts_documents,sub-operations-no-last,budget_exhausted,-39.53628629317292,-20.18824948016755,19.348036813005372
qwen3-4b,structural,structural:contracts_documents-section_summary-01:sub-operations-first-only:after_first_success,contracts_documents-section_summary-01,resolve_section_summary,contracts_documents,sub-operations-first-only,budget_exhausted,-32.86743409298381,-26.166404273230057,6.7010298197537495
qwen3-4b,structural,structural:contracts_documents-section_summary-01:sub-operations-no-first:pre_action,contracts_documents-section_summary-01,resolve_section_summary,contracts_documents,sub-operations-no-first,unavailable,-22.0580852697751,-17.54289130668014,4.5151939630949585
qwen3-4b,structural,structural:contracts_documents-section_summary-01:sub-operations-no-gold:pre_action,contracts_documents-section_summary-01,resolve_section_summary,contracts_documents,sub-operations-no-gold,unavailable,-22.0580852697751,-16.870711231626807,5.187374038148292
qwen3-4b,structural,structural:contracts_documents-section_summary-01:sub-operations-no-last:after_penultimate_success,contracts_documents-section_summary-01,resolve_section_summary,contracts_documents,sub-operations-no-last,budget_exhausted,-37.161282359764776,-21.375002380937957,15.786279978826819
qwen3-4b,structural,structural:contracts_documents-section_summary-02:sub-operations-first-only:after_first_success,contracts_documents-section_summary-02,resolve_section_summary,contracts_documents,sub-operations-first-only,budget_exhausted,-32.54265740762293,-25.856163993930032,6.686493413692901
qwen3-4b,structural,structural:contracts_documents-section_summary-02:sub-operations-no-first:pre_action,contracts_documents-section_summary-02,resolve_section_summary,contracts_documents,sub-operations-no-first,unavailable,-22.836459678536812,-21.06417516303508,1.772284515501731
qwen3-4b,structural,structural:contracts_documents-section_summary-02:sub-operations-no-gold:pre_action,contracts_documents-section_summary-02,resolve_section_summary,contracts_documents,sub-operations-no-gold,unavailable,-22.836459678536812,-19.123071108832235,3.713388569704577
qwen3-4b,structural,structural:contracts_documents-section_summary-02:sub-operations-no-last:after_penultimate_success,contracts_documents-section_summary-02,resolve_section_summary,contracts_documents,sub-operations-no-last,budget_exhausted,-36.47379475571175,-21.37500421596178,15.09879053974997
qwen3-4b,structural,structural:contracts_documents-section_summary-03:sub-operations-first-only:after_first_success,contracts_documents-section_summary-03,resolve_section_summary,contracts_documents,sub-operations-first-only,budget_exhausted,-32.85063302740604,-21.62904052659068,11.221592500815362
qwen3-4b,structural,structural:contracts_documents-section_summary-03:sub-operations-no-first:pre_action,contracts_documents-section_summary-03,resolve_section_summary,contracts_documents,sub-operations-no-first,budget_exhausted,-21.265949525133657,-19.043256373581684,2.2226931515519723
qwen3-4b,structural,structural:contracts_documents-section_summary-03:sub-operations-no-gold:pre_action,contracts_documents-section_summary-03,resolve_section_summary,contracts_documents,sub-operations-no-gold,unavailable,-21.265949525133657,-19.6912885747036,1.574660950430058
qwen3-4b,structural,structural:contracts_documents-section_summary-03:sub-operations-no-last:after_penultimate_success,contracts_documents-section_summary-03,resolve_section_summary,contracts_documents,sub-operations-no-last,budget_exhausted,-37.598787974422216,-20.93750244061308,16.661285533809135
qwen3-4b,structural,structural:contracts_documents-section_summary-04:sub-operations-first-only:after_first_success,contracts_documents-section_summary-04,resolve_section_summary,contracts_documents,sub-operations-first-only,budget_exhausted,-31.97387100205311,-18.835307522269396,13.138563479783713
qwen3-4b,structural,structural:contracts_documents-section_summary-04:sub-operations-no-first:pre_action,contracts_documents-section_summary-04,resolve_section_summary,contracts_documents,sub-operations-no-first,unavailable,-19.302286095395836,-18.93940721829015,0.3628788771056861
qwen3-4b,structural,structural:contracts_documents-section_summary-04:sub-operations-no-gold:pre_action,contracts_documents-section_summary-04,resolve_section_summary,contracts_documents,sub-operations-no-gold,unavailable,-19.302286095395836,-21.050457586611813,-1.7481714912159774
qwen3-4b,structural,structural:contracts_documents-section_summary-04:sub-operations-no-last:after_penultimate_success,contracts_documents-section_summary-04,resolve_section_summary,contracts_documents,sub-operations-no-last,budget_exhausted,-25.666668025485087,-21.31250254645127,4.354165479033817
qwen3-4b,structural,structural:contracts_documents-signature_status-00:sub-operations-first-only:after_first_success,contracts_documents-signature_status-00,resolve_signature_status,contracts_documents,sub-operations-first-only,budget_exhausted,-19.85142901298446,-17.652702400128575,2.1987266128558858
qwen3-4b,structural,structural:contracts_documents-signature_status-00:sub-operations-no-first:pre_action,contracts_documents-signature_status-00,resolve_signature_status,contracts_documents,sub-operations-no-first,unavailable,-13.462140493617305,-12.488445778819958,0.9736947147973467
qwen3-4b,structural,structural:contracts_documents-signature_status-00:sub-operations-no-gold:pre_action,contracts_documents-signature_status-00,resolve_signature_status,contracts_documents,sub-operations-no-gold,unavailable,-13.462140493617305,-8.039401866149717,5.422738627467588
qwen3-4b,structural,structural:contracts_documents-signature_status-00:sub-operations-no-last:after_penultimate_success,contracts_documents-signature_status-00,resolve_signature_status,contracts_documents,sub-operations-no-last,budget_exhausted,-34.97378976232306,-19.00000215170636,15.973787610616696
qwen3-4b,structural,structural:contracts_documents-signature_status-03:sub-operations-first-only:after_first_success,contracts_documents-signature_status-03,resolve_signature_status,contracts_documents,sub-operations-first-only,budget_exhausted,-27.862862544776142,-21.604207250871816,6.258655293904326
qwen3-4b,structural,structural:contracts_documents-signature_status-03:sub-operations-no-first:pre_action,contracts_documents-signature_status-03,resolve_signature_status,contracts_documents,sub-operations-no-first,budget_exhausted,-19.104796153881175,-15.8492651827099,3.255530971171275
qwen3-4b,structural,structural:contracts_documents-signature_status-03:sub-operations-no-gold:pre_action,contracts_documents-signature_status-03,resolve_signature_status,contracts_documents,sub-operations-no-gold,unavailable,-19.104796153881175,-6.384682547706838,12.720113606174337
qwen3-4b,structural,structural:contracts_documents-signature_status-03:sub-operations-no-last:after_penultimate_success,contracts_documents-signature_status-03,resolve_signature_status,contracts_documents,sub-operations-no-last,budget_exhausted,-32.28629383903009,-19.750077207740127,12.53621663128996
qwen3-4b,structural,structural:contracts_documents-signature_status-04:sub-operations-first-only:after_first_success,contracts_documents-signature_status-04,resolve_signature_status,contracts_documents,sub-operations-first-only,budget_exhausted,-26.924870707987004,-31.143928888710313,-4.219058180723309
qwen3-4b,structural,structural:contracts_documents-signature_status-04:sub-operations-no-first:pre_action,contracts_documents-signature_status-04,resolve_signature_status,contracts_documents,sub-operations-no-first,unavailable,-15.039290803835996,-14.315573510545953,0.7237172932900435
qwen3-4b,structural,structural:contracts_documents-signature_status-04:sub-operations-no-gold:pre_action,contracts_documents-signature_status-04,resolve_signature_status,contracts_documents,sub-operations-no-gold,unavailable,-15.039290803835996,-10.236580735299796,4.8027100685362
qwen3-4b,structural,structural:contracts_documents-signature_status-04:sub-operations-no-last:after_penultimate_success,contracts_documents-signature_status-04,resolve_signature_status,contracts_documents,sub-operations-no-last,budget_exhausted,-35.91122957187055,-20.25000604189855,15.661223529971998
qwen3-4b,structural,structural:customer_support-case_owner-03:sub-operations-first-only:after_first_success,customer_support-case_owner-03,resolve_case_owner,customer_support,sub-operations-first-only,budget_exhausted,-28.0014911122817,-17.528377007545032,10.473114104736666
qwen3-4b,structural,structural:customer_support-case_owner-03:sub-operations-no-first:pre_action,customer_support-case_owner-03,resolve_case_owner,customer_support,sub-operations-no-first,unavailable,-17.04794190456434,-14.512442608790735,2.5354992957736044
qwen3-4b,structural,structural:customer_support-case_owner-03:sub-operations-no-gold:pre_action,customer_support-case_owner-03,resolve_case_owner,customer_support,sub-operations-no-gold,budget_exhausted,-17.04794190456434,-16.95694941045678,0.09099249410756016
qwen3-4b,structural,structural:customer_support-case_owner-03:sub-operations-no-last:after_penultimate_success,customer_support-case_owner-03,resolve_case_owner,customer_support,sub-operations-no-last,budget_exhausted,-41.47376975111007,-21.428527244443778,20.04524250666629
qwen3-4b,structural,structural:customer_support-case_priority-02:sub-operations-first-only:after_first_success,customer_support-case_priority-02,resolve_case_priority,customer_support,sub-operations-first-only,budget_exhausted,-33.66543908483161,-18.741282828163428,14.924156256668184
qwen3-4b,structural,structural:customer_support-case_priority-02:sub-operations-no-first:pre_action,customer_support-case_priority-02,resolve_case_priority,customer_support,sub-operations-no-first,unavailable,-17.41024171684979,-16.828566335269095,0.5816753815806948
qwen3-4b,structural,structural:customer_support-case_priority-02:sub-operations-no-gold:pre_action,customer_support-case_priority-02,resolve_case_priority,customer_support,sub-operations-no-gold,budget_exhausted,-17.41024171684979,-12.902021166977725,4.508220549872064
qwen3-4b,structural,structural:customer_support-case_priority-02:sub-operations-no-last:after_penultimate_success,customer_support-case_priority-02,resolve_case_priority,customer_support,sub-operations-no-last,budget_exhausted,-44.9737930250746,-24.294470772339302,20.679322252735297
qwen3-4b,structural,structural:customer_support-case_priority-03:sub-operations-first-only:after_first_success,customer_support-case_priority-03,resolve_case_priority,customer_support,sub-operations-first-only,budget_exhausted,-34.489700555990254,-29.167726473899684,5.32197408209057
qwen3-4b,structural,structural:customer_support-case_priority-03:sub-operations-no-first:pre_action,customer_support-case_priority-03,resolve_case_priority,customer_support,sub-operations-no-first,unavailable,-19.007638073725644,-18.250021898699224,0.7576161750264205
qwen3-4b,structural,structural:customer_support-case_priority-03:sub-operations-no-gold:pre_action,customer_support-case_priority-03,resolve_case_priority,customer_support,sub-operations-no-gold,budget_exhausted,-19.007638073725644,-10.493054752028215,8.51458332169743
qwen3-4b,structural,structural:customer_support-case_priority-03:sub-operations-no-last:after_penultimate_success,customer_support-case_priority-03,resolve_case_priority,customer_support,sub-operations-no-last,budget_exhausted,-37.1612980511193,-21.21440085612548,15.946897194993824
qwen3-4b,structural,structural:customer_support-case_priority-04:sub-operations-first-only:after_first_success,customer_support-case_priority-04,resolve_case_priority,customer_support,sub-operations-first-only,budget_exhausted,-36.036351845255496,-24.419238676907334,11.617113168348162
qwen3-4b,structural,structural:customer_support-case_priority-04:sub-operations-no-first:pre_action,customer_support-case_priority-04,resolve_case_priority,customer_support,sub-operations-no-first,unavailable,-15.634680452825847,-11.970855700789627,3.66382475203622
qwen3-4b,structural,structural:customer_support-case_priority-04:sub-operations-no-gold:pre_action,customer_support-case_priority-04,resolve_case_priority,customer_support,sub-operations-no-gold,budget_exhausted,-15.634680452825847,-11.416994861216516,4.217685591609332
qwen3-4b,structural,structural:customer_support-case_priority-04:sub-operations-no-last:after_penultimate_success,customer_support-case_priority-04,resolve_case_priority,customer_support,sub-operations-no-last,budget_exhausted,-43.598791475667674,-26.915189167309514,16.68360230835816
qwen3-4b,structural,structural:customer_support-contact_channel-00:sub-operations-first-only:after_first_success,customer_support-contact_channel-00,resolve_contact_channel,customer_support,sub-operations-first-only,unavailable,-31.90793655839623,-16.567761329702684,15.340175228693546
qwen3-4b,structural,structural:customer_support-contact_channel-00:sub-operations-no-first:pre_action,customer_support-contact_channel-00,resolve_contact_channel,customer_support,sub-operations-no-first,unavailable,-17.97435079592009,-17.074265718806394,0.9000850771136939
qwen3-4b,structural,structural:customer_support-contact_channel-00:sub-operations-no-gold:pre_action,customer_support-contact_channel-00,resolve_contact_channel,customer_support,sub-operations-no-gold,budget_exhausted,-17.97435079592009,-17.713266795997065,0.26108399992302367
qwen3-4b,structural,structural:customer_support-contact_channel-00:sub-operations-no-last:after_penultimate_success,customer_support-contact_channel-00,resolve_contact_channel,customer_support,sub-operations-no-last,budget_exhausted,-42.53629942872374,-19.066411482535443,23.469887946188294
qwen3-4b,structural,structural:customer_support-contact_channel-01:sub-operations-first-only:after_first_success,customer_support-contact_channel-01,resolve_contact_channel,customer_support,sub-operations-first-only,budget_exhausted,-37.47398538718416,-17.949125643450678,19.52485974373348
qwen3-4b,structural,structural:customer_support-contact_channel-01:sub-operations-no-first:pre_action,customer_support-contact_channel-01,resolve_contact_channel,customer_support,sub-operations-no-first,unavailable,-18.275481416603277,-15.106747133075856,3.168734283527421
qwen3-4b,structural,structural:customer_support-contact_channel-01:sub-operations-no-gold:pre_action,customer_support-contact_channel-01,resolve_contact_channel,customer_support,sub-operations-no-gold,budget_exhausted,-18.275481416603277,-16.379872173691574,1.8956092429117035
qwen3-4b,structural,structural:customer_support-contact_channel-01:sub-operations-no-last:after_penultimate_success,customer_support-contact_channel-01,resolve_contact_channel,customer_support,sub-operations-no-last,budget_exhausted,-44.84879780152791,-29.093182747789598,15.75561505373831
qwen3-4b,structural,structural:customer_support-contact_channel-02:sub-operations-first-only:after_first_success,customer_support-contact_channel-02,resolve_contact_channel,customer_support,sub-operations-first-only,budget_exhausted,-30.40642655554388,-16.823570572094177,13.582855983449704
qwen3-4b,structural,structural:customer_support-contact_channel-02:sub-operations-no-first:pre_action,customer_support-contact_channel-02,resolve_contact_channel,customer_support,sub-operations-no-first,unavailable,-12.938767516120357,-12.94159191501467,-0.0028243988943117415
qwen3-4b,structural,structural:customer_support-contact_channel-02:sub-operations-no-gold:pre_action,customer_support-contact_channel-02,resolve_contact_channel,customer_support,sub-operations-no-gold,budget_exhausted,-12.938767516120357,-14.222345536309064,-1.2835780201887061
qwen3-4b,structural,structural:customer_support-contact_channel-02:sub-operations-no-last:after_penultimate_success,customer_support-contact_channel-02,resolve_contact_channel,customer_support,sub-operations-no-last,budget_exhausted,-37.473796549862485,-18.951278054509814,18.52251849535267
qwen3-4b,structural,structural:customer_support-contact_channel-04:sub-operations-first-only:after_first_success,customer_support-contact_channel-04,resolve_contact_channel,customer_support,sub-operations-first-only,budget_exhausted,-31.723976810049813,-27.7752393558994,3.948737454150411
qwen3-4b,structural,structural:customer_support-contact_channel-04:sub-operations-no-first:pre_action,customer_support-contact_channel-04,resolve_contact_channel,customer_support,sub-operations-no-first,unavailable,-16.542892301989774,-14.806449598249444,1.7364427037403303
qwen3-4b,structural,structural:customer_support-contact_channel-04:sub-operations-no-gold:pre_action,customer_support-contact_channel-04,resolve_contact_channel,customer_support,sub-operations-no-gold,budget_exhausted,-16.542892301989774,-12.946232550547137,3.596659751442637
qwen3-4b,structural,structural:customer_support-contact_channel-04:sub-operations-no-last:after_penultimate_success,customer_support-contact_channel-04,resolve_contact_channel,customer_support,sub-operations-no-last,budget_exhausted,-39.5987883963422,-23.58493789042864,16.01385050591356
qwen3-4b,structural,structural:customer_support-escalation_target-00:sub-operations-first-only:after_first_success,customer_support-escalation_target-00,resolve_escalation_target,customer_support,sub-operations-first-only,budget_exhausted,-24.348826204685366,-17.90904869405142,6.439777510633945
qwen3-4b,structural,structural:customer_support-escalation_target-00:sub-operations-no-first:pre_action,customer_support-escalation_target-00,resolve_escalation_target,customer_support,sub-operations-no-first,budget_exhausted,-9.85280175790622,-7.494667587632122,2.3581341702740986
qwen3-4b,structural,structural:customer_support-escalation_target-00:sub-operations-no-gold:pre_action,customer_support-escalation_target-00,resolve_escalation_target,customer_support,sub-operations-no-gold,unavailable,-9.85280175790622,-10.179533476422336,-0.3267317185161147
qwen3-4b,structural,structural:customer_support-escalation_target-00:sub-operations-no-last:after_penultimate_success,customer_support-escalation_target-00,resolve_escalation_target,customer_support,sub-operations-no-last,budget_exhausted,-26.911446759895725,-18.625002596644798,8.286444163250927
qwen3-4b,structural,structural:customer_support-escalation_target-02:sub-operations-first-only:after_first_success,customer_support-escalation_target-02,resolve_escalation_target,customer_support,sub-operations-first-only,budget_exhausted,-22.187354324442886,-22.544346256814563,-0.3569919323716775
qwen3-4b,structural,structural:customer_support-escalation_target-02:sub-operations-no-first:pre_action,customer_support-escalation_target-02,resolve_escalation_target,customer_support,sub-operations-no-first,unavailable,-10.012598228111287,-6.251005550815705,3.7615926772955817
qwen3-4b,structural,structural:customer_support-escalation_target-02:sub-operations-no-gold:pre_action,customer_support-escalation_target-02,resolve_escalation_target,customer_support,sub-operations-no-gold,budget_exhausted,-10.012598228111287,-13.246255179294899,-3.2336569511836117
qwen3-4b,structural,structural:customer_support-escalation_target-02:sub-operations-no-last:after_penultimate_success,customer_support-escalation_target-02,resolve_escalation_target,customer_support,sub-operations-no-last,unavailable,-36.84880238615103,-19.75002064683953,17.098781739311498
qwen3-4b,structural,structural:customer_support-escalation_target-03:sub-operations-first-only:after_first_success,customer_support-escalation_target-03,resolve_escalation_target,customer_support,sub-operations-first-only,budget_exhausted,-22.224706350931598,-32.29279979423711,-10.068093443305514
qwen3-4b,structural,structural:customer_support-escalation_target-03:sub-operations-no-first:pre_action,customer_support-escalation_target-03,resolve_escalation_target,customer_support,sub-operations-no-first,budget_exhausted,-11.773448803481074,-6.412323009641675,5.361125793839399
qwen3-4b,structural,structural:customer_support-escalation_target-03:sub-operations-no-gold:pre_action,customer_support-escalation_target-03,resolve_escalation_target,customer_support,sub-operations-no-gold,budget_exhausted,-11.773448803481074,-12.133253929767562,-0.35980512628648853
qwen3-4b,structural,structural:customer_support-escalation_target-03:sub-operations-no-last:after_penultimate_success,customer_support-escalation_target-03,resolve_escalation_target,customer_support,sub-operations-no-last,budget_exhausted,-35.098804892072835,-18.937429385798723,16.161375506274112
qwen3-4b,structural,structural:customer_support-escalation_target-04:sub-operations-first-only:after_first_success,customer_support-escalation_target-04,resolve_escalation_target,customer_support,sub-operations-first-only,budget_exhausted,-24.97585532175502,-19.315078449075713,5.660776872679307
qwen3-4b,structural,structural:customer_support-escalation_target-04:sub-operations-no-first:pre_action,customer_support-escalation_target-04,resolve_escalation_target,customer_support,sub-operations-no-first,budget_exhausted,-15.107586315834354,-11.20637134018974,3.9012149756446135
qwen3-4b,structural,structural:customer_support-escalation_target-04:sub-operations-no-gold:pre_action,customer_support-escalation_target-04,resolve_escalation_target,customer_support,sub-operations-no-gold,budget_exhausted,-15.107586315834354,-10.632821374434883,4.474764941399471
qwen3-4b,structural,structural:customer_support-escalation_target-04:sub-operations-no-last:after_penultimate_success,customer_support-escalation_target-04,resolve_escalation_target,customer_support,sub-operations-no-last,budget_exhausted,-39.97380572687983,-20.03710474261473,19.9367009842651
qwen3-4b,structural,structural:customer_support-next_action-00:sub-operations-first-only:after_first_success,customer_support-next_action-00,resolve_next_action,customer_support,sub-operations-first-only,unavailable,-28.04962788554277,-19.053530674296766,8.996097211246003
qwen3-4b,structural,structural:customer_support-next_action-00:sub-operations-no-first:pre_action,customer_support-next_action-00,resolve_next_action,customer_support,sub-operations-no-first,unavailable,-15.644539460244296,-11.612243110122982,4.032296350121314
qwen3-4b,structural,structural:customer_support-next_action-00:sub-operations-no-gold:pre_action,customer_support-next_action-00,resolve_next_action,customer_support,sub-operations-no-gold,unavailable,-15.644539460244296,-16.411777865360754,-0.7672384051164585
qwen3-4b,structural,structural:customer_support-next_action-00:sub-operations-no-last:after_penultimate_success,customer_support-next_action-00,resolve_next_action,customer_support,sub-operations-no-last,budget_exhausted,-39.22380071425461,-25.672804229908365,13.550996484346243
qwen3-4b,structural,structural:customer_support-next_action-01:sub-operations-first-only:after_first_success,customer_support-next_action-01,resolve_next_action,customer_support,sub-operations-first-only,budget_exhausted,-28.9996117465002,-18.514587540851096,10.485024205649104
qwen3-4b,structural,structural:customer_support-next_action-01:sub-operations-no-first:pre_action,customer_support-next_action-01,resolve_next_action,customer_support,sub-operations-no-first,unavailable,-17.017630761020484,-12.5512518328675,4.466378928152984
qwen3-4b,structural,structural:customer_support-next_action-01:sub-operations-no-gold:pre_action,customer_support-next_action-01,resolve_next_action,customer_support,sub-operations-no-gold,budget_exhausted,-17.017630761020484,-16.783532132379634,0.23409862864085085
qwen3-4b,structural,structural:customer_support-next_action-01:sub-operations-no-last:after_penultimate_success,customer_support-next_action-01,resolve_next_action,customer_support,sub-operations-no-last,budget_exhausted,-37.53629584653536,-21.375002247868153,16.161293598667207
qwen3-4b,structural,structural:customer_support-next_action-02:sub-operations-first-only:after_first_success,customer_support-next_action-02,resolve_next_action,customer_support,sub-operations-first-only,budget_exhausted,-34.43623680702598,-21.628453300159876,12.807783506866102
qwen3-4b,structural,structural:customer_support-next_action-02:sub-operations-no-first:pre_action,customer_support-next_action-02,resolve_next_action,customer_support,sub-operations-no-first,budget_exhausted,-23.136771385569503,-14.418405668266772,8.718365717302731
qwen3-4b,structural,structural:customer_support-next_action-02:sub-operations-no-gold:pre_action,customer_support-next_action-02,resolve_next_action,customer_support,sub-operations-no-gold,budget_exhausted,-23.136771385569503,-16.815391167965352,6.321380217604151
qwen3-4b,structural,structural:customer_support-next_action-02:sub-operations-no-last:after_penultimate_success,customer_support-next_action-02,resolve_next_action,customer_support,sub-operations-no-last,budget_exhausted,-37.66130002184344,-21.375003146496027,16.28629687534741
qwen3-4b,structural,structural:customer_support-next_action-04:sub-operations-first-only:after_first_success,customer_support-next_action-04,resolve_next_action,customer_support,sub-operations-first-only,budget_exhausted,-33.38317235265245,-27.855325096888357,5.527847255764094
qwen3-4b,structural,structural:customer_support-next_action-04:sub-operations-no-first:pre_action,customer_support-next_action-04,resolve_next_action,customer_support,sub-operations-no-first,unavailable,-20.104882828550572,-14.37113524541192,5.733747583138651
qwen3-4b,structural,structural:customer_support-next_action-04:sub-operations-no-gold:pre_action,customer_support-next_action-04,resolve_next_action,customer_support,sub-operations-no-gold,unavailable,-20.104882828550572,-17.248910228767052,2.85597259978352
qwen3-4b,structural,structural:customer_support-next_action-04:sub-operations-no-last:after_penultimate_success,customer_support-next_action-04,resolve_next_action,customer_support,sub-operations-no-last,budget_exhausted,-44.036292724092206,-21.81250006547217,22.223792658620035
qwen3-4b,structural,structural:customer_support-refund_eligibility-00:sub-operations-first-only:after_first_success,customer_support-refund_eligibility-00,resolve_refund_eligibility,customer_support,sub-operations-first-only,budget_exhausted,-26.22392146091795,-38.0424980839779,-11.818576623059947
qwen3-4b,structural,structural:customer_support-refund_eligibility-00:sub-operations-no-first:pre_action,customer_support-refund_eligibility-00,resolve_refund_eligibility,customer_support,sub-operations-no-first,unavailable,-15.460698341458574,-13.11625466436002,2.3444436770985533
qwen3-4b,structural,structural:customer_support-refund_eligibility-00:sub-operations-no-gold:pre_action,customer_support-refund_eligibility-00,resolve_refund_eligibility,customer_support,sub-operations-no-gold,unavailable,-15.460698341458574,-11.187576333798852,4.2731220076597225
qwen3-4b,structural,structural:customer_support-refund_eligibility-00:sub-operations-no-last:after_penultimate_success,customer_support-refund_eligibility-00,resolve_refund_eligibility,customer_support,sub-operations-no-last,budget_exhausted,-37.28625699727806,-18.68999543798205,18.59626155929601
qwen3-4b,structural,structural:customer_support-refund_eligibility-02:sub-operations-first-only:after_first_success,customer_support-refund_eligibility-02,resolve_refund_eligibility,customer_support,sub-operations-first-only,budget_exhausted,-29.723836817814416,-39.5427276600435,-9.81889084222908
qwen3-4b,structural,structural:customer_support-refund_eligibility-02:sub-operations-no-first:pre_action,customer_support-refund_eligibility-02,resolve_refund_eligibility,customer_support,sub-operations-no-first,unavailable,-15.338379161947785,-9.7070266451178,5.631352516829985
qwen3-4b,structural,structural:customer_support-refund_eligibility-02:sub-operations-no-gold:pre_action,customer_support-refund_eligibility-02,resolve_refund_eligibility,customer_support,sub-operations-no-gold,unavailable,-15.338379161947785,-6.5055578250923105,8.832821336855474
qwen3-4b,structural,structural:customer_support-refund_eligibility-02:sub-operations-no-last:after_penultimate_success,customer_support-refund_eligibility-02,resolve_refund_eligibility,customer_support,sub-operations-no-last,unavailable,-34.66126303772831,-20.22720277586256,14.434060261865753
qwen3-4b,structural,structural:customer_support-refund_eligibility-04:sub-operations-first-only:after_first_success,customer_support-refund_eligibility-04,resolve_refund_eligibility,customer_support,sub-operations-first-only,budget_exhausted,-30.723876264201287,-25.35379443227768,5.370081831923606
qwen3-4b,structural,structural:customer_support-refund_eligibility-04:sub-operations-no-first:pre_action,customer_support-refund_eligibility-04,resolve_refund_eligibility,customer_support,sub-operations-no-first,unavailable,-19.370099635939837,-20.484820041827774,-1.1147204058879367
qwen3-4b,structural,structural:customer_support-refund_eligibility-04:sub-operations-no-gold:pre_action,customer_support-refund_eligibility-04,resolve_refund_eligibility,customer_support,sub-operations-no-gold,unavailable,-19.370099635939837,-9.118911432383243,10.251188203556595
qwen3-4b,structural,structural:customer_support-refund_eligibility-04:sub-operations-no-last:after_penultimate_success,customer_support-refund_eligibility-04,resolve_refund_eligibility,customer_support,sub-operations-no-last,budget_exhausted,-42.473692602769674,-18.76471250126992,23.708980101499755
qwen3-4b,structural,structural:customer_support-service_entitlement-02:sub-operations-first-only:after_first_success,customer_support-service_entitlement-02,resolve_service_entitlement,customer_support,sub-operations-first-only,budget_exhausted,-37.723795124785404,-25.70065006642939,12.023145058356015
qwen3-4b,structural,structural:customer_support-service_entitlement-02:sub-operations-no-first:pre_action,customer_support-service_entitlement-02,resolve_service_entitlement,customer_support,sub-operations-no-first,unavailable,-19.52415538880227,-17.100625225869713,2.4235301629325576
qwen3-4b,structural,structural:customer_support-service_entitlement-02:sub-operations-no-gold:pre_action,customer_support-service_entitlement-02,resolve_service_entitlement,customer_support,sub-operations-no-gold,budget_exhausted,-19.52415538880227,-12.774566773673783,6.749588615128488
qwen3-4b,structural,structural:customer_support-service_entitlement-02:sub-operations-no-last:after_penultimate_success,customer_support-service_entitlement-02,resolve_service_entitlement,customer_support,sub-operations-no-last,budget_exhausted,-44.22482405123685,-40.6221569635567,3.602667087680153
qwen3-4b,structural,structural:finance_ledger-available_balance-01:sub-operations-first-only:after_first_success,finance_ledger-available_balance-01,resolve_available_balance,finance_ledger,sub-operations-first-only,budget_exhausted,-25.599309745465845,-31.792282153398304,-6.192972407932459
qwen3-4b,structural,structural:finance_ledger-available_balance-01:sub-operations-no-first:pre_action,finance_ledger-available_balance-01,resolve_available_balance,finance_ledger,sub-operations-no-first,budget_exhausted,-10.490466312872137,-9.604017518082223,0.8864487947899136
qwen3-4b,structural,structural:finance_ledger-available_balance-01:sub-operations-no-gold:pre_action,finance_ledger-available_balance-01,resolve_available_balance,finance_ledger,sub-operations-no-gold,budget_exhausted,-10.490466312872137,-10.49017364247976,0.0002926703923762375
qwen3-4b,structural,structural:finance_ledger-available_balance-01:sub-operations-no-last:after_penultimate_success,finance_ledger-available_balance-01,resolve_available_balance,finance_ledger,sub-operations-no-last,budget_exhausted,-34.59886647634323,-19.742169414524874,14.856697061818359
qwen3-4b,structural,structural:finance_ledger-book_balance-00:sub-operations-first-only:after_first_success,finance_ledger-book_balance-00,resolve_book_balance,finance_ledger,sub-operations-first-only,budget_exhausted,-27.91134502090138,-20.245446238151345,7.665898782750034
qwen3-4b,structural,structural:finance_ledger-book_balance-00:sub-operations-no-first:pre_action,finance_ledger-book_balance-00,resolve_book_balance,finance_ledger,sub-operations-no-first,budget_exhausted,-14.224280927128142,-13.500734828725967,0.7235460984021742
qwen3-4b,structural,structural:finance_ledger-book_balance-00:sub-operations-no-gold:pre_action,finance_ledger-book_balance-00,resolve_book_balance,finance_ledger,sub-operations-no-gold,budget_exhausted,-14.224280927128142,-13.259473729356188,0.9648071977719539
qwen3-4b,structural,structural:finance_ledger-book_balance-00:sub-operations-no-last:after_penultimate_success,finance_ledger-book_balance-00,resolve_book_balance,finance_ledger,sub-operations-no-last,unavailable,-36.72380422074293,-25.04180552040225,11.681998700340678
qwen3-4b,structural,structural:finance_ledger-book_balance-02:sub-operations-first-only:after_first_success,finance_ledger-book_balance-02,resolve_book_balance,finance_ledger,sub-operations-first-only,budget_exhausted,-28.424259565879055,-22.438426003842494,5.985833562036561
qwen3-4b,structural,structural:finance_ledger-book_balance-02:sub-operations-no-first:pre_action,finance_ledger-book_balance-02,resolve_book_balance,finance_ledger,sub-operations-no-first,budget_exhausted,-12.011185912281078,-4.156346227223203,7.854839685057875
qwen3-4b,structural,structural:finance_ledger-book_balance-02:sub-operations-no-gold:pre_action,finance_ledger-book_balance-02,resolve_book_balance,finance_ledger,sub-operations-no-gold,budget_exhausted,-12.011185912281078,-16.599926844763424,-4.588740932482345
qwen3-4b,structural,structural:finance_ledger-book_balance-02:sub-operations-no-last:after_penultimate_success,finance_ledger-book_balance-02,resolve_book_balance,finance_ledger,sub-operations-no-last,budget_exhausted,-38.72385847545905,-20.99820470039215,17.725653775066903
qwen3-4b,structural,structural:finance_ledger-book_balance-03:sub-operations-first-only:after_first_success,finance_ledger-book_balance-03,resolve_book_balance,finance_ledger,sub-operations-first-only,budget_exhausted,-36.09821540924488,-24.54309785335628,11.5551175558886
qwen3-4b,structural,structural:finance_ledger-book_balance-03:sub-operations-no-first:pre_action,finance_ledger-book_balance-03,resolve_book_balance,finance_ledger,sub-operations-no-first,budget_exhausted,-16.810401672360705,-8.395412729306422,8.414988943054283
qwen3-4b,structural,structural:finance_ledger-book_balance-03:sub-operations-no-gold:pre_action,finance_ledger-book_balance-03,resolve_book_balance,finance_ledger,sub-operations-no-gold,budget_exhausted,-16.810401672360705,-16.77792581815109,0.03247585420961485
qwen3-4b,structural,structural:finance_ledger-book_balance-03:sub-operations-no-last:after_penultimate_success,finance_ledger-book_balance-03,resolve_book_balance,finance_ledger,sub-operations-no-last,budget_exhausted,-41.16131631699003,-23.147706130250725,18.013610186739307
qwen3-4b,structural,structural:finance_ledger-budget_variance-00:sub-operations-first-only:after_first_success,finance_ledger-budget_variance-00,resolve_budget_variance,finance_ledger,sub-operations-first-only,budget_exhausted,-26.860467796377705,-28.908581892963124,-2.0481140965854188
qwen3-4b,structural,structural:finance_ledger-budget_variance-00:sub-operations-no-first:pre_action,finance_ledger-budget_variance-00,resolve_budget_variance,finance_ledger,sub-operations-no-first,unavailable,-16.460693719101542,-17.81553149216259,-1.3548377730610497
qwen3-4b,structural,structural:finance_ledger-budget_variance-00:sub-operations-no-gold:pre_action,finance_ledger-budget_variance-00,resolve_budget_variance,finance_ledger,sub-operations-no-gold,budget_exhausted,-16.460693719101542,-10.819040182137705,5.641653536963837
qwen3-4b,structural,structural:finance_ledger-budget_variance-00:sub-operations-no-last:after_penultimate_success,finance_ledger-budget_variance-00,resolve_budget_variance,finance_ledger,sub-operations-no-last,budget_exhausted,-40.28629582430774,-28.34136624501523,11.944929579292513
qwen3-4b,structural,structural:finance_ledger-budget_variance-01:sub-operations-first-only:after_first_success,finance_ledger-budget_variance-01,resolve_budget_variance,finance_ledger,sub-operations-first-only,unavailable,-23.1146316200038,-28.8418227126646,-5.727191092660803
qwen3-4b,structural,structural:finance_ledger-budget_variance-01:sub-operations-no-first:pre_action,finance_ledger-budget_variance-01,resolve_budget_variance,finance_ledger,sub-operations-no-first,unavailable,-10.713985782722943,-10.049851861846285,0.6641339208766581
qwen3-4b,structural,structural:finance_ledger-budget_variance-01:sub-operations-no-gold:pre_action,finance_ledger-budget_variance-01,resolve_budget_variance,finance_ledger,sub-operations-no-gold,unavailable,-10.713985782722943,-10.429351856375547,0.2846339263473965
qwen3-4b,structural,structural:finance_ledger-budget_variance-01:sub-operations-no-last:after_penultimate_success,finance_ledger-budget_variance-01,resolve_budget_variance,finance_ledger,sub-operations-no-last,budget_exhausted,-39.911299789803394,-19.090959016074578,20.820340773728816
qwen3-4b,structural,structural:finance_ledger-budget_variance-03:sub-operations-first-only:after_first_success,finance_ledger-budget_variance-03,resolve_budget_variance,finance_ledger,sub-operations-first-only,budget_exhausted,-24.230303676519277,-35.2138736953959,-10.98357001887662
qwen3-4b,structural,structural:finance_ledger-budget_variance-03:sub-operations-no-first:pre_action,finance_ledger-budget_variance-03,resolve_budget_variance,finance_ledger,sub-operations-no-first,budget_exhausted,-16.661431775707584,-13.996391739634674,2.6650400360729094
qwen3-4b,structural,structural:finance_ledger-budget_variance-03:sub-operations-no-gold:pre_action,finance_ledger-budget_variance-03,resolve_budget_variance,finance_ledger,sub-operations-no-gold,unavailable,-16.661431775707584,-14.757835863264077,1.9035959124435067
qwen3-4b,structural,structural:finance_ledger-budget_variance-03:sub-operations-no-last:after_penultimate_success,finance_ledger-budget_variance-03,resolve_budget_variance,finance_ledger,sub-operations-no-last,budget_exhausted,-36.78629916300885,-22.147312285682396,14.638986877326452
qwen3-4b,structural,structural:finance_ledger-budget_variance-04:sub-operations-first-only:after_first_success,finance_ledger-budget_variance-04,resolve_budget_variance,finance_ledger,sub-operations-first-only,budget_exhausted,-27.00068908835982,-37.2817039047192,-10.28101481635938
qwen3-4b,structural,structural:finance_ledger-budget_variance-04:sub-operations-no-first:pre_action,finance_ledger-budget_variance-04,resolve_budget_variance,finance_ledger,sub-operations-no-first,budget_exhausted,-14.066883830448809,-11.60095434942285,2.4659294810259595
qwen3-4b,structural,structural:finance_ledger-budget_variance-04:sub-operations-no-gold:pre_action,finance_ledger-budget_variance-04,resolve_budget_variance,finance_ledger,sub-operations-no-gold,unavailable,-14.066883830448809,-11.55522405114072,2.51165977930809
qwen3-4b,structural,structural:finance_ledger-budget_variance-04:sub-operations-no-last:after_penultimate_success,finance_ledger-budget_variance-04,resolve_budget_variance,finance_ledger,sub-operations-no-last,budget_exhausted,-40.22379944433861,-25.383895066971412,14.839904377367198
qwen3-4b,structural,structural:finance_ledger-fx_settlement-00:sub-operations-first-only:after_first_success,finance_ledger-fx_settlement-00,resolve_fx_settlement,finance_ledger,sub-operations-first-only,budget_exhausted,-27.414681325706802,-30.54260699765318,-3.127925671946379
qwen3-4b,structural,structural:finance_ledger-fx_settlement-00:sub-operations-no-first:pre_action,finance_ledger-fx_settlement-00,resolve_fx_settlement,finance_ledger,sub-operations-no-first,unavailable,-15.940533212401093,-11.431955078936475,4.508578133464617
qwen3-4b,structural,structural:finance_ledger-fx_settlement-00:sub-operations-no-gold:pre_action,finance_ledger-fx_settlement-00,resolve_fx_settlement,finance_ledger,sub-operations-no-gold,unavailable,-15.940533212401093,-12.742391442114481,3.198141770286611
qwen3-4b,structural,structural:finance_ledger-fx_settlement-00:sub-operations-no-last:after_penultimate_success,finance_ledger-fx_settlement-00,resolve_fx_settlement,finance_ledger,sub-operations-no-last,budget_exhausted,-33.91129332421266,-18.511058191616527,15.40023513259613
qwen3-4b,structural,structural:finance_ledger-fx_settlement-01:sub-operations-first-only:after_first_success,finance_ledger-fx_settlement-01,resolve_fx_settlement,finance_ledger,sub-operations-first-only,budget_exhausted,-25.100408446551434,-19.853375597693834,5.2470328488576
qwen3-4b,structural,structural:finance_ledger-fx_settlement-01:sub-operations-no-first:pre_action,finance_ledger-fx_settlement-01,resolve_fx_settlement,finance_ledger,sub-operations-no-first,budget_exhausted,-11.85837959847045,-9.636451468391115,2.221928130079334
qwen3-4b,structural,structural:finance_ledger-fx_settlement-01:sub-operations-no-gold:pre_action,finance_ledger-fx_settlement-01,resolve_fx_settlement,finance_ledger,sub-operations-no-gold,budget_exhausted,-11.85837959847045,-11.063776321787252,0.7946032766831976
qwen3-4b,structural,structural:finance_ledger-fx_settlement-01:sub-operations-no-last:after_penultimate_success,finance_ledger-fx_settlement-01,resolve_fx_settlement,finance_ledger,sub-operations-no-last,budget_exhausted,-32.598787763633226,-16.8861565499679,15.712631213665325
qwen3-4b,structural,structural:finance_ledger-fx_settlement-03:sub-operations-first-only:after_first_success,finance_ledger-fx_settlement-03,resolve_fx_settlement,finance_ledger,sub-operations-first-only,budget_exhausted,-26.849719599237034,-24.607594195665882,2.2421254035711513
qwen3-4b,structural,structural:finance_ledger-fx_settlement-03:sub-operations-no-first:pre_action,finance_ledger-fx_settlement-03,resolve_fx_settlement,finance_ledger,sub-operations-no-first,unavailable,-14.655928519700986,-11.708285859861661,2.9476426598393246
qwen3-4b,structural,structural:finance_ledger-fx_settlement-03:sub-operations-no-gold:pre_action,finance_ledger-fx_settlement-03,resolve_fx_settlement,finance_ledger,sub-operations-no-gold,budget_exhausted,-14.655928519700986,-8.77174620242593,5.884182317275055
qwen3-4b,structural,structural:finance_ledger-fx_settlement-03:sub-operations-no-last:after_penultimate_success,finance_ledger-fx_settlement-03,resolve_fx_settlement,finance_ledger,sub-operations-no-last,budget_exhausted,-33.72378549108677,-17.343394180217224,16.38039131086955
qwen3-4b,structural,structural:finance_ledger-fx_settlement-04:sub-operations-first-only:after_first_success,finance_ledger-fx_settlement-04,resolve_fx_settlement,finance_ledger,sub-operations-first-only,unavailable,-26.72457760208257,-21.891728080511292,4.832849521571276
qwen3-4b,structural,structural:finance_ledger-fx_settlement-04:sub-operations-no-first:pre_action,finance_ledger-fx_settlement-04,resolve_fx_settlement,finance_ledger,sub-operations-no-first,unavailable,-14.446069369178339,-12.319207370912999,2.1268619982653405
qwen3-4b,structural,structural:finance_ledger-fx_settlement-04:sub-operations-no-gold:pre_action,finance_ledger-fx_settlement-04,resolve_fx_settlement,finance_ledger,sub-operations-no-gold,unavailable,-14.446069369178339,-11.844195603643584,2.601873765534755
qwen3-4b,structural,structural:finance_ledger-fx_settlement-04:sub-operations-no-last:after_penultimate_success,finance_ledger-fx_settlement-04,resolve_fx_settlement,finance_ledger,sub-operations-no-last,budget_exhausted,-34.78626973167565,-17.62493289960053,17.161336832075122
qwen3-4b,structural,structural:finance_ledger-journal_total-04:sub-operations-first-only:after_first_success,finance_ledger-journal_total-04,resolve_journal_total,finance_ledger,sub-operations-first-only,budget_exhausted,-34.223896758860384,-27.48011538513356,6.743781373726826
qwen3-4b,structural,structural:finance_ledger-journal_total-04:sub-operations-no-first:pre_action,finance_ledger-journal_total-04,resolve_journal_total,finance_ledger,sub-operations-no-first,budget_exhausted,-16.03553266475948,-15.477897612639644,0.557635052119835
qwen3-4b,structural,structural:finance_ledger-journal_total-04:sub-operations-no-gold:pre_action,finance_ledger-journal_total-04,resolve_journal_total,finance_ledger,sub-operations-no-gold,unavailable,-16.03553266475948,-11.745594013205526,4.289938651553953
qwen3-4b,structural,structural:finance_ledger-journal_total-04:sub-operations-no-last:after_penultimate_success,finance_ledger-journal_total-04,resolve_journal_total,finance_ledger,sub-operations-no-last,budget_exhausted,-33.036661976121614,-24.358673104286268,8.677988871835346
qwen3-4b,structural,structural:finance_ledger-reconciliation_status-02:sub-operations-first-only:after_first_success,finance_ledger-reconciliation_status-02,resolve_reconciliation_status,finance_ledger,sub-operations-first-only,budget_exhausted,-33.47372207036614,-19.675322715480313,13.798399354885824
qwen3-4b,structural,structural:finance_ledger-reconciliation_status-02:sub-operations-no-first:pre_action,finance_ledger-reconciliation_status-02,resolve_reconciliation_status,finance_ledger,sub-operations-no-first,budget_exhausted,-13.445345593710229,-6.667600624385685,6.777744969324544
qwen3-4b,structural,structural:finance_ledger-reconciliation_status-02:sub-operations-no-gold:pre_action,finance_ledger-reconciliation_status-02,resolve_reconciliation_status,finance_ledger,sub-operations-no-gold,unavailable,-13.445345593710229,-6.269636290001209,7.17570930370902
qwen3-4b,structural,structural:finance_ledger-reconciliation_status-02:sub-operations-no-last:after_penultimate_success,finance_ledger-reconciliation_status-02,resolve_reconciliation_status,finance_ledger,sub-operations-no-last,budget_exhausted,-38.41118280677468,-20.538688263074775,17.872494543699908
qwen3-4b,structural,structural:finance_ledger-reconciliation_status-04:sub-operations-first-only:after_first_success,finance_ledger-reconciliation_status-04,resolve_reconciliation_status,finance_ledger,sub-operations-first-only,budget_exhausted,-29.957653206163627,-20.502084144857015,9.455569061306612
qwen3-4b,structural,structural:finance_ledger-reconciliation_status-04:sub-operations-no-first:pre_action,finance_ledger-reconciliation_status-04,resolve_reconciliation_status,finance_ledger,sub-operations-no-first,budget_exhausted,-13.394331189721122,-12.7367796737919,0.6575515159292209
qwen3-4b,structural,structural:finance_ledger-reconciliation_status-04:sub-operations-no-gold:pre_action,finance_ledger-reconciliation_status-04,resolve_reconciliation_status,finance_ledger,sub-operations-no-gold,budget_exhausted,-13.394331189721122,-13.71990233895729,-0.32557114923616837
qwen3-4b,structural,structural:finance_ledger-reconciliation_status-04:sub-operations-no-last:after_penultimate_success,finance_ledger-reconciliation_status-04,resolve_reconciliation_status,finance_ledger,sub-operations-no-last,budget_exhausted,-39.34872159172519,-24.578340547867683,14.770381043857505
qwen3-4b,structural,structural:finance_ledger-tax_basis-00:sub-operations-first-only:after_first_success,finance_ledger-tax_basis-00,resolve_tax_basis,finance_ledger,sub-operations-first-only,budget_exhausted,-31.723228034666292,-22.424206804554487,9.299021230111805
qwen3-4b,structural,structural:finance_ledger-tax_basis-00:sub-operations-no-first:pre_action,finance_ledger-tax_basis-00,resolve_tax_basis,finance_ledger,sub-operations-no-first,budget_exhausted,-17.244087271472416,-14.596972311259883,2.6471149602125337
qwen3-4b,structural,structural:finance_ledger-tax_basis-00:sub-operations-no-gold:pre_action,finance_ledger-tax_basis-00,resolve_tax_basis,finance_ledger,sub-operations-no-gold,unavailable,-17.244087271472416,-10.529375415200015,6.714711856272402
qwen3-4b,structural,structural:finance_ledger-tax_basis-00:sub-operations-no-last:after_penultimate_success,finance_ledger-tax_basis-00,resolve_tax_basis,finance_ledger,sub-operations-no-last,budget_exhausted,-22.294121009010937,-20.437501190509728,1.8566198185012084
qwen3-4b,structural,structural:finance_ledger-transaction_fee-00:sub-operations-first-only:after_first_success,finance_ledger-transaction_fee-00,resolve_transaction_fee,finance_ledger,sub-operations-first-only,budget_exhausted,-32.60490806780526,-21.79656276310483,10.808345304700431
qwen3-4b,structural,structural:finance_ledger-transaction_fee-00:sub-operations-no-first:pre_action,finance_ledger-transaction_fee-00,resolve_transaction_fee,finance_ledger,sub-operations-no-first,unavailable,-14.007355828238495,-13.713935609265576,0.29342021897291914
qwen3-4b,structural,structural:finance_ledger-transaction_fee-00:sub-operations-no-gold:pre_action,finance_ledger-transaction_fee-00,resolve_transaction_fee,finance_ledger,sub-operations-no-gold,budget_exhausted,-14.007355828238495,-9.278885739885638,4.728470088352857
qwen3-4b,structural,structural:finance_ledger-transaction_fee-00:sub-operations-no-last:after_penultimate_success,finance_ledger-transaction_fee-00,resolve_transaction_fee,finance_ledger,sub-operations-no-last,budget_exhausted,-41.598798724598346,-26.89589147736286,14.702907247235487
qwen3-4b,structural,structural:finance_ledger-transaction_fee-01:sub-operations-first-only:after_first_success,finance_ledger-transaction_fee-01,resolve_transaction_fee,finance_ledger,sub-operations-first-only,budget_exhausted,-33.17237116608493,-16.899251369646244,16.273119796438685
qwen3-4b,structural,structural:finance_ledger-transaction_fee-01:sub-operations-no-first:pre_action,finance_ledger-transaction_fee-01,resolve_transaction_fee,finance_ledger,sub-operations-no-first,unavailable,-13.452758809991543,-10.233239266420405,3.2195195435711383
qwen3-4b,structural,structural:finance_ledger-transaction_fee-01:sub-operations-no-gold:pre_action,finance_ledger-transaction_fee-01,resolve_transaction_fee,finance_ledger,sub-operations-no-gold,budget_exhausted,-13.452758809991543,-9.397119382628894,4.0556394273626495
qwen3-4b,structural,structural:finance_ledger-transaction_fee-01:sub-operations-no-last:after_penultimate_success,finance_ledger-transaction_fee-01,resolve_transaction_fee,finance_ledger,sub-operations-no-last,budget_exhausted,-41.78629446723815,-23.03763323698194,18.74866123025621
qwen3-4b,structural,structural:finance_ledger-transaction_fee-03:sub-operations-first-only:after_first_success,finance_ledger-transaction_fee-03,resolve_transaction_fee,finance_ledger,sub-operations-first-only,budget_exhausted,-29.474087452817464,-20.076409800813536,9.397677652003928
qwen3-4b,structural,structural:finance_ledger-transaction_fee-03:sub-operations-no-first:pre_action,finance_ledger-transaction_fee-03,resolve_transaction_fee,finance_ledger,sub-operations-no-first,budget_exhausted,-12.894906969939314,-14.121647196550946,-1.226740226611632
qwen3-4b,structural,structural:finance_ledger-transaction_fee-03:sub-operations-no-gold:pre_action,finance_ledger-transaction_fee-03,resolve_transaction_fee,finance_ledger,sub-operations-no-gold,unavailable,-12.894906969939314,-11.339820053016112,1.5550869169232016
qwen3-4b,structural,structural:finance_ledger-transaction_fee-03:sub-operations-no-last:after_penultimate_success,finance_ledger-transaction_fee-03,resolve_transaction_fee,finance_ledger,sub-operations-no-last,budget_exhausted,-39.661298813785166,-22.14164157444084,17.519657239344326
qwen3-4b,structural,structural:finance_ledger-transaction_fee-04:sub-operations-first-only:after_first_success,finance_ledger-transaction_fee-04,resolve_transaction_fee,finance_ledger,sub-operations-first-only,budget_exhausted,-34.411325996978164,-23.17387559172259,11.237450405255572
qwen3-4b,structural,structural:finance_ledger-transaction_fee-04:sub-operations-no-first:pre_action,finance_ledger-transaction_fee-04,resolve_transaction_fee,finance_ledger,sub-operations-no-first,unavailable,-14.422441146287035,-12.744668355396172,1.677772790890863
qwen3-4b,structural,structural:finance_ledger-transaction_fee-04:sub-operations-no-gold:pre_action,finance_ledger-transaction_fee-04,resolve_transaction_fee,finance_ledger,sub-operations-no-gold,budget_exhausted,-14.422441146287035,-8.794090047389119,5.628351098897916
qwen3-4b,structural,structural:finance_ledger-transaction_fee-04:sub-operations-no-last:after_penultimate_success,finance_ledger-transaction_fee-04,resolve_transaction_fee,finance_ledger,sub-operations-no-last,budget_exhausted,-42.03629440746421,-21.860694138719907,20.175600268744304
qwen3-4b,structural,structural:inventory_fulfillment-backorder_priority-02:sub-operations-first-only:after_first_success,inventory_fulfillment-backorder_priority-02,resolve_backorder_priority,inventory_fulfillment,sub-operations-first-only,budget_exhausted,-29.848694097746467,-17.463940396909372,12.384753700837095
qwen3-4b,structural,structural:inventory_fulfillment-backorder_priority-02:sub-operations-no-first:pre_action,inventory_fulfillment-backorder_priority-02,resolve_backorder_priority,inventory_fulfillment,sub-operations-no-first,unavailable,-16.018794003232124,-10.613853402772627,5.404940600459497
qwen3-4b,structural,structural:inventory_fulfillment-backorder_priority-02:sub-operations-no-gold:pre_action,inventory_fulfillment-backorder_priority-02,resolve_backorder_priority,inventory_fulfillment,sub-operations-no-gold,budget_exhausted,-16.018794003232124,-8.176952093972282,7.841841909259841
qwen3-4b,structural,structural:inventory_fulfillment-backorder_priority-02:sub-operations-no-last:after_penultimate_success,inventory_fulfillment-backorder_priority-02,resolve_backorder_priority,inventory_fulfillment,sub-operations-no-last,budget_exhausted,-38.16130025643337,-20.37500203747434,17.786298218959033
qwen3-4b,structural,structural:inventory_fulfillment-backorder_priority-04:sub-operations-first-only:after_first_success,inventory_fulfillment-backorder_priority-04,resolve_backorder_priority,inventory_fulfillment,sub-operations-first-only,budget_exhausted,-27.717697144243232,-16.932733137669516,10.784964006573716
qwen3-4b,structural,structural:inventory_fulfillment-backorder_priority-04:sub-operations-no-first:pre_action,inventory_fulfillment-backorder_priority-04,resolve_backorder_priority,inventory_fulfillment,sub-operations-no-first,unavailable,-13.960036283595926,-14.094199206901301,-0.13416292330537516
qwen3-4b,structural,structural:inventory_fulfillment-backorder_priority-04:sub-operations-no-gold:pre_action,inventory_fulfillment-backorder_priority-04,resolve_backorder_priority,inventory_fulfillment,sub-operations-no-gold,budget_exhausted,-13.960036283595926,-12.012885113445577,1.9471511701503488
qwen3-4b,structural,structural:inventory_fulfillment-backorder_priority-04:sub-operations-no-last:after_penultimate_success,inventory_fulfillment-backorder_priority-04,resolve_backorder_priority,inventory_fulfillment,sub-operations-no-last,budget_exhausted,-40.723798327137175,-19.875009011099124,20.84878931603805
qwen3-4b,structural,structural:inventory_fulfillment-capacity_utilization-01:sub-operations-first-only:after_first_success,inventory_fulfillment-capacity_utilization-01,resolve_capacity_utilization,inventory_fulfillment,sub-operations-first-only,budget_exhausted,-31.22501544167192,-17.375374098322645,13.849641343349276
qwen3-4b,structural,structural:inventory_fulfillment-capacity_utilization-01:sub-operations-no-first:pre_action,inventory_fulfillment-capacity_utilization-01,resolve_capacity_utilization,inventory_fulfillment,sub-operations-no-first,unavailable,-16.494196634602822,-13.946703476263565,2.5474931583392575
qwen3-4b,structural,structural:inventory_fulfillment-capacity_utilization-01:sub-operations-no-gold:pre_action,inventory_fulfillment-capacity_utilization-01,resolve_capacity_utilization,inventory_fulfillment,sub-operations-no-gold,unavailable,-16.494196634602822,-10.280422619028606,6.2137740155742165
qwen3-4b,structural,structural:inventory_fulfillment-capacity_utilization-01:sub-operations-no-last:after_penultimate_success,inventory_fulfillment-capacity_utilization-01,resolve_capacity_utilization,inventory_fulfillment,sub-operations-no-last,budget_exhausted,-35.34879725795035,-19.187674003579737,16.161123254370615
qwen3-4b,structural,structural:inventory_fulfillment-capacity_utilization-02:sub-operations-first-only:after_first_success,inventory_fulfillment-capacity_utilization-02,resolve_capacity_utilization,inventory_fulfillment,sub-operations-first-only,budget_exhausted,-28.66903013765394,-17.687501982691515,10.981528154962426
qwen3-4b,structural,structural:inventory_fulfillment-capacity_utilization-02:sub-operations-no-first:pre_action,inventory_fulfillment-capacity_utilization-02,resolve_capacity_utilization,inventory_fulfillment,sub-operations-no-first,unavailable,-15.211788914010306,-13.539774689244481,1.6720142247658245
qwen3-4b,structural,structural:inventory_fulfillment-capacity_utilization-02:sub-operations-no-gold:pre_action,inventory_fulfillment-capacity_utilization-02,resolve_capacity_utilization,inventory_fulfillment,sub-operations-no-gold,budget_exhausted,-15.211788914010306,-3.508946506277084,11.702842407733222
qwen3-4b,structural,structural:inventory_fulfillment-capacity_utilization-02:sub-operations-no-last:after_penultimate_success,inventory_fulfillment-capacity_utilization-02,resolve_capacity_utilization,inventory_fulfillment,sub-operations-no-last,budget_exhausted,-34.22380715710693,-17.375379334092585,16.848427823014347
qwen3-4b,structural,structural:inventory_fulfillment-capacity_utilization-03:sub-operations-first-only:after_first_success,inventory_fulfillment-capacity_utilization-03,resolve_capacity_utilization,inventory_fulfillment,sub-operations-first-only,budget_exhausted,-32.10030917635587,-17.625339697077578,14.474969479278293
qwen3-4b,structural,structural:inventory_fulfillment-capacity_utilization-03:sub-operations-no-first:pre_action,inventory_fulfillment-capacity_utilization-03,resolve_capacity_utilization,inventory_fulfillment,sub-operations-no-first,unavailable,-20.55620657652696,-13.843883535628173,6.712323040898788
qwen3-4b,structural,structural:inventory_fulfillment-capacity_utilization-03:sub-operations-no-gold:pre_action,inventory_fulfillment-capacity_utilization-03,resolve_capacity_utilization,inventory_fulfillment,sub-operations-no-gold,budget_exhausted,-20.55620657652696,-8.10244191651205,12.453764660014912
qwen3-4b,structural,structural:inventory_fulfillment-capacity_utilization-03:sub-operations-no-last:after_penultimate_success,inventory_fulfillment-capacity_utilization-03,resolve_capacity_utilization,inventory_fulfillment,sub-operations-no-last,budget_exhausted,-34.22380027275248,-18.06370703249602,16.160093240256458
qwen3-4b,structural,structural:inventory_fulfillment-capacity_utilization-04:sub-operations-first-only:after_first_success,inventory_fulfillment-capacity_utilization-04,resolve_capacity_utilization,inventory_fulfillment,sub-operations-first-only,budget_exhausted,-30.973949903302888,-18.18750222991836,12.78644767338453
qwen3-4b,structural,structural:inventory_fulfillment-capacity_utilization-04:sub-operations-no-first:pre_action,inventory_fulfillment-capacity_utilization-04,resolve_capacity_utilization,inventory_fulfillment,sub-operations-no-first,budget_exhausted,-15.343879945241675,-14.00216137293517,1.3417185723065046
qwen3-4b,structural,structural:inventory_fulfillment-capacity_utilization-04:sub-operations-no-gold:pre_action,inventory_fulfillment-capacity_utilization-04,resolve_capacity_utilization,inventory_fulfillment,sub-operations-no-gold,unavailable,-15.343879945241675,-6.023980892428284,9.31989905281339
qwen3-4b,structural,structural:inventory_fulfillment-capacity_utilization-04:sub-operations-no-last:after_penultimate_success,inventory_fulfillment-capacity_utilization-04,resolve_capacity_utilization,inventory_fulfillment,sub-operations-no-last,budget_exhausted,-31.41129990470408,-18.63194577767682,12.779354127027261
qwen3-4b,structural,structural:inventory_fulfillment-cycle_count_variance-02:sub-operations-first-only:after_first_success,inventory_fulfillment-cycle_count_variance-02,resolve_cycle_count_variance,inventory_fulfillment,sub-operations-first-only,budget_exhausted,-32.10010261343347,-17.562503079746293,14.537599533687178
qwen3-4b,structural,structural:inventory_fulfillment-cycle_count_variance-02:sub-operations-no-first:pre_action,inventory_fulfillment-cycle_count_variance-02,resolve_cycle_count_variance,inventory_fulfillment,sub-operations-no-first,budget_exhausted,-16.129028934905193,-13.017463862302954,3.1115650726022395
qwen3-4b,structural,structural:inventory_fulfillment-cycle_count_variance-02:sub-operations-no-gold:pre_action,inventory_fulfillment-cycle_count_variance-02,resolve_cycle_count_variance,inventory_fulfillment,sub-operations-no-gold,budget_exhausted,-16.129028934905193,-10.946171914970634,5.182857019934559
qwen3-4b,structural,structural:inventory_fulfillment-cycle_count_variance-02:sub-operations-no-last:after_penultimate_success,inventory_fulfillment-cycle_count_variance-02,resolve_cycle_count_variance,inventory_fulfillment,sub-operations-no-last,unavailable,-38.66132521378291,-17.812511580499255,20.848813633283655
qwen3-4b,structural,structural:inventory_fulfillment-expiry_risk-00:sub-operations-first-only:after_first_success,inventory_fulfillment-expiry_risk-00,resolve_expiry_risk,inventory_fulfillment,sub-operations-first-only,budget_exhausted,-29.723511196796615,-22.6127591555992,7.110752041197415
qwen3-4b,structural,structural:inventory_fulfillment-expiry_risk-00:sub-operations-no-first:pre_action,inventory_fulfillment-expiry_risk-00,resolve_expiry_risk,inventory_fulfillment,sub-operations-no-first,unavailable,-14.566354436337413,-10.712843555663483,3.85351088067393
qwen3-4b,structural,structural:inventory_fulfillment-expiry_risk-00:sub-operations-no-gold:pre_action,inventory_fulfillment-expiry_risk-00,resolve_expiry_risk,inventory_fulfillment,sub-operations-no-gold,unavailable,-14.566354436337413,-8.004959947779213,6.5613944885582
qwen3-4b,structural,structural:inventory_fulfillment-expiry_risk-00:sub-operations-no-last:after_penultimate_success,inventory_fulfillment-expiry_risk-00,resolve_expiry_risk,inventory_fulfillment,sub-operations-no-last,budget_exhausted,-36.098430551129724,-18.937500967607022,17.1609295835227
qwen3-4b,structural,structural:inventory_fulfillment-expiry_risk-01:sub-operations-first-only:after_first_success,inventory_fulfillment-expiry_risk-01,resolve_expiry_risk,inventory_fulfillment,sub-operations-first-only,budget_exhausted,-33.84833640276968,-19.800534980485146,14.047801422284536
qwen3-4b,structural,structural:inventory_fulfillment-expiry_risk-01:sub-operations-no-first:pre_action,inventory_fulfillment-expiry_risk-01,resolve_expiry_risk,inventory_fulfillment,sub-operations-no-first,unavailable,-16.682218181965112,-12.884347756780663,3.797870425184449
qwen3-4b,structural,structural:inventory_fulfillment-expiry_risk-01:sub-operations-no-gold:pre_action,inventory_fulfillment-expiry_risk-01,resolve_expiry_risk,inventory_fulfillment,sub-operations-no-gold,unavailable,-16.682218181965112,-8.817797691698352,7.86442049026676
qwen3-4b,structural,structural:inventory_fulfillment-expiry_risk-01:sub-operations-no-last:after_penultimate_success,inventory_fulfillment-expiry_risk-01,resolve_expiry_risk,inventory_fulfillment,sub-operations-no-last,budget_exhausted,-37.723365129986604,-18.43750201198923,19.285863117997373
qwen3-4b,structural,structural:inventory_fulfillment-expiry_risk-02:sub-operations-first-only:after_first_success,inventory_fulfillment-expiry_risk-02,resolve_expiry_risk,inventory_fulfillment,sub-operations-first-only,budget_exhausted,-29.848303642872835,-18.90809612439827,10.940207518474566
qwen3-4b,structural,structural:inventory_fulfillment-expiry_risk-02:sub-operations-no-first:pre_action,inventory_fulfillment-expiry_risk-02,resolve_expiry_risk,inventory_fulfillment,sub-operations-no-first,unavailable,-13.304379839738466,-12.04527996873086,1.2590998710076065
qwen3-4b,structural,structural:inventory_fulfillment-expiry_risk-02:sub-operations-no-gold:pre_action,inventory_fulfillment-expiry_risk-02,resolve_expiry_risk,inventory_fulfillment,sub-operations-no-gold,budget_exhausted,-13.304379839738466,-10.478524583276517,2.8258552564619492
qwen3-4b,structural,structural:inventory_fulfillment-expiry_risk-02:sub-operations-no-last:after_penultimate_success,inventory_fulfillment-expiry_risk-02,resolve_expiry_risk,inventory_fulfillment,sub-operations-no-last,budget_exhausted,-31.222657346206788,-19.437538426100026,11.785118920106761
qwen3-4b,structural,structural:inventory_fulfillment-pick_location-01:sub-operations-first-only:after_first_success,inventory_fulfillment-pick_location-01,resolve_pick_location,inventory_fulfillment,sub-operations-first-only,budget_exhausted,-34.47380427654885,-22.985298780589574,11.488505495959274
qwen3-4b,structural,structural:inventory_fulfillment-pick_location-01:sub-operations-no-first:pre_action,inventory_fulfillment-pick_location-01,resolve_pick_location,inventory_fulfillment,sub-operations-no-first,unavailable,-14.943153552735055,-11.844049806891633,3.099103745843422
qwen3-4b,structural,structural:inventory_fulfillment-pick_location-01:sub-operations-no-gold:pre_action,inventory_fulfillment-pick_location-01,resolve_pick_location,inventory_fulfillment,sub-operations-no-gold,unavailable,-14.943153552735055,-20.27746783411228,-5.334314281377225
qwen3-4b,structural,structural:inventory_fulfillment-pick_location-01:sub-operations-no-last:after_penultimate_success,inventory_fulfillment-pick_location-01,resolve_pick_location,inventory_fulfillment,sub-operations-no-last,budget_exhausted,-24.976024981080364,-19.187586352278096,5.788438628802268
qwen3-4b,structural,structural:inventory_fulfillment-pick_location-03:sub-operations-first-only:after_first_success,inventory_fulfillment-pick_location-03,resolve_pick_location,inventory_fulfillment,sub-operations-first-only,budget_exhausted,-32.59886558273025,-18.573833043735405,14.025032538994843
qwen3-4b,structural,structural:inventory_fulfillment-pick_location-03:sub-operations-no-first:pre_action,inventory_fulfillment-pick_location-03,resolve_pick_location,inventory_fulfillment,sub-operations-no-first,budget_exhausted,-17.743151519562815,-17.50165128203708,0.24150023752573446
qwen3-4b,structural,structural:inventory_fulfillment-pick_location-03:sub-operations-no-gold:pre_action,inventory_fulfillment-pick_location-03,resolve_pick_location,inventory_fulfillment,sub-operations-no-gold,unavailable,-17.743151519562815,-19.538285318764522,-1.7951337992017073
qwen3-4b,structural,structural:inventory_fulfillment-pick_location-03:sub-operations-no-last:after_penultimate_success,inventory_fulfillment-pick_location-03,resolve_pick_location,inventory_fulfillment,sub-operations-no-last,budget_exhausted,-38.723786527225016,-20.25000219142131,18.473784335803707
qwen3-4b,structural,structural:inventory_fulfillment-reorder_quantity-01:sub-operations-first-only:after_first_success,inventory_fulfillment-reorder_quantity-01,resolve_reorder_quantity,inventory_fulfillment,sub-operations-first-only,unavailable,-30.598870097431032,-29.927873612454945,0.6709964849760865
qwen3-4b,structural,structural:inventory_fulfillment-reorder_quantity-01:sub-operations-no-first:pre_action,inventory_fulfillment-reorder_quantity-01,resolve_reorder_quantity,inventory_fulfillment,sub-operations-no-first,unavailable,-15.180796839129286,-15.743808220746367,-0.5630113816170805
qwen3-4b,structural,structural:inventory_fulfillment-reorder_quantity-01:sub-operations-no-gold:pre_action,inventory_fulfillment-reorder_quantity-01,resolve_reorder_quantity,inventory_fulfillment,sub-operations-no-gold,unavailable,-15.180796839129286,-14.75374049408461,0.4270563450446758
qwen3-4b,structural,structural:inventory_fulfillment-reorder_quantity-01:sub-operations-no-last:after_penultimate_success,inventory_fulfillment-reorder_quantity-01,resolve_reorder_quantity,inventory_fulfillment,sub-operations-no-last,budget_exhausted,-42.16130549389409,-19.700099501451085,22.461205992443006
qwen3-4b,structural,structural:inventory_fulfillment-reorder_quantity-02:sub-operations-first-only:after_first_success,inventory_fulfillment-reorder_quantity-02,resolve_reorder_quantity,inventory_fulfillment,sub-operations-first-only,budget_exhausted,-25.473986536797327,-25.354169254873888,0.11981728192343866
qwen3-4b,structural,structural:inventory_fulfillment-reorder_quantity-02:sub-operations-no-first:pre_action,inventory_fulfillment-reorder_quantity-02,resolve_reorder_quantity,inventory_fulfillment,sub-operations-no-first,unavailable,-16.90494062972499,-13.651699754866861,3.253240874858129
qwen3-4b,structural,structural:inventory_fulfillment-reorder_quantity-02:sub-operations-no-gold:pre_action,inventory_fulfillment-reorder_quantity-02,resolve_reorder_quantity,inventory_fulfillment,sub-operations-no-gold,unavailable,-16.90494062972499,-7.252636147631094,9.652304482093896
qwen3-4b,structural,structural:inventory_fulfillment-reorder_quantity-02:sub-operations-no-last:after_penultimate_success,inventory_fulfillment-reorder_quantity-02,resolve_reorder_quantity,inventory_fulfillment,sub-operations-no-last,budget_exhausted,-39.66130406048083,-18.942777705875706,20.718526354605125
qwen3-4b,structural,structural:inventory_fulfillment-replenishment_source-00:sub-operations-first-only:after_first_success,inventory_fulfillment-replenishment_source-00,resolve_replenishment_source,inventory_fulfillment,sub-operations-first-only,budget_exhausted,-30.340972758718046,-17.62696933755356,12.714003421164485
qwen3-4b,structural,structural:inventory_fulfillment-replenishment_source-00:sub-operations-no-first:pre_action,inventory_fulfillment-replenishment_source-00,resolve_replenishment_source,inventory_fulfillment,sub-operations-no-first,unavailable,-14.200960597172028,-12.564919407604464,1.636041189567564
qwen3-4b,structural,structural:inventory_fulfillment-replenishment_source-00:sub-operations-no-gold:pre_action,inventory_fulfillment-replenishment_source-00,resolve_replenishment_source,inventory_fulfillment,sub-operations-no-gold,unavailable,-14.200960597172028,-10.156075844023519,4.044884753148509
qwen3-4b,structural,structural:inventory_fulfillment-replenishment_source-00:sub-operations-no-last:after_penultimate_success,inventory_fulfillment-replenishment_source-00,resolve_replenishment_source,inventory_fulfillment,sub-operations-no-last,budget_exhausted,-29.161289600818435,-17.69522550612583,11.466064094692605
qwen3-4b,structural,structural:inventory_fulfillment-replenishment_source-02:sub-operations-first-only:after_first_success,inventory_fulfillment-replenishment_source-02,resolve_replenishment_source,inventory_fulfillment,sub-operations-first-only,budget_exhausted,-27.496921023199086,-17.68767128364547,9.809249739553614
qwen3-4b,structural,structural:inventory_fulfillment-replenishment_source-02:sub-operations-no-first:pre_action,inventory_fulfillment-replenishment_source-02,resolve_replenishment_source,inventory_fulfillment,sub-operations-no-first,unavailable,-11.498894517749662,-10.312936323546232,1.1859581942034296
qwen3-4b,structural,structural:inventory_fulfillment-replenishment_source-02:sub-operations-no-gold:pre_action,inventory_fulfillment-replenishment_source-02,resolve_replenishment_source,inventory_fulfillment,sub-operations-no-gold,unavailable,-11.498894517749662,-8.504431408193867,2.994463109555795
qwen3-4b,structural,structural:inventory_fulfillment-replenishment_source-02:sub-operations-no-last:after_penultimate_success,inventory_fulfillment-replenishment_source-02,resolve_replenishment_source,inventory_fulfillment,sub-operations-no-last,budget_exhausted,-29.723814478814454,-18.81272904837399,10.911085430440465
qwen3-4b,structural,structural:inventory_fulfillment-replenishment_source-03:sub-operations-first-only:after_first_success,inventory_fulfillment-replenishment_source-03,resolve_replenishment_source,inventory_fulfillment,sub-operations-first-only,budget_exhausted,-28.22398409172758,-18.27881816502203,9.945165926705549
qwen3-4b,structural,structural:inventory_fulfillment-replenishment_source-03:sub-operations-no-first:pre_action,inventory_fulfillment-replenishment_source-03,resolve_replenishment_source,inventory_fulfillment,sub-operations-no-first,unavailable,-17.371091396898187,-15.976837497580831,1.3942538993173557
qwen3-4b,structural,structural:inventory_fulfillment-replenishment_source-03:sub-operations-no-gold:pre_action,inventory_fulfillment-replenishment_source-03,resolve_replenishment_source,inventory_fulfillment,sub-operations-no-gold,budget_exhausted,-17.371091396898187,-11.96447973388306,5.406611663015127
qwen3-4b,structural,structural:inventory_fulfillment-replenishment_source-03:sub-operations-no-last:after_penultimate_success,inventory_fulfillment-replenishment_source-03,resolve_replenishment_source,inventory_fulfillment,sub-operations-no-last,budget_exhausted,-35.72380309874494,-18.25665068451086,17.46715241423408
qwen3-4b,structural,structural:inventory_fulfillment-replenishment_source-04:sub-operations-first-only:after_first_success,inventory_fulfillment-replenishment_source-04,resolve_replenishment_source,inventory_fulfillment,sub-operations-first-only,budget_exhausted,-30.2238017932398,-17.625009206102426,12.598792587137375
qwen3-4b,structural,structural:inventory_fulfillment-replenishment_source-04:sub-operations-no-first:pre_action,inventory_fulfillment-replenishment_source-04,resolve_replenishment_source,inventory_fulfillment,sub-operations-no-first,budget_exhausted,-13.894506030790488,-13.053044115476801,0.8414619153136869
qwen3-4b,structural,structural:inventory_fulfillment-replenishment_source-04:sub-operations-no-gold:pre_action,inventory_fulfillment-replenishment_source-04,resolve_replenishment_source,inventory_fulfillment,sub-operations-no-gold,unavailable,-13.894506030790488,-11.43004756536235,2.4644584654281374
qwen3-4b,structural,structural:inventory_fulfillment-replenishment_source-04:sub-operations-no-last:after_penultimate_success,inventory_fulfillment-replenishment_source-04,resolve_replenishment_source,inventory_fulfillment,sub-operations-no-last,budget_exhausted,-22.244886365759967,-19.864657944691565,2.380228421068402
qwen3-4b,structural,structural:inventory_fulfillment-sellable_units-00:sub-operations-first-only:after_first_success,inventory_fulfillment-sellable_units-00,resolve_sellable_units,inventory_fulfillment,sub-operations-first-only,unavailable,-35.723405860554834,-37.43919948862884,-1.7157936280740032
qwen3-4b,structural,structural:inventory_fulfillment-sellable_units-00:sub-operations-no-first:pre_action,inventory_fulfillment-sellable_units-00,resolve_sellable_units,inventory_fulfillment,sub-operations-no-first,budget_exhausted,-20.552839618690783,-14.54532208503337,6.007517533657413
qwen3-4b,structural,structural:inventory_fulfillment-sellable_units-00:sub-operations-no-gold:pre_action,inventory_fulfillment-sellable_units-00,resolve_sellable_units,inventory_fulfillment,sub-operations-no-gold,unavailable,-20.552839618690783,-12.599778239956322,7.953061378734461
qwen3-4b,structural,structural:inventory_fulfillment-sellable_units-00:sub-operations-no-last:after_penultimate_success,inventory_fulfillment-sellable_units-00,resolve_sellable_units,inventory_fulfillment,sub-operations-no-last,budget_exhausted,-31.72380583768676,-18.27697235873014,13.44683347895662
qwen3-4b,structural,structural:inventory_fulfillment-sellable_units-04:sub-operations-first-only:after_first_success,inventory_fulfillment-sellable_units-04,resolve_sellable_units,inventory_fulfillment,sub-operations-first-only,budget_exhausted,-34.50898213632258,-29.98264031278591,4.526341823536669
qwen3-4b,structural,structural:inventory_fulfillment-sellable_units-04:sub-operations-no-first:pre_action,inventory_fulfillment-sellable_units-04,resolve_sellable_units,inventory_fulfillment,sub-operations-no-first,unavailable,-20.333882423376323,-18.683549469614597,1.6503329537617262
qwen3-4b,structural,structural:inventory_fulfillment-sellable_units-04:sub-operations-no-gold:pre_action,inventory_fulfillment-sellable_units-04,resolve_sellable_units,inventory_fulfillment,sub-operations-no-gold,budget_exhausted,-20.333882423376323,-21.12020968261728,-0.7863272592409558
qwen3-4b,structural,structural:inventory_fulfillment-sellable_units-04:sub-operations-no-last:after_penultimate_success,inventory_fulfillment-sellable_units-04,resolve_sellable_units,inventory_fulfillment,sub-operations-no-last,budget_exhausted,-37.85157571096452,-36.49704093894646,1.3545347720180558
qwen3-4b,structural,structural:inventory_fulfillment-transferable_units-03:sub-operations-first-only:after_first_success,inventory_fulfillment-transferable_units-03,resolve_transferable_units,inventory_fulfillment,sub-operations-first-only,budget_exhausted,-31.09718415602274,-31.267574509495034,-0.1703903534722926
qwen3-4b,structural,structural:inventory_fulfillment-transferable_units-03:sub-operations-no-first:pre_action,inventory_fulfillment-transferable_units-03,resolve_transferable_units,inventory_fulfillment,sub-operations-no-first,budget_exhausted,-17.817618862849955,-17.010856554555197,0.8067623082947577
qwen3-4b,structural,structural:inventory_fulfillment-transferable_units-03:sub-operations-no-gold:pre_action,inventory_fulfillment-transferable_units-03,resolve_transferable_units,inventory_fulfillment,sub-operations-no-gold,budget_exhausted,-17.817618862849955,-16.07932365917054,1.7382952036794137
qwen3-4b,structural,structural:inventory_fulfillment-transferable_units-03:sub-operations-no-last:after_penultimate_success,inventory_fulfillment-transferable_units-03,resolve_transferable_units,inventory_fulfillment,sub-operations-no-last,budget_exhausted,-38.84880346728537,-25.14634874263828,13.70245472464709
qwen3-4b,structural,structural:inventory_fulfillment-transferable_units-04:sub-operations-first-only:after_first_success,inventory_fulfillment-transferable_units-04,resolve_transferable_units,inventory_fulfillment,sub-operations-first-only,budget_exhausted,-30.475817432368125,-38.41373304694246,-7.937915614574337
qwen3-4b,structural,structural:inventory_fulfillment-transferable_units-04:sub-operations-no-first:pre_action,inventory_fulfillment-transferable_units-04,resolve_transferable_units,inventory_fulfillment,sub-operations-no-first,unavailable,-19.194660095634546,-17.107098075257518,2.087562020377028
qwen3-4b,structural,structural:inventory_fulfillment-transferable_units-04:sub-operations-no-gold:pre_action,inventory_fulfillment-transferable_units-04,resolve_transferable_units,inventory_fulfillment,sub-operations-no-gold,budget_exhausted,-19.194660095634546,-13.678462657131718,5.516197438502829
qwen3-4b,structural,structural:inventory_fulfillment-transferable_units-04:sub-operations-no-last:after_penultimate_success,inventory_fulfillment-transferable_units-04,resolve_transferable_units,inventory_fulfillment,sub-operations-no-last,budget_exhausted,-42.97382669032484,-45.852464045545716,-2.8786373552208744
qwen3-4b,structural,structural:pricing_billing-contract_price-03:sub-operations-first-only:after_first_success,pricing_billing-contract_price-03,resolve_contract_price,pricing_billing,sub-operations-first-only,budget_exhausted,-30.546832522503863,-18.929073454468046,11.617759068035816
qwen3-4b,structural,structural:pricing_billing-contract_price-03:sub-operations-no-first:pre_action,pricing_billing-contract_price-03,resolve_contract_price,pricing_billing,sub-operations-no-first,unavailable,-22.90757520037409,-17.853606573513424,5.053968626860666
qwen3-4b,structural,structural:pricing_billing-contract_price-03:sub-operations-no-gold:pre_action,pricing_billing-contract_price-03,resolve_contract_price,pricing_billing,sub-operations-no-gold,budget_exhausted,-22.90757520037409,-8.68352944032361,14.22404576005048
qwen3-4b,structural,structural:pricing_billing-contract_price-03:sub-operations-no-last:after_penultimate_success,pricing_billing-contract_price-03,resolve_contract_price,pricing_billing,sub-operations-no-last,budget_exhausted,-40.041167092279615,-27.738498179080693,12.302668913198922
qwen3-4b,structural,structural:pricing_billing-credit_adjustment-04:sub-operations-first-only:after_first_success,pricing_billing-credit_adjustment-04,resolve_credit_adjustment,pricing_billing,sub-operations-first-only,budget_exhausted,-31.042248661181304,-18.25013801612046,12.792110645060845
qwen3-4b,structural,structural:pricing_billing-credit_adjustment-04:sub-operations-no-first:pre_action,pricing_billing-credit_adjustment-04,resolve_credit_adjustment,pricing_billing,sub-operations-no-first,unavailable,-16.879939921894703,-13.35670010214325,3.5232398197514527
qwen3-4b,structural,structural:pricing_billing-credit_adjustment-04:sub-operations-no-gold:pre_action,pricing_billing-credit_adjustment-04,resolve_credit_adjustment,pricing_billing,sub-operations-no-gold,unavailable,-16.879939921894703,-3.4297960619227226,13.45014385997198
qwen3-4b,structural,structural:pricing_billing-credit_adjustment-04:sub-operations-no-last:after_penultimate_success,pricing_billing-credit_adjustment-04,resolve_credit_adjustment,pricing_billing,sub-operations-no-last,budget_exhausted,-19.401515785452673,-19.68750284386347,-0.28598705841079664
qwen3-4b,structural,structural:pricing_billing-currency_amount-00:sub-operations-first-only:after_first_success,pricing_billing-currency_amount-00,resolve_currency_amount,pricing_billing,sub-operations-first-only,budget_exhausted,-31.55360787370386,-24.36655909292905,7.187048780774809
qwen3-4b,structural,structural:pricing_billing-currency_amount-00:sub-operations-no-first:pre_action,pricing_billing-currency_amount-00,resolve_currency_amount,pricing_billing,sub-operations-no-first,unavailable,-8.141702107909964,-6.452730118439341,1.6889719894706232
qwen3-4b,structural,structural:pricing_billing-currency_amount-00:sub-operations-no-gold:pre_action,pricing_billing-currency_amount-00,resolve_currency_amount,pricing_billing,sub-operations-no-gold,unavailable,-8.141702107909964,-4.337497404152771,3.8042047037571933
qwen3-4b,structural,structural:pricing_billing-currency_amount-00:sub-operations-no-last:after_penultimate_success,pricing_billing-currency_amount-00,resolve_currency_amount,pricing_billing,sub-operations-no-last,budget_exhausted,-20.411263714748856,-20.750001289158035,-0.33873757440917984
qwen3-4b,structural,structural:pricing_billing-currency_amount-04:sub-operations-first-only:after_first_success,pricing_billing-currency_amount-04,resolve_currency_amount,pricing_billing,sub-operations-first-only,budget_exhausted,-29.60362077406873,-19.687504119375376,9.916116654693354
qwen3-4b,structural,structural:pricing_billing-currency_amount-04:sub-operations-no-first:pre_action,pricing_billing-currency_amount-04,resolve_currency_amount,pricing_billing,sub-operations-no-first,unavailable,-7.781664161812948,-6.760665356728516,1.0209988050844316
qwen3-4b,structural,structural:pricing_billing-currency_amount-04:sub-operations-no-gold:pre_action,pricing_billing-currency_amount-04,resolve_currency_amount,pricing_billing,sub-operations-no-gold,unavailable,-7.781664161812948,-9.571530057062184,-1.7898658952492355
qwen3-4b,structural,structural:pricing_billing-currency_amount-04:sub-operations-no-last:after_penultimate_success,pricing_billing-currency_amount-04,resolve_currency_amount,pricing_billing,sub-operations-no-last,budget_exhausted,-21.47675136779288,-20.375001474161074,1.1017498936318049
qwen3-4b,structural,structural:pricing_billing-list_price-01:sub-operations-first-only:after_first_success,pricing_billing-list_price-01,resolve_list_price,pricing_billing,sub-operations-first-only,budget_exhausted,-34.324218241161574,-20.058489335123717,14.265728906037857
qwen3-4b,structural,structural:pricing_billing-list_price-01:sub-operations-no-first:pre_action,pricing_billing-list_price-01,resolve_list_price,pricing_billing,sub-operations-no-first,budget_exhausted,-16.356446624560846,-16.38473018530525,-0.028283560744405634
qwen3-4b,structural,structural:pricing_billing-list_price-01:sub-operations-no-gold:pre_action,pricing_billing-list_price-01,resolve_list_price,pricing_billing,sub-operations-no-gold,unavailable,-16.356446624560846,-15.014396842796714,1.342049781764132
qwen3-4b,structural,structural:pricing_billing-list_price-02:sub-operations-first-only:after_first_success,pricing_billing-list_price-02,resolve_list_price,pricing_billing,sub-operations-first-only,budget_exhausted,-33.730304113579315,-21.071151087114004,12.659153026465312
qwen3-4b,structural,structural:pricing_billing-list_price-02:sub-operations-no-first:pre_action,pricing_billing-list_price-02,resolve_list_price,pricing_billing,sub-operations-no-first,budget_exhausted,-19.310635944333804,-19.04511651725926,0.265519427074544
qwen3-4b,structural,structural:pricing_billing-list_price-02:sub-operations-no-gold:pre_action,pricing_billing-list_price-02,resolve_list_price,pricing_billing,sub-operations-no-gold,budget_exhausted,-19.310635944333804,-18.10528006723684,1.205355877096963
qwen3-4b,structural,structural:pricing_billing-list_price-03:sub-operations-first-only:after_first_success,pricing_billing-list_price-03,resolve_list_price,pricing_billing,sub-operations-first-only,budget_exhausted,-35.35450442143839,-28.2537686393596,7.100735782078793
qwen3-4b,structural,structural:pricing_billing-list_price-03:sub-operations-no-first:pre_action,pricing_billing-list_price-03,resolve_list_price,pricing_billing,sub-operations-no-first,unavailable,-19.219893241049796,-22.102744021231402,-2.882850780181606
qwen3-4b,structural,structural:pricing_billing-list_price-03:sub-operations-no-gold:pre_action,pricing_billing-list_price-03,resolve_list_price,pricing_billing,sub-operations-no-gold,unavailable,-19.219893241049796,-20.149238025185163,-0.9293447841353668
qwen3-4b,structural,structural:pricing_billing-list_price-04:sub-operations-first-only:after_first_success,pricing_billing-list_price-04,resolve_list_price,pricing_billing,sub-operations-first-only,budget_exhausted,-40.291796439924084,-36.01551587059181,4.276280569332272
qwen3-4b,structural,structural:pricing_billing-list_price-04:sub-operations-no-first:pre_action,pricing_billing-list_price-04,resolve_list_price,pricing_billing,sub-operations-no-first,budget_exhausted,-18.050670262070348,-18.48119285858008,-0.4305225965097321
qwen3-4b,structural,structural:pricing_billing-list_price-04:sub-operations-no-gold:pre_action,pricing_billing-list_price-04,resolve_list_price,pricing_billing,sub-operations-no-gold,unavailable,-18.050670262070348,-18.81366315154112,-0.7629928894707732
qwen3-4b,structural,structural:pricing_billing-margin_floor-01:sub-operations-first-only:after_first_success,pricing_billing-margin_floor-01,resolve_margin_floor,pricing_billing,sub-operations-first-only,budget_exhausted,-32.41332632996342,-30.854534423791925,1.5587919061714928
qwen3-4b,structural,structural:pricing_billing-margin_floor-01:sub-operations-no-first:pre_action,pricing_billing-margin_floor-01,resolve_margin_floor,pricing_billing,sub-operations-no-first,budget_exhausted,-11.763502661068046,-11.557323749663745,0.2061789114043009
qwen3-4b,structural,structural:pricing_billing-margin_floor-01:sub-operations-no-gold:pre_action,pricing_billing-margin_floor-01,resolve_margin_floor,pricing_billing,sub-operations-no-gold,unavailable,-11.763502661068046,-7.735870492360654,4.027632168707392
qwen3-4b,structural,structural:pricing_billing-margin_floor-01:sub-operations-no-last:after_penultimate_success,pricing_billing-margin_floor-01,resolve_margin_floor,pricing_billing,sub-operations-no-last,unavailable,-37.1043161589874,-20.834738967908393,16.26957719107901
qwen3-4b,structural,structural:pricing_billing-order_total-01:sub-operations-first-only:after_first_success,pricing_billing-order_total-01,resolve_order_total,pricing_billing,sub-operations-first-only,budget_exhausted,-25.793093232581462,-22.74153257969636,3.051560652885101
qwen3-4b,structural,structural:pricing_billing-order_total-01:sub-operations-no-first:pre_action,pricing_billing-order_total-01,resolve_order_total,pricing_billing,sub-operations-no-first,budget_exhausted,-8.03584491893293,-4.459687420814845,3.5761574981180857
qwen3-4b,structural,structural:pricing_billing-order_total-01:sub-operations-no-gold:pre_action,pricing_billing-order_total-01,resolve_order_total,pricing_billing,sub-operations-no-gold,unavailable,-8.03584491893293,-5.306212656152951,2.7296322627799796
qwen3-4b,structural,structural:pricing_billing-order_total-01:sub-operations-no-last:after_penultimate_success,pricing_billing-order_total-01,resolve_order_total,pricing_billing,sub-operations-no-last,budget_exhausted,-33.35456216072797,-20.251438926024022,13.10312323470395
qwen3-4b,structural,structural:pricing_billing-promotional_price-00:sub-operations-first-only:after_first_success,pricing_billing-promotional_price-00,resolve_promotional_price,pricing_billing,sub-operations-first-only,unavailable,-28.422508561374862,-28.86741568272634,-0.44490712135147703
qwen3-4b,structural,structural:pricing_billing-promotional_price-00:sub-operations-no-first:pre_action,pricing_billing-promotional_price-00,resolve_promotional_price,pricing_billing,sub-operations-no-first,unavailable,-15.810613435160391,-13.482017148103154,2.3285962870572376
qwen3-4b,structural,structural:pricing_billing-promotional_price-00:sub-operations-no-gold:pre_action,pricing_billing-promotional_price-00,resolve_promotional_price,pricing_billing,sub-operations-no-gold,unavailable,-15.810613435160391,-11.516864637881802,4.293748797278589
qwen3-4b,structural,structural:pricing_billing-promotional_price-00:sub-operations-no-last:after_penultimate_success,pricing_billing-promotional_price-00,resolve_promotional_price,pricing_billing,sub-operations-no-last,budget_exhausted,-40.54152345224891,-25.02845470711435,15.51306874513456
qwen3-4b,structural,structural:pricing_billing-promotional_price-02:sub-operations-first-only:after_first_success,pricing_billing-promotional_price-02,resolve_promotional_price,pricing_billing,sub-operations-first-only,unavailable,-24.543093103214716,-29.30383898919053,-4.760745885975815
qwen3-4b,structural,structural:pricing_billing-promotional_price-02:sub-operations-no-first:pre_action,pricing_billing-promotional_price-02,resolve_promotional_price,pricing_billing,sub-operations-no-first,unavailable,-16.93013130075444,-13.09824957003977,3.83188173071467
qwen3-4b,structural,structural:pricing_billing-promotional_price-02:sub-operations-no-gold:pre_action,pricing_billing-promotional_price-02,resolve_promotional_price,pricing_billing,sub-operations-no-gold,unavailable,-16.93013130075444,-10.81752717376483,6.112604126989609
qwen3-4b,structural,structural:pricing_billing-promotional_price-02:sub-operations-no-last:after_penultimate_success,pricing_billing-promotional_price-02,resolve_promotional_price,pricing_billing,sub-operations-no-last,budget_exhausted,-37.04153297839793,-33.93729903789824,3.1042339404996895
qwen3-4b,structural,structural:pricing_billing-service_fee-01:sub-operations-first-only:after_first_success,pricing_billing-service_fee-01,resolve_service_fee,pricing_billing,sub-operations-first-only,budget_exhausted,-29.605029258372006,-27.07847421197682,2.5265550463951882
qwen3-4b,structural,structural:pricing_billing-service_fee-01:sub-operations-no-first:pre_action,pricing_billing-service_fee-01,resolve_service_fee,pricing_billing,sub-operations-no-first,unavailable,-16.6538082060694,-15.05645355206321,1.597354654006189
qwen3-4b,structural,structural:pricing_billing-service_fee-01:sub-operations-no-gold:pre_action,pricing_billing-service_fee-01,resolve_service_fee,pricing_billing,sub-operations-no-gold,unavailable,-16.6538082060694,-5.452101816910208,11.201706389159192
qwen3-4b,structural,structural:pricing_billing-service_fee-02:sub-operations-first-only:after_first_success,pricing_billing-service_fee-02,resolve_service_fee,pricing_billing,sub-operations-first-only,budget_exhausted,-24.0421546410139,-18.437696635493452,5.604458005520449
qwen3-4b,structural,structural:pricing_billing-service_fee-02:sub-operations-no-first:pre_action,pricing_billing-service_fee-02,resolve_service_fee,pricing_billing,sub-operations-no-first,unavailable,-9.816786194675224,-8.935151544293156,0.8816346503820682
qwen3-4b,structural,structural:pricing_billing-service_fee-02:sub-operations-no-gold:pre_action,pricing_billing-service_fee-02,resolve_service_fee,pricing_billing,sub-operations-no-gold,unavailable,-9.816786194675224,-5.909936864470353,3.906849330204871
qwen3-4b,structural,structural:pricing_billing-service_fee-03:sub-operations-first-only:after_first_success,pricing_billing-service_fee-03,resolve_service_fee,pricing_billing,sub-operations-first-only,budget_exhausted,-21.29206545255154,-17.63702434118379,3.6550411113677512
qwen3-4b,structural,structural:pricing_billing-service_fee-03:sub-operations-no-first:pre_action,pricing_billing-service_fee-03,resolve_service_fee,pricing_billing,sub-operations-no-first,unavailable,-15.602945836268226,-10.97535540583246,4.627590430435767
qwen3-4b,structural,structural:pricing_billing-service_fee-03:sub-operations-no-gold:pre_action,pricing_billing-service_fee-03,resolve_service_fee,pricing_billing,sub-operations-no-gold,unavailable,-15.602945836268226,-7.814386186802587,7.78855964946564
qwen3-4b,structural,structural:pricing_billing-shipping_charge-00:sub-operations-first-only:after_first_success,pricing_billing-shipping_charge-00,resolve_shipping_charge,pricing_billing,sub-operations-first-only,budget_exhausted,-30.677961846075,-19.450679889676117,11.227281956398883
qwen3-4b,structural,structural:pricing_billing-shipping_charge-00:sub-operations-no-first:pre_action,pricing_billing-shipping_charge-00,resolve_shipping_charge,pricing_billing,sub-operations-no-first,budget_exhausted,-24.589539819127523,-22.408285205331104,2.181254613796419
qwen3-4b,structural,structural:pricing_billing-shipping_charge-00:sub-operations-no-gold:pre_action,pricing_billing-shipping_charge-00,resolve_shipping_charge,pricing_billing,sub-operations-no-gold,unavailable,-24.589539819127523,-12.20893592107278,12.380603898054744
qwen3-4b,structural,structural:pricing_billing-shipping_charge-00:sub-operations-no-last:after_penultimate_success,pricing_billing-shipping_charge-00,resolve_shipping_charge,pricing_billing,sub-operations-no-last,budget_exhausted,-36.977636931602966,-23.92118345638538,13.056453475217587
qwen3-4b,structural,structural:pricing_billing-shipping_charge-01:sub-operations-first-only:after_first_success,pricing_billing-shipping_charge-01,resolve_shipping_charge,pricing_billing,sub-operations-first-only,unavailable,-34.104318814642916,-17.812566822246197,16.29175199239672
qwen3-4b,structural,structural:pricing_billing-shipping_charge-01:sub-operations-no-first:pre_action,pricing_billing-shipping_charge-01,resolve_shipping_charge,pricing_billing,sub-operations-no-first,unavailable,-16.234018373865815,-16.63418824824842,-0.40016987438260543
qwen3-4b,structural,structural:pricing_billing-shipping_charge-01:sub-operations-no-gold:pre_action,pricing_billing-shipping_charge-01,resolve_shipping_charge,pricing_billing,sub-operations-no-gold,unavailable,-16.234018373865815,-8.130164199888291,8.103854173977524
qwen3-4b,structural,structural:pricing_billing-shipping_charge-01:sub-operations-no-last:after_penultimate_success,pricing_billing-shipping_charge-01,resolve_shipping_charge,pricing_billing,sub-operations-no-last,budget_exhausted,-35.10395258436089,-31.19918816665416,3.9047644177067298
qwen3-4b,structural,structural:pricing_billing-shipping_charge-02:sub-operations-first-only:after_first_success,pricing_billing-shipping_charge-02,resolve_shipping_charge,pricing_billing,sub-operations-first-only,unavailable,-32.413742110104785,-18.024200274983315,14.38954183512147
qwen3-4b,structural,structural:pricing_billing-shipping_charge-02:sub-operations-no-first:pre_action,pricing_billing-shipping_charge-02,resolve_shipping_charge,pricing_billing,sub-operations-no-first,unavailable,-14.102553557028791,-15.899016656193389,-1.7964630991645976
qwen3-4b,structural,structural:pricing_billing-shipping_charge-02:sub-operations-no-gold:pre_action,pricing_billing-shipping_charge-02,resolve_shipping_charge,pricing_billing,sub-operations-no-gold,unavailable,-14.102553557028791,-9.325620384141367,4.776933172887425
qwen3-4b,structural,structural:pricing_billing-shipping_charge-02:sub-operations-no-last:after_penultimate_success,pricing_billing-shipping_charge-02,resolve_shipping_charge,pricing_billing,sub-operations-no-last,budget_exhausted,-34.41581581617924,-29.62577347031293,4.790042345866311
qwen3-4b,structural,structural:pricing_billing-shipping_charge-03:sub-operations-first-only:after_first_success,pricing_billing-shipping_charge-03,resolve_shipping_charge,pricing_billing,sub-operations-first-only,budget_exhausted,-32.479196463919685,-16.83443143769005,15.644765026229635
qwen3-4b,structural,structural:pricing_billing-shipping_charge-03:sub-operations-no-first:pre_action,pricing_billing-shipping_charge-03,resolve_shipping_charge,pricing_billing,sub-operations-no-first,unavailable,-15.916634537113623,-20.45557920075317,-4.538944663639548
qwen3-4b,structural,structural:pricing_billing-shipping_charge-03:sub-operations-no-gold:pre_action,pricing_billing-shipping_charge-03,resolve_shipping_charge,pricing_billing,sub-operations-no-gold,unavailable,-15.916634537113623,-13.008662171670494,2.907972365443129
qwen3-4b,structural,structural:pricing_billing-shipping_charge-03:sub-operations-no-last:after_penultimate_success,pricing_billing-shipping_charge-03,resolve_shipping_charge,pricing_billing,sub-operations-no-last,budget_exhausted,-34.853126990335504,-31.01429820692244,3.8388287834130637
qwen3-4b,structural,structural:pricing_billing-shipping_charge-04:sub-operations-first-only:after_first_success,pricing_billing-shipping_charge-04,resolve_shipping_charge,pricing_billing,sub-operations-first-only,budget_exhausted,-30.292052330885944,-24.674939777262843,5.617112553623102
qwen3-4b,structural,structural:pricing_billing-shipping_charge-04:sub-operations-no-first:pre_action,pricing_billing-shipping_charge-04,resolve_shipping_charge,pricing_billing,sub-operations-no-first,unavailable,-15.628763763396407,-16.601020866004255,-0.9722571026078484
qwen3-4b,structural,structural:pricing_billing-shipping_charge-04:sub-operations-no-gold:pre_action,pricing_billing-shipping_charge-04,resolve_shipping_charge,pricing_billing,sub-operations-no-gold,unavailable,-15.628763763396407,-8.446337116309493,7.182426647086913
qwen3-4b,structural,structural:pricing_billing-shipping_charge-04:sub-operations-no-last:after_penultimate_success,pricing_billing-shipping_charge-04,resolve_shipping_charge,pricing_billing,sub-operations-no-last,budget_exhausted,-36.601676238224876,-27.075983322407694,9.525692915817181
qwen3-4b,structural,structural:pricing_billing-tax_amount-00:sub-operations-first-only:after_first_success,pricing_billing-tax_amount-00,resolve_tax_amount,pricing_billing,sub-operations-first-only,budget_exhausted,-31.66724887298428,-17.783341089829385,13.883907783154896
qwen3-4b,structural,structural:pricing_billing-tax_amount-00:sub-operations-no-first:pre_action,pricing_billing-tax_amount-00,resolve_tax_amount,pricing_billing,sub-operations-no-first,budget_exhausted,-13.950279838298705,-12.61615277987535,1.3341270584233555
qwen3-4b,structural,structural:pricing_billing-tax_amount-00:sub-operations-no-gold:pre_action,pricing_billing-tax_amount-00,resolve_tax_amount,pricing_billing,sub-operations-no-gold,unavailable,-13.950279838298705,-11.939340076886772,2.010939761411933
qwen3-4b,structural,structural:pricing_billing-tax_amount-00:sub-operations-no-last:after_penultimate_success,pricing_billing-tax_amount-00,resolve_tax_amount,pricing_billing,sub-operations-no-last,budget_exhausted,-35.541366705196296,-25.393285419162993,10.148081286033303
qwen3-4b,structural,structural:pricing_billing-tax_amount-03:sub-operations-first-only:after_first_success,pricing_billing-tax_amount-03,resolve_tax_amount,pricing_billing,sub-operations-first-only,budget_exhausted,-33.04593857539363,-17.480569839431645,15.565368735961982
qwen3-4b,structural,structural:pricing_billing-tax_amount-03:sub-operations-no-first:pre_action,pricing_billing-tax_amount-03,resolve_tax_amount,pricing_billing,sub-operations-no-first,budget_exhausted,-13.134983418504731,-13.910349253278078,-0.7753658347733463
qwen3-4b,structural,structural:pricing_billing-tax_amount-03:sub-operations-no-gold:pre_action,pricing_billing-tax_amount-03,resolve_tax_amount,pricing_billing,sub-operations-no-gold,unavailable,-13.134983418504731,-11.608754207607738,1.526229210896993
qwen3-4b,structural,structural:pricing_billing-tax_amount-03:sub-operations-no-last:after_penultimate_success,pricing_billing-tax_amount-03,resolve_tax_amount,pricing_billing,sub-operations-no-last,budget_exhausted,-34.85398362200941,-30.014811673848214,4.839171948161194
qwen3-4b,structural,structural:procurement_suppliers-contract_compliance-00:sub-operations-first-only:after_first_success,procurement_suppliers-contract_compliance-00,resolve_contract_compliance,procurement_suppliers,sub-operations-first-only,budget_exhausted,-32.09897609580211,-19.157549339827405,12.941426755974703
qwen3-4b,structural,structural:procurement_suppliers-contract_compliance-00:sub-operations-no-first:pre_action,procurement_suppliers-contract_compliance-00,resolve_contract_compliance,procurement_suppliers,sub-operations-no-first,unavailable,-20.894968122492003,-16.178705222586117,4.716262899905885
qwen3-4b,structural,structural:procurement_suppliers-contract_compliance-00:sub-operations-no-gold:pre_action,procurement_suppliers-contract_compliance-00,resolve_contract_compliance,procurement_suppliers,sub-operations-no-gold,unavailable,-20.894968122492003,-15.448368904415823,5.44659921807618
qwen3-4b,structural,structural:procurement_suppliers-contract_compliance-00:sub-operations-no-last:after_penultimate_success,procurement_suppliers-contract_compliance-00,resolve_contract_compliance,procurement_suppliers,sub-operations-no-last,budget_exhausted,-45.72356073627334,-21.066619760459126,24.656940975814216
qwen3-4b,structural,structural:procurement_suppliers-contract_compliance-03:sub-operations-first-only:after_first_success,procurement_suppliers-contract_compliance-03,resolve_contract_compliance,procurement_suppliers,sub-operations-first-only,budget_exhausted,-29.97490865657783,-20.578890839614544,9.396017816963287
qwen3-4b,structural,structural:procurement_suppliers-contract_compliance-03:sub-operations-no-first:pre_action,procurement_suppliers-contract_compliance-03,resolve_contract_compliance,procurement_suppliers,sub-operations-no-first,unavailable,-22.861908358458308,-19.299940885421897,3.561967473036411
qwen3-4b,structural,structural:procurement_suppliers-contract_compliance-03:sub-operations-no-gold:pre_action,procurement_suppliers-contract_compliance-03,resolve_contract_compliance,procurement_suppliers,sub-operations-no-gold,unavailable,-22.861908358458308,-19.069427251145726,3.7924811073125824
qwen3-4b,structural,structural:procurement_suppliers-contract_compliance-03:sub-operations-no-last:after_penultimate_success,procurement_suppliers-contract_compliance-03,resolve_contract_compliance,procurement_suppliers,sub-operations-no-last,budget_exhausted,-34.72375615928775,-27.94479218975968,6.778963969528071
qwen3-4b,structural,structural:procurement_suppliers-contract_compliance-04:sub-operations-first-only:after_first_success,procurement_suppliers-contract_compliance-04,resolve_contract_compliance,procurement_suppliers,sub-operations-first-only,budget_exhausted,-38.223798882385836,-18.938078406540953,19.285720475844883
qwen3-4b,structural,structural:procurement_suppliers-contract_compliance-04:sub-operations-no-first:pre_action,procurement_suppliers-contract_compliance-04,resolve_contract_compliance,procurement_suppliers,sub-operations-no-first,unavailable,-21.182219224298912,-19.923928706620316,1.2582905176785957
qwen3-4b,structural,structural:procurement_suppliers-contract_compliance-04:sub-operations-no-gold:pre_action,procurement_suppliers-contract_compliance-04,resolve_contract_compliance,procurement_suppliers,sub-operations-no-gold,unavailable,-21.182219224298912,-16.989674657076087,4.192544567222825
qwen3-4b,structural,structural:procurement_suppliers-contract_compliance-04:sub-operations-no-last:after_penultimate_success,procurement_suppliers-contract_compliance-04,resolve_contract_compliance,procurement_suppliers,sub-operations-no-last,budget_exhausted,-48.848699647621686,-26.15728533032516,22.691414317296527
qwen3-4b,structural,structural:procurement_suppliers-expedite_decision-00:sub-operations-first-only:after_first_success,procurement_suppliers-expedite_decision-00,resolve_expedite_decision,procurement_suppliers,sub-operations-first-only,budget_exhausted,-31.7848982647618,-36.290438861998865,-4.505540597237065
qwen3-4b,structural,structural:procurement_suppliers-expedite_decision-00:sub-operations-no-first:pre_action,procurement_suppliers-expedite_decision-00,resolve_expedite_decision,procurement_suppliers,sub-operations-no-first,unavailable,-22.892332111913426,-20.626447608935166,2.2658845029782597
qwen3-4b,structural,structural:procurement_suppliers-expedite_decision-00:sub-operations-no-gold:pre_action,procurement_suppliers-expedite_decision-00,resolve_expedite_decision,procurement_suppliers,sub-operations-no-gold,unavailable,-22.892332111913426,-15.112952254992614,7.779379856920812
qwen3-4b,structural,structural:procurement_suppliers-expedite_decision-00:sub-operations-no-last:after_penultimate_success,procurement_suppliers-expedite_decision-00,resolve_expedite_decision,procurement_suppliers,sub-operations-no-last,budget_exhausted,-41.28476015127188,-20.901496242524885,20.383263908746997
qwen3-4b,structural,structural:procurement_suppliers-expedite_decision-01:sub-operations-first-only:after_first_success,procurement_suppliers-expedite_decision-01,resolve_expedite_decision,procurement_suppliers,sub-operations-first-only,budget_exhausted,-25.77842852010491,-23.90000767289507,1.8784208472098385
qwen3-4b,structural,structural:procurement_suppliers-expedite_decision-01:sub-operations-no-first:pre_action,procurement_suppliers-expedite_decision-01,resolve_expedite_decision,procurement_suppliers,sub-operations-no-first,budget_exhausted,-9.568066637148682,-11.214221888911261,-1.646155251762579
qwen3-4b,structural,structural:procurement_suppliers-expedite_decision-01:sub-operations-no-gold:pre_action,procurement_suppliers-expedite_decision-01,resolve_expedite_decision,procurement_suppliers,sub-operations-no-gold,unavailable,-9.568066637148682,-13.058421682623766,-3.4903550454750842
qwen3-4b,structural,structural:procurement_suppliers-expedite_decision-01:sub-operations-no-last:after_penultimate_success,procurement_suppliers-expedite_decision-01,resolve_expedite_decision,procurement_suppliers,sub-operations-no-last,budget_exhausted,-34.47296949714361,-30.328099403565204,4.144870093578405
qwen3-4b,structural,structural:procurement_suppliers-expedite_decision-02:sub-operations-first-only:after_first_success,procurement_suppliers-expedite_decision-02,resolve_expedite_decision,procurement_suppliers,sub-operations-first-only,budget_exhausted,-28.0524542989713,-32.78989535719035,-4.737441058219055
qwen3-4b,structural,structural:procurement_suppliers-expedite_decision-02:sub-operations-no-first:pre_action,procurement_suppliers-expedite_decision-02,resolve_expedite_decision,procurement_suppliers,sub-operations-no-first,unavailable,-12.3433440670849,-14.358431088831779,-2.0150870217468793
qwen3-4b,structural,structural:procurement_suppliers-expedite_decision-02:sub-operations-no-gold:pre_action,procurement_suppliers-expedite_decision-02,resolve_expedite_decision,procurement_suppliers,sub-operations-no-gold,unavailable,-12.3433440670849,-14.523523688918367,-2.1801796218334673
qwen3-4b,structural,structural:procurement_suppliers-expedite_decision-02:sub-operations-no-last:after_penultimate_success,procurement_suppliers-expedite_decision-02,resolve_expedite_decision,procurement_suppliers,sub-operations-no-last,budget_exhausted,-37.28459140795883,-20.37561852002119,16.908972887937637
qwen3-4b,structural,structural:procurement_suppliers-expedite_decision-03:sub-operations-first-only:after_first_success,procurement_suppliers-expedite_decision-03,resolve_expedite_decision,procurement_suppliers,sub-operations-first-only,unavailable,-26.71254199749199,-20.56200074661895,6.15054125087304
qwen3-4b,structural,structural:procurement_suppliers-expedite_decision-03:sub-operations-no-first:pre_action,procurement_suppliers-expedite_decision-03,resolve_expedite_decision,procurement_suppliers,sub-operations-no-first,unavailable,-13.372551469356132,-15.77850917224626,-2.4059577028901273
qwen3-4b,structural,structural:procurement_suppliers-expedite_decision-03:sub-operations-no-gold:pre_action,procurement_suppliers-expedite_decision-03,resolve_expedite_decision,procurement_suppliers,sub-operations-no-gold,unavailable,-13.372551469356132,-17.07312962675946,-3.700578157403328
qwen3-4b,structural,structural:procurement_suppliers-expedite_decision-03:sub-operations-no-last:after_penultimate_success,procurement_suppliers-expedite_decision-03,resolve_expedite_decision,procurement_suppliers,sub-operations-no-last,budget_exhausted,-34.59781674269041,-26.055789922508687,8.542026820181725
qwen3-4b,structural,structural:procurement_suppliers-lead_time-00:sub-operations-first-only:after_first_success,procurement_suppliers-lead_time-00,resolve_lead_time,procurement_suppliers,sub-operations-first-only,budget_exhausted,-27.100348964739943,-28.16653600574154,-1.066187041001598
qwen3-4b,structural,structural:procurement_suppliers-lead_time-00:sub-operations-no-first:pre_action,procurement_suppliers-lead_time-00,resolve_lead_time,procurement_suppliers,sub-operations-no-first,budget_exhausted,-13.511406506594668,-12.373143962785093,1.1382625438095744
qwen3-4b,structural,structural:procurement_suppliers-lead_time-00:sub-operations-no-gold:pre_action,procurement_suppliers-lead_time-00,resolve_lead_time,procurement_suppliers,sub-operations-no-gold,unavailable,-13.511406506594668,-10.5585580720956,2.9528484344990673
qwen3-4b,structural,structural:procurement_suppliers-lead_time-00:sub-operations-no-last:after_penultimate_success,procurement_suppliers-lead_time-00,resolve_lead_time,procurement_suppliers,sub-operations-no-last,budget_exhausted,-34.47375661153924,-32.63912061865439,1.8346359928848486
qwen3-4b,structural,structural:procurement_suppliers-lead_time-01:sub-operations-first-only:after_first_success,procurement_suppliers-lead_time-01,resolve_lead_time,procurement_suppliers,sub-operations-first-only,budget_exhausted,-31.44512758224991,-29.917771799342923,1.5273557829069873
qwen3-4b,structural,structural:procurement_suppliers-lead_time-01:sub-operations-no-first:pre_action,procurement_suppliers-lead_time-01,resolve_lead_time,procurement_suppliers,sub-operations-no-first,unavailable,-14.523187304286182,-11.235128750489316,3.2880585537968656
qwen3-4b,structural,structural:procurement_suppliers-lead_time-01:sub-operations-no-gold:pre_action,procurement_suppliers-lead_time-01,resolve_lead_time,procurement_suppliers,sub-operations-no-gold,unavailable,-14.523187304286182,-10.186899325037544,4.336287979248638
qwen3-4b,structural,structural:procurement_suppliers-lead_time-01:sub-operations-no-last:after_penultimate_success,procurement_suppliers-lead_time-01,resolve_lead_time,procurement_suppliers,sub-operations-no-last,budget_exhausted,-40.22379153963581,-18.826915243172436,21.396876296463375
qwen3-4b,structural,structural:procurement_suppliers-lead_time-02:sub-operations-first-only:after_first_success,procurement_suppliers-lead_time-02,resolve_lead_time,procurement_suppliers,sub-operations-first-only,budget_exhausted,-25.349083185953212,-21.13159455260478,4.217488633348431
qwen3-4b,structural,structural:procurement_suppliers-lead_time-02:sub-operations-no-first:pre_action,procurement_suppliers-lead_time-02,resolve_lead_time,procurement_suppliers,sub-operations-no-first,budget_exhausted,-11.41821680739443,-8.435170771148165,2.9830460362462645
qwen3-4b,structural,structural:procurement_suppliers-lead_time-02:sub-operations-no-gold:pre_action,procurement_suppliers-lead_time-02,resolve_lead_time,procurement_suppliers,sub-operations-no-gold,unavailable,-11.41821680739443,-11.42970856813993,-0.011491760745499846
qwen3-4b,structural,structural:procurement_suppliers-lead_time-02:sub-operations-no-last:after_penultimate_success,procurement_suppliers-lead_time-02,resolve_lead_time,procurement_suppliers,sub-operations-no-last,budget_exhausted,-36.2237522279321,-18.31289486196834,17.910857365963764
qwen3-4b,structural,structural:procurement_suppliers-purchase_limit-01:sub-operations-first-only:after_first_success,procurement_suppliers-purchase_limit-01,resolve_purchase_limit,procurement_suppliers,sub-operations-first-only,budget_exhausted,-29.911150724209385,-18.500001596149062,11.411149128060323
qwen3-4b,structural,structural:procurement_suppliers-purchase_limit-01:sub-operations-no-first:pre_action,procurement_suppliers-purchase_limit-01,resolve_purchase_limit,procurement_suppliers,sub-operations-no-first,unavailable,-11.620246158360665,-9.794978037499156,1.8252681208615087
qwen3-4b,structural,structural:procurement_suppliers-purchase_limit-01:sub-operations-no-gold:pre_action,procurement_suppliers-purchase_limit-01,resolve_purchase_limit,procurement_suppliers,sub-operations-no-gold,unavailable,-11.620246158360665,-11.741549326905677,-0.12130316854501189
qwen3-4b,structural,structural:procurement_suppliers-purchase_limit-01:sub-operations-no-last:after_penultimate_success,procurement_suppliers-purchase_limit-01,resolve_purchase_limit,procurement_suppliers,sub-operations-no-last,budget_exhausted,-37.47370992014496,-21.000031594821884,16.47367832532308
qwen3-4b,structural,structural:procurement_suppliers-purchase_limit-03:sub-operations-first-only:after_first_success,procurement_suppliers-purchase_limit-03,resolve_purchase_limit,procurement_suppliers,sub-operations-first-only,budget_exhausted,-33.22369852440241,-19.125001438969306,14.098697085433102
qwen3-4b,structural,structural:procurement_suppliers-purchase_limit-03:sub-operations-no-first:pre_action,procurement_suppliers-purchase_limit-03,resolve_purchase_limit,procurement_suppliers,sub-operations-no-first,unavailable,-20.294222060963143,-16.731948765628005,3.562273295335139
qwen3-4b,structural,structural:procurement_suppliers-purchase_limit-03:sub-operations-no-gold:pre_action,procurement_suppliers-purchase_limit-03,resolve_purchase_limit,procurement_suppliers,sub-operations-no-gold,unavailable,-20.294222060963143,-13.816519093859306,6.477702967103838
qwen3-4b,structural,structural:procurement_suppliers-purchase_limit-03:sub-operations-no-last:after_penultimate_success,procurement_suppliers-purchase_limit-03,resolve_purchase_limit,procurement_suppliers,sub-operations-no-last,budget_exhausted,-33.41116194795323,-20.062502673080616,13.348659274872617
qwen3-4b,structural,structural:procurement_suppliers-quote_rank-02:sub-operations-first-only:after_first_success,procurement_suppliers-quote_rank-02,resolve_quote_rank,procurement_suppliers,sub-operations-first-only,budget_exhausted,-35.4102866926282,-30.792617911354682,4.617668781273515
qwen3-4b,structural,structural:procurement_suppliers-quote_rank-02:sub-operations-no-first:pre_action,procurement_suppliers-quote_rank-02,resolve_quote_rank,procurement_suppliers,sub-operations-no-first,unavailable,-17.494981442776947,-16.09919158800095,1.3957898547759982
qwen3-4b,structural,structural:procurement_suppliers-quote_rank-02:sub-operations-no-gold:pre_action,procurement_suppliers-quote_rank-02,resolve_quote_rank,procurement_suppliers,sub-operations-no-gold,unavailable,-17.494981442776947,-11.841241749735474,5.653739693041473
qwen3-4b,structural,structural:procurement_suppliers-quote_rank-02:sub-operations-no-last:after_penultimate_success,procurement_suppliers-quote_rank-02,resolve_quote_rank,procurement_suppliers,sub-operations-no-last,budget_exhausted,-40.84875244174129,-35.69537150600249,5.153380935738802
qwen3-4b,structural,structural:procurement_suppliers-quote_rank-03:sub-operations-first-only:after_first_success,procurement_suppliers-quote_rank-03,resolve_quote_rank,procurement_suppliers,sub-operations-first-only,budget_exhausted,-39.21170571798991,-35.73274218459998,3.47896353338993
qwen3-4b,structural,structural:procurement_suppliers-quote_rank-03:sub-operations-no-first:pre_action,procurement_suppliers-quote_rank-03,resolve_quote_rank,procurement_suppliers,sub-operations-no-first,budget_exhausted,-20.182060716213137,-16.792933636103328,3.389127080109809
qwen3-4b,structural,structural:procurement_suppliers-quote_rank-03:sub-operations-no-gold:pre_action,procurement_suppliers-quote_rank-03,resolve_quote_rank,procurement_suppliers,sub-operations-no-gold,unavailable,-20.182060716213137,-12.9997086586556,7.182352057557537
qwen3-4b,structural,structural:procurement_suppliers-quote_rank-03:sub-operations-no-last:after_penultimate_success,procurement_suppliers-quote_rank-03,resolve_quote_rank,procurement_suppliers,sub-operations-no-last,budget_exhausted,-45.286071261562284,-35.56989776798176,9.716173493580527
qwen3-4b,structural,structural:procurement_suppliers-quote_rank-04:sub-operations-first-only:after_first_success,procurement_suppliers-quote_rank-04,resolve_quote_rank,procurement_suppliers,sub-operations-first-only,unavailable,-40.348868376053716,-30.072812089395157,10.276056286658559
qwen3-4b,structural,structural:procurement_suppliers-quote_rank-04:sub-operations-no-first:pre_action,procurement_suppliers-quote_rank-04,resolve_quote_rank,procurement_suppliers,sub-operations-no-first,unavailable,-20.33154510274803,-18.847734379490525,1.4838107232575055
qwen3-4b,structural,structural:procurement_suppliers-quote_rank-04:sub-operations-no-gold:pre_action,procurement_suppliers-quote_rank-04,resolve_quote_rank,procurement_suppliers,sub-operations-no-gold,unavailable,-20.33154510274803,-14.48098854207057,5.850556560677461
qwen3-4b,structural,structural:procurement_suppliers-quote_rank-04:sub-operations-no-last:after_penultimate_success,procurement_suppliers-quote_rank-04,resolve_quote_rank,procurement_suppliers,sub-operations-no-last,budget_exhausted,-42.661069828731065,-28.031368979082323,14.629700849648742
qwen3-4b,structural,structural:procurement_suppliers-receipt_variance-01:sub-operations-first-only:after_first_success,procurement_suppliers-receipt_variance-01,resolve_receipt_variance,procurement_suppliers,sub-operations-first-only,budget_exhausted,-34.22364279725747,-27.97721414734898,6.246428649908488
qwen3-4b,structural,structural:procurement_suppliers-receipt_variance-01:sub-operations-no-first:pre_action,procurement_suppliers-receipt_variance-01,resolve_receipt_variance,procurement_suppliers,sub-operations-no-first,budget_exhausted,-14.721951642471986,-13.663460258944063,1.0584913835279224
qwen3-4b,structural,structural:procurement_suppliers-receipt_variance-01:sub-operations-no-gold:pre_action,procurement_suppliers-receipt_variance-01,resolve_receipt_variance,procurement_suppliers,sub-operations-no-gold,budget_exhausted,-14.721951642471986,-16.639038417110676,-1.9170867746386904
qwen3-4b,structural,structural:procurement_suppliers-receipt_variance-01:sub-operations-no-last:after_penultimate_success,procurement_suppliers-receipt_variance-01,resolve_receipt_variance,procurement_suppliers,sub-operations-no-last,unavailable,-42.22361845212022,-18.250003612956164,23.973614839164057
qwen3-4b,structural,structural:procurement_suppliers-return_authorization-02:sub-operations-first-only:after_first_success,procurement_suppliers-return_authorization-02,resolve_return_authorization,procurement_suppliers,sub-operations-first-only,budget_exhausted,-30.973786457015756,-17.295875401655827,13.677911055359928
qwen3-4b,structural,structural:procurement_suppliers-return_authorization-02:sub-operations-no-first:pre_action,procurement_suppliers-return_authorization-02,resolve_return_authorization,procurement_suppliers,sub-operations-no-first,unavailable,-13.721739814286941,-10.014548530148573,3.707191284138368
qwen3-4b,structural,structural:procurement_suppliers-return_authorization-02:sub-operations-no-gold:pre_action,procurement_suppliers-return_authorization-02,resolve_return_authorization,procurement_suppliers,sub-operations-no-gold,unavailable,-13.721739814286941,-7.685977398535144,6.0357624157517975
qwen3-4b,structural,structural:procurement_suppliers-return_authorization-02:sub-operations-no-last:after_penultimate_success,procurement_suppliers-return_authorization-02,resolve_return_authorization,procurement_suppliers,sub-operations-no-last,budget_exhausted,-35.84871317219074,-18.213977850895773,17.63473532129497
qwen3-4b,structural,structural:procurement_suppliers-return_authorization-03:sub-operations-first-only:after_first_success,procurement_suppliers-return_authorization-03,resolve_return_authorization,procurement_suppliers,sub-operations-first-only,budget_exhausted,-32.223891910371904,-26.192295961178445,6.031595949193459
qwen3-4b,structural,structural:procurement_suppliers-return_authorization-03:sub-operations-no-first:pre_action,procurement_suppliers-return_authorization-03,resolve_return_authorization,procurement_suppliers,sub-operations-no-first,unavailable,-19.79253218464406,-14.110582487045491,5.681949697598569
qwen3-4b,structural,structural:procurement_suppliers-return_authorization-03:sub-operations-no-gold:pre_action,procurement_suppliers-return_authorization-03,resolve_return_authorization,procurement_suppliers,sub-operations-no-gold,budget_exhausted,-19.79253218464406,-13.098946880670425,6.693585303973634
qwen3-4b,structural,structural:procurement_suppliers-return_authorization-03:sub-operations-no-last:after_penultimate_success,procurement_suppliers-return_authorization-03,resolve_return_authorization,procurement_suppliers,sub-operations-no-last,unavailable,-42.84846936991193,-18.948276172560412,23.90019319735152
qwen3-4b,structural,structural:procurement_suppliers-supplier_eligibility-00:sub-operations-first-only:after_first_success,procurement_suppliers-supplier_eligibility-00,resolve_supplier_eligibility,procurement_suppliers,sub-operations-first-only,unavailable,-31.7238584915954,-26.881746667099364,4.842111824496037
qwen3-4b,structural,structural:procurement_suppliers-supplier_eligibility-00:sub-operations-no-first:pre_action,procurement_suppliers-supplier_eligibility-00,resolve_supplier_eligibility,procurement_suppliers,sub-operations-no-first,budget_exhausted,-17.498259059622292,-13.914356833776935,3.583902225845357
qwen3-4b,structural,structural:procurement_suppliers-supplier_eligibility-00:sub-operations-no-gold:pre_action,procurement_suppliers-supplier_eligibility-00,resolve_supplier_eligibility,procurement_suppliers,sub-operations-no-gold,unavailable,-17.498259059622292,-12.396710047728519,5.101549011893773
qwen3-4b,structural,structural:procurement_suppliers-supplier_eligibility-00:sub-operations-no-last:after_penultimate_success,procurement_suppliers-supplier_eligibility-00,resolve_supplier_eligibility,procurement_suppliers,sub-operations-no-last,unavailable,-39.098538242698,-21.921923869198515,17.176614373499483
qwen3-4b,structural,structural:procurement_suppliers-supplier_eligibility-01:sub-operations-first-only:after_first_success,procurement_suppliers-supplier_eligibility-01,resolve_supplier_eligibility,procurement_suppliers,sub-operations-first-only,budget_exhausted,-38.34715062428894,-17.838839908338073,20.50831071595087
qwen3-4b,structural,structural:procurement_suppliers-supplier_eligibility-01:sub-operations-no-first:pre_action,procurement_suppliers-supplier_eligibility-01,resolve_supplier_eligibility,procurement_suppliers,sub-operations-no-first,unavailable,-21.81435572545491,-13.222195937355615,8.592159788099295
qwen3-4b,structural,structural:procurement_suppliers-supplier_eligibility-01:sub-operations-no-gold:pre_action,procurement_suppliers-supplier_eligibility-01,resolve_supplier_eligibility,procurement_suppliers,sub-operations-no-gold,unavailable,-21.81435572545491,-9.191868119606298,12.622487605848612
qwen3-4b,structural,structural:procurement_suppliers-supplier_eligibility-01:sub-operations-no-last:after_penultimate_success,procurement_suppliers-supplier_eligibility-01,resolve_supplier_eligibility,procurement_suppliers,sub-operations-no-last,budget_exhausted,-42.786104088257936,-20.158497973467327,22.62760611479061
qwen3-4b,structural,structural:procurement_suppliers-supplier_eligibility-02:sub-operations-first-only:after_first_success,procurement_suppliers-supplier_eligibility-02,resolve_supplier_eligibility,procurement_suppliers,sub-operations-first-only,budget_exhausted,-36.598744975570746,-21.365220458133074,15.233524517437672
qwen3-4b,structural,structural:procurement_suppliers-supplier_eligibility-02:sub-operations-no-first:pre_action,procurement_suppliers-supplier_eligibility-02,resolve_supplier_eligibility,procurement_suppliers,sub-operations-no-first,unavailable,-19.420645359642982,-13.108240851160453,6.31240450848253
qwen3-4b,structural,structural:procurement_suppliers-supplier_eligibility-02:sub-operations-no-gold:pre_action,procurement_suppliers-supplier_eligibility-02,resolve_supplier_eligibility,procurement_suppliers,sub-operations-no-gold,unavailable,-19.420645359642982,-5.141327629606565,14.279317730036418
qwen3-4b,structural,structural:procurement_suppliers-supplier_eligibility-02:sub-operations-no-last:after_penultimate_success,procurement_suppliers-supplier_eligibility-02,resolve_supplier_eligibility,procurement_suppliers,sub-operations-no-last,budget_exhausted,-44.03608365030946,-20.74973957988422,23.286344070425237
qwen3-4b,structural,structural:procurement_suppliers-supplier_eligibility-03:sub-operations-first-only:after_first_success,procurement_suppliers-supplier_eligibility-03,resolve_supplier_eligibility,procurement_suppliers,sub-operations-first-only,budget_exhausted,-30.599204124634127,-39.308969771309876,-8.709765646675748
qwen3-4b,structural,structural:procurement_suppliers-supplier_eligibility-03:sub-operations-no-first:pre_action,procurement_suppliers-supplier_eligibility-03,resolve_supplier_eligibility,procurement_suppliers,sub-operations-no-first,unavailable,-19.587059817914678,-15.279915139076081,4.307144678838597
qwen3-4b,structural,structural:procurement_suppliers-supplier_eligibility-03:sub-operations-no-gold:pre_action,procurement_suppliers-supplier_eligibility-03,resolve_supplier_eligibility,procurement_suppliers,sub-operations-no-gold,unavailable,-19.587059817914678,-15.211229615011725,4.375830202902954
qwen3-4b,structural,structural:procurement_suppliers-supplier_eligibility-03:sub-operations-no-last:after_penultimate_success,procurement_suppliers-supplier_eligibility-03,resolve_supplier_eligibility,procurement_suppliers,sub-operations-no-last,budget_exhausted,-39.661134827336475,-21.57307826208565,18.088056565250824
qwen3-4b,structural,structural:procurement_suppliers-vendor_score-00:sub-operations-first-only:after_first_success,procurement_suppliers-vendor_score-00,resolve_vendor_score,procurement_suppliers,sub-operations-first-only,budget_exhausted,-35.28648485755792,-19.188123440649917,16.098361416908006
qwen3-4b,structural,structural:procurement_suppliers-vendor_score-00:sub-operations-no-first:pre_action,procurement_suppliers-vendor_score-00,resolve_vendor_score,procurement_suppliers,sub-operations-no-first,unavailable,-16.836433729875168,-18.039529841898315,-1.2030961120231467
qwen3-4b,structural,structural:procurement_suppliers-vendor_score-00:sub-operations-no-gold:pre_action,procurement_suppliers-vendor_score-00,resolve_vendor_score,procurement_suppliers,sub-operations-no-gold,unavailable,-16.836433729875168,-20.525272455234372,-3.6888387253592043
qwen3-4b,structural,structural:procurement_suppliers-vendor_score-00:sub-operations-no-last:after_penultimate_success,procurement_suppliers-vendor_score-00,resolve_vendor_score,procurement_suppliers,sub-operations-no-last,budget_exhausted,-21.255951482547673,-20.37506876861586,0.8808827139318112
qwen3-4b,structural,structural:procurement_suppliers-vendor_score-02:sub-operations-first-only:after_first_success,procurement_suppliers-vendor_score-02,resolve_vendor_score,procurement_suppliers,sub-operations-first-only,budget_exhausted,-38.22365743904274,-19.022062795916924,19.201594643125816
qwen3-4b,structural,structural:procurement_suppliers-vendor_score-02:sub-operations-no-first:pre_action,procurement_suppliers-vendor_score-02,resolve_vendor_score,procurement_suppliers,sub-operations-no-first,budget_exhausted,-19.790384802967232,-15.014273957245791,4.7761108457214405
qwen3-4b,structural,structural:procurement_suppliers-vendor_score-02:sub-operations-no-gold:pre_action,procurement_suppliers-vendor_score-02,resolve_vendor_score,procurement_suppliers,sub-operations-no-gold,budget_exhausted,-19.790384802967232,-15.835815249882181,3.954569553085051
qwen3-4b,structural,structural:procurement_suppliers-vendor_score-02:sub-operations-no-last:after_penultimate_success,procurement_suppliers-vendor_score-02,resolve_vendor_score,procurement_suppliers,sub-operations-no-last,budget_exhausted,-25.849693639773356,-20.23665951758653,5.613034122186825
qwen3-4b,structural,structural:procurement_suppliers-vendor_score-03:sub-operations-first-only:after_first_success,procurement_suppliers-vendor_score-03,resolve_vendor_score,procurement_suppliers,sub-operations-first-only,budget_exhausted,-33.34876605044148,-19.18750317707486,14.161262873366624
qwen3-4b,structural,structural:procurement_suppliers-vendor_score-03:sub-operations-no-first:pre_action,procurement_suppliers-vendor_score-03,resolve_vendor_score,procurement_suppliers,sub-operations-no-first,budget_exhausted,-17.065799068096943,-11.882778610942026,5.183020457154917
qwen3-4b,structural,structural:procurement_suppliers-vendor_score-03:sub-operations-no-gold:pre_action,procurement_suppliers-vendor_score-03,resolve_vendor_score,procurement_suppliers,sub-operations-no-gold,budget_exhausted,-17.065799068096943,-18.343200289518684,-1.2774012214217407
qwen3-4b,structural,structural:procurement_suppliers-vendor_score-03:sub-operations-no-last:after_penultimate_success,procurement_suppliers-vendor_score-03,resolve_vendor_score,procurement_suppliers,sub-operations-no-last,budget_exhausted,-38.4112121190906,-20.43750630424919,17.97370581484141
qwen3-4b,structural,structural:procurement_suppliers-vendor_score-04:sub-operations-first-only:after_first_success,procurement_suppliers-vendor_score-04,resolve_vendor_score,procurement_suppliers,sub-operations-first-only,unavailable,-39.08539697313945,-18.7914480461816,20.293948926957853
qwen3-4b,structural,structural:procurement_suppliers-vendor_score-04:sub-operations-no-first:pre_action,procurement_suppliers-vendor_score-04,resolve_vendor_score,procurement_suppliers,sub-operations-no-first,budget_exhausted,-14.512217297142925,-14.612182727673478,-0.09996543053055262
qwen3-4b,structural,structural:procurement_suppliers-vendor_score-04:sub-operations-no-gold:pre_action,procurement_suppliers-vendor_score-04,resolve_vendor_score,procurement_suppliers,sub-operations-no-gold,unavailable,-14.512217297142925,-18.102927702281868,-3.5907104051389425
qwen3-4b,structural,structural:procurement_suppliers-vendor_score-04:sub-operations-no-last:after_penultimate_success,procurement_suppliers-vendor_score-04,resolve_vendor_score,procurement_suppliers,sub-operations-no-last,budget_exhausted,-37.28625507362067,-20.875069399385247,16.411185674235426
qwen3-4b,structural,structural:workforce_access-access_decision-00:sub-operations-first-only:after_first_success,workforce_access-access_decision-00,resolve_access_decision,workforce_access,sub-operations-first-only,budget_exhausted,-38.22356073258514,-18.500015733163494,19.723544999421648
qwen3-4b,structural,structural:workforce_access-access_decision-00:sub-operations-no-first:pre_action,workforce_access-access_decision-00,resolve_access_decision,workforce_access,sub-operations-no-first,unavailable,-15.042435820365995,-13.595877167185492,1.446558653180503
qwen3-4b,structural,structural:workforce_access-access_decision-00:sub-operations-no-gold:pre_action,workforce_access-access_decision-00,resolve_access_decision,workforce_access,sub-operations-no-gold,unavailable,-15.042435820365995,-7.061925278649753,7.980510541716242
qwen3-4b,structural,structural:workforce_access-access_decision-00:sub-operations-no-last:after_penultimate_success,workforce_access-access_decision-00,resolve_access_decision,workforce_access,sub-operations-no-last,budget_exhausted,-44.09835552794051,-21.741369296575044,22.356986231365468
qwen3-4b,structural,structural:workforce_access-access_decision-04:sub-operations-first-only:after_first_success,workforce_access-access_decision-04,resolve_access_decision,workforce_access,sub-operations-first-only,budget_exhausted,-28.97379612547003,-18.965335404720854,10.008460720749177
qwen3-4b,structural,structural:workforce_access-access_decision-04:sub-operations-no-first:pre_action,workforce_access-access_decision-04,resolve_access_decision,workforce_access,sub-operations-no-first,budget_exhausted,-14.689445910001574,-12.257027701685445,2.432418208316129
qwen3-4b,structural,structural:workforce_access-access_decision-04:sub-operations-no-gold:pre_action,workforce_access-access_decision-04,resolve_access_decision,workforce_access,sub-operations-no-gold,unavailable,-14.689445910001574,-14.611654403123303,0.07779150687827041
qwen3-4b,structural,structural:workforce_access-access_decision-04:sub-operations-no-last:after_penultimate_success,workforce_access-access_decision-04,resolve_access_decision,workforce_access,sub-operations-no-last,budget_exhausted,-38.72352980104279,-20.625029565377183,18.098500235665604
qwen3-4b,structural,structural:workforce_access-badge_expiry-00:sub-operations-first-only:after_first_success,workforce_access-badge_expiry-00,resolve_badge_expiry,workforce_access,sub-operations-first-only,unavailable,-35.04789626240228,-17.929172441604244,17.11872382079804
qwen3-4b,structural,structural:workforce_access-badge_expiry-00:sub-operations-no-first:pre_action,workforce_access-badge_expiry-00,resolve_badge_expiry,workforce_access,sub-operations-no-first,unavailable,-16.92959857102882,-12.982875181026628,3.946723390002191
qwen3-4b,structural,structural:workforce_access-badge_expiry-00:sub-operations-no-gold:pre_action,workforce_access-badge_expiry-00,resolve_badge_expiry,workforce_access,sub-operations-no-gold,budget_exhausted,-16.92959857102882,-12.636305180110142,4.293293390918677
qwen3-4b,structural,structural:workforce_access-badge_expiry-00:sub-operations-no-last:after_penultimate_success,workforce_access-badge_expiry-00,resolve_badge_expiry,workforce_access,sub-operations-no-last,budget_exhausted,-41.09769547644968,-18.75661664988872,22.34107882656096
qwen3-4b,structural,structural:workforce_access-badge_expiry-01:sub-operations-first-only:after_first_success,workforce_access-badge_expiry-01,resolve_badge_expiry,workforce_access,sub-operations-first-only,budget_exhausted,-33.343668573667046,-16.813589928793498,16.530078644873548
qwen3-4b,structural,structural:workforce_access-badge_expiry-01:sub-operations-no-first:pre_action,workforce_access-badge_expiry-01,resolve_badge_expiry,workforce_access,sub-operations-no-first,unavailable,-14.268727335175889,-9.6826557232908,4.586071611885089
qwen3-4b,structural,structural:workforce_access-badge_expiry-01:sub-operations-no-gold:pre_action,workforce_access-badge_expiry-01,resolve_badge_expiry,workforce_access,sub-operations-no-gold,unavailable,-14.268727335175889,-8.845806961538642,5.422920373637247
qwen3-4b,structural,structural:workforce_access-badge_expiry-01:sub-operations-no-last:after_penultimate_success,workforce_access-badge_expiry-01,resolve_badge_expiry,workforce_access,sub-operations-no-last,budget_exhausted,-31.72137464392165,-20.062503046409653,11.658871597511997
qwen3-4b,structural,structural:workforce_access-badge_expiry-02:sub-operations-first-only:after_first_success,workforce_access-badge_expiry-02,resolve_badge_expiry,workforce_access,sub-operations-first-only,budget_exhausted,-35.723355903292024,-18.693574666427118,17.029781236864906
qwen3-4b,structural,structural:workforce_access-badge_expiry-02:sub-operations-no-first:pre_action,workforce_access-badge_expiry-02,resolve_badge_expiry,workforce_access,sub-operations-no-first,unavailable,-17.560261642924864,-13.443306189836363,4.116955453088501
qwen3-4b,structural,structural:workforce_access-badge_expiry-02:sub-operations-no-gold:pre_action,workforce_access-badge_expiry-02,resolve_badge_expiry,workforce_access,sub-operations-no-gold,budget_exhausted,-17.560261642924864,-10.367716172301492,7.192545470623372
qwen3-4b,structural,structural:workforce_access-badge_expiry-02:sub-operations-no-last:after_penultimate_success,workforce_access-badge_expiry-02,resolve_badge_expiry,workforce_access,sub-operations-no-last,budget_exhausted,-40.03492540851429,-19.494514018313474,20.540411390200816
qwen3-4b,structural,structural:workforce_access-badge_expiry-03:sub-operations-first-only:after_first_success,workforce_access-badge_expiry-03,resolve_badge_expiry,workforce_access,sub-operations-first-only,budget_exhausted,-33.34848976865929,-30.230533605266935,3.117956163392357
qwen3-4b,structural,structural:workforce_access-badge_expiry-03:sub-operations-no-first:pre_action,workforce_access-badge_expiry-03,resolve_badge_expiry,workforce_access,sub-operations-no-first,unavailable,-22.904742270363776,-19.909663727621144,2.9950785427426325
qwen3-4b,structural,structural:workforce_access-badge_expiry-03:sub-operations-no-gold:pre_action,workforce_access-badge_expiry-03,resolve_badge_expiry,workforce_access,sub-operations-no-gold,unavailable,-22.904742270363776,-13.728623615332488,9.176118655031289
qwen3-4b,structural,structural:workforce_access-badge_expiry-03:sub-operations-no-last:after_penultimate_success,workforce_access-badge_expiry-03,resolve_badge_expiry,workforce_access,sub-operations-no-last,budget_exhausted,-38.97271223908496,-18.067960334426253,20.90475190465871
qwen3-4b,structural,structural:workforce_access-badge_expiry-04:sub-operations-first-only:after_first_success,workforce_access-badge_expiry-04,resolve_badge_expiry,workforce_access,sub-operations-first-only,budget_exhausted,-32.84841903951686,-17.06371380578036,15.784705233736503
qwen3-4b,structural,structural:workforce_access-badge_expiry-04:sub-operations-no-first:pre_action,workforce_access-badge_expiry-04,resolve_badge_expiry,workforce_access,sub-operations-no-first,budget_exhausted,-15.731680882221198,-11.653145310845943,4.078535571375255
qwen3-4b,structural,structural:workforce_access-badge_expiry-04:sub-operations-no-gold:pre_action,workforce_access-badge_expiry-04,resolve_badge_expiry,workforce_access,sub-operations-no-gold,budget_exhausted,-15.731680882221198,-12.542719929416137,3.1889609528050613
qwen3-4b,structural,structural:workforce_access-badge_expiry-04:sub-operations-no-last:after_penultimate_success,workforce_access-badge_expiry-04,resolve_badge_expiry,workforce_access,sub-operations-no-last,budget_exhausted,-41.659429354081226,-19.178421680696182,22.481007673385044
qwen3-4b,structural,structural:workforce_access-delegation_scope-01:sub-operations-first-only:after_first_success,workforce_access-delegation_scope-01,resolve_delegation_scope,workforce_access,sub-operations-first-only,budget_exhausted,-32.468842199479575,-17.107582639422503,15.361259560057071
qwen3-4b,structural,structural:workforce_access-delegation_scope-01:sub-operations-no-first:pre_action,workforce_access-delegation_scope-01,resolve_delegation_scope,workforce_access,sub-operations-no-first,unavailable,-12.236736865659424,-10.822019355150765,1.414717510508659
qwen3-4b,structural,structural:workforce_access-delegation_scope-01:sub-operations-no-gold:pre_action,workforce_access-delegation_scope-01,resolve_delegation_scope,workforce_access,sub-operations-no-gold,unavailable,-12.236736865659424,-5.908568836999983,6.328168028659441
qwen3-4b,structural,structural:workforce_access-delegation_scope-01:sub-operations-no-last:after_penultimate_success,workforce_access-delegation_scope-01,resolve_delegation_scope,workforce_access,sub-operations-no-last,budget_exhausted,-38.97379981207803,-20.253423095682372,18.720376716395656
qwen3-4b,structural,structural:workforce_access-delegation_scope-02:sub-operations-first-only:after_first_success,workforce_access-delegation_scope-02,resolve_delegation_scope,workforce_access,sub-operations-first-only,unavailable,-28.633554406073053,-16.911246934201344,11.722307471871709
qwen3-4b,structural,structural:workforce_access-delegation_scope-02:sub-operations-no-first:pre_action,workforce_access-delegation_scope-02,resolve_delegation_scope,workforce_access,sub-operations-no-first,budget_exhausted,-9.211683891354348,-7.360603630500293,1.8510802608540544
qwen3-4b,structural,structural:workforce_access-delegation_scope-02:sub-operations-no-gold:pre_action,workforce_access-delegation_scope-02,resolve_delegation_scope,workforce_access,sub-operations-no-gold,unavailable,-9.211683891354348,-6.960670958426107,2.2510129329282407
qwen3-4b,structural,structural:workforce_access-delegation_scope-02:sub-operations-no-last:after_penultimate_success,workforce_access-delegation_scope-02,resolve_delegation_scope,workforce_access,sub-operations-no-last,budget_exhausted,-39.53630249248369,-20.06251547161613,19.47378702086756
qwen3-4b,structural,structural:workforce_access-delegation_scope-03:sub-operations-first-only:after_first_success,workforce_access-delegation_scope-03,resolve_delegation_scope,workforce_access,sub-operations-first-only,budget_exhausted,-36.47385838051419,-25.5428360833858,10.931022297128386
qwen3-4b,structural,structural:workforce_access-delegation_scope-03:sub-operations-no-first:pre_action,workforce_access-delegation_scope-03,resolve_delegation_scope,workforce_access,sub-operations-no-first,budget_exhausted,-13.82702967442831,-13.683702989749222,0.1433266846790886
qwen3-4b,structural,structural:workforce_access-delegation_scope-03:sub-operations-no-gold:pre_action,workforce_access-delegation_scope-03,resolve_delegation_scope,workforce_access,sub-operations-no-gold,budget_exhausted,-13.82702967442831,-10.845835507440178,2.981194166988132
qwen3-4b,structural,structural:workforce_access-delegation_scope-03:sub-operations-no-last:after_penultimate_success,workforce_access-delegation_scope-03,resolve_delegation_scope,workforce_access,sub-operations-no-last,budget_exhausted,-44.53630104504345,-19.573774303814922,24.96252674122853
qwen3-4b,structural,structural:workforce_access-leave_balance-00:sub-operations-first-only:after_first_success,workforce_access-leave_balance-00,resolve_leave_balance,workforce_access,sub-operations-first-only,unavailable,-27.598761398776666,-17.655383750291392,9.943377648485274
qwen3-4b,structural,structural:workforce_access-leave_balance-00:sub-operations-no-first:pre_action,workforce_access-leave_balance-00,resolve_leave_balance,workforce_access,sub-operations-no-first,budget_exhausted,-9.868959481501712,-4.6768746757784925,5.192084805723219
qwen3-4b,structural,structural:workforce_access-leave_balance-00:sub-operations-no-gold:pre_action,workforce_access-leave_balance-00,resolve_leave_balance,workforce_access,sub-operations-no-gold,unavailable,-9.868959481501712,-4.259008976851362,5.6099505046503495
qwen3-4b,structural,structural:workforce_access-leave_balance-00:sub-operations-no-last:after_penultimate_success,workforce_access-leave_balance-00,resolve_leave_balance,workforce_access,sub-operations-no-last,budget_exhausted,-37.72374839834312,-25.93991597424551,11.78383242409761
qwen3-4b,structural,structural:workforce_access-leave_balance-01:sub-operations-first-only:after_first_success,workforce_access-leave_balance-01,resolve_leave_balance,workforce_access,sub-operations-first-only,budget_exhausted,-34.47376372903279,-16.875025524327945,17.598738204704844
qwen3-4b,structural,structural:workforce_access-leave_balance-01:sub-operations-no-first:pre_action,workforce_access-leave_balance-01,resolve_leave_balance,workforce_access,sub-operations-no-first,budget_exhausted,-11.918005001149467,-6.578708516354219,5.339296484795248
qwen3-4b,structural,structural:workforce_access-leave_balance-01:sub-operations-no-gold:pre_action,workforce_access-leave_balance-01,resolve_leave_balance,workforce_access,sub-operations-no-gold,unavailable,-11.918005001149467,-8.91916159887095,2.998843402278517
qwen3-4b,structural,structural:workforce_access-leave_balance-01:sub-operations-no-last:after_penultimate_success,workforce_access-leave_balance-01,resolve_leave_balance,workforce_access,sub-operations-no-last,budget_exhausted,-43.16122931455636,-19.54288992375966,23.6183393907967
qwen3-4b,structural,structural:workforce_access-leave_balance-02:sub-operations-first-only:after_first_success,workforce_access-leave_balance-02,resolve_leave_balance,workforce_access,sub-operations-first-only,unavailable,-32.38059065179364,-18.187502551893772,14.193088099899867
qwen3-4b,structural,structural:workforce_access-leave_balance-02:sub-operations-no-first:pre_action,workforce_access-leave_balance-02,resolve_leave_balance,workforce_access,sub-operations-no-first,unavailable,-8.238478674166515,-5.431981214289131,2.8064974598773844
qwen3-4b,structural,structural:workforce_access-leave_balance-02:sub-operations-no-gold:pre_action,workforce_access-leave_balance-02,resolve_leave_balance,workforce_access,sub-operations-no-gold,unavailable,-8.238478674166515,-3.2361176861142624,5.002360988052253
qwen3-4b,structural,structural:workforce_access-leave_balance-02:sub-operations-no-last:after_penultimate_success,workforce_access-leave_balance-02,resolve_leave_balance,workforce_access,sub-operations-no-last,budget_exhausted,-39.661246836418776,-22.408691719527326,17.25255511689145
qwen3-4b,structural,structural:workforce_access-leave_balance-03:sub-operations-first-only:after_first_success,workforce_access-leave_balance-03,resolve_leave_balance,workforce_access,sub-operations-first-only,budget_exhausted,-30.099476672344608,-18.18756205574317,11.911914616601436
qwen3-4b,structural,structural:workforce_access-leave_balance-03:sub-operations-no-first:pre_action,workforce_access-leave_balance-03,resolve_leave_balance,workforce_access,sub-operations-no-first,budget_exhausted,-14.90513417958531,-4.711026434419871,10.19410774516544
qwen3-4b,structural,structural:workforce_access-leave_balance-03:sub-operations-no-gold:pre_action,workforce_access-leave_balance-03,resolve_leave_balance,workforce_access,sub-operations-no-gold,unavailable,-14.90513417958531,-1.3808040094312233,13.524330170154087
qwen3-4b,structural,structural:workforce_access-leave_balance-03:sub-operations-no-last:after_penultimate_success,workforce_access-leave_balance-03,resolve_leave_balance,workforce_access,sub-operations-no-last,budget_exhausted,-35.22374496312657,-19.062770261393894,16.160974701732677
qwen3-4b,structural,structural:workforce_access-leave_balance-04:sub-operations-first-only:after_first_success,workforce_access-leave_balance-04,resolve_leave_balance,workforce_access,sub-operations-first-only,budget_exhausted,-26.72382697716081,-18.06250144466871,8.6613255324921
qwen3-4b,structural,structural:workforce_access-leave_balance-04:sub-operations-no-first:pre_action,workforce_access-leave_balance-04,resolve_leave_balance,workforce_access,sub-operations-no-first,budget_exhausted,-9.227496233583047,-5.959616258697089,3.2678799748859575
qwen3-4b,structural,structural:workforce_access-leave_balance-04:sub-operations-no-gold:pre_action,workforce_access-leave_balance-04,resolve_leave_balance,workforce_access,sub-operations-no-gold,budget_exhausted,-9.227496233583047,-10.230839261596834,-1.0033430280137878
qwen3-4b,structural,structural:workforce_access-leave_balance-04:sub-operations-no-last:after_penultimate_success,workforce_access-leave_balance-04,resolve_leave_balance,workforce_access,sub-operations-no-last,budget_exhausted,-42.22374445068869,-19.312839642875332,22.91090480781336
qwen3-4b,structural,structural:workforce_access-offboarding_actions-01:sub-operations-first-only:after_first_success,workforce_access-offboarding_actions-01,resolve_offboarding_actions,workforce_access,sub-operations-first-only,budget_exhausted,-34.60169210270627,-33.12671201963459,1.474980083071678
qwen3-4b,structural,structural:workforce_access-offboarding_actions-01:sub-operations-no-first:pre_action,workforce_access-offboarding_actions-01,resolve_offboarding_actions,workforce_access,sub-operations-no-first,unavailable,-19.28871808544838,-10.828903914756424,8.459814170691956
qwen3-4b,structural,structural:workforce_access-offboarding_actions-01:sub-operations-no-gold:pre_action,workforce_access-offboarding_actions-01,resolve_offboarding_actions,workforce_access,sub-operations-no-gold,budget_exhausted,-19.28871808544838,-1.5449280243793737,17.743790061069006
qwen3-4b,structural,structural:workforce_access-offboarding_actions-01:sub-operations-no-last:after_penultimate_success,workforce_access-offboarding_actions-01,resolve_offboarding_actions,workforce_access,sub-operations-no-last,budget_exhausted,-41.036278731542644,-21.250002873251788,19.786275858290857
qwen3-4b,structural,structural:workforce_access-offboarding_actions-04:sub-operations-first-only:after_first_success,workforce_access-offboarding_actions-04,resolve_offboarding_actions,workforce_access,sub-operations-first-only,budget_exhausted,-32.626113227304025,-33.917724804136306,-1.2916115768322811
qwen3-4b,structural,structural:workforce_access-offboarding_actions-04:sub-operations-no-first:pre_action,workforce_access-offboarding_actions-04,resolve_offboarding_actions,workforce_access,sub-operations-no-first,budget_exhausted,-19.730332090350807,-11.637672491939199,8.092659598411608
qwen3-4b,structural,structural:workforce_access-offboarding_actions-04:sub-operations-no-gold:pre_action,workforce_access-offboarding_actions-04,resolve_offboarding_actions,workforce_access,sub-operations-no-gold,budget_exhausted,-19.730332090350807,-5.290766555066654,14.439565535284153
qwen3-4b,structural,structural:workforce_access-offboarding_actions-04:sub-operations-no-last:after_penultimate_success,workforce_access-offboarding_actions-04,resolve_offboarding_actions,workforce_access,sub-operations-no-last,budget_exhausted,-44.97379120724983,-19.117864482092408,25.855926725157424
qwen3-4b,structural,structural:workforce_access-oncall_assignment-00:sub-operations-first-only:after_first_success,workforce_access-oncall_assignment-00,resolve_oncall_assignment,workforce_access,sub-operations-first-only,unavailable,-29.223661369960034,-17.59334360906196,11.630317760898073
qwen3-4b,structural,structural:workforce_access-oncall_assignment-00:sub-operations-no-first:pre_action,workforce_access-oncall_assignment-00,resolve_oncall_assignment,workforce_access,sub-operations-no-first,unavailable,-11.997351539641144,-9.266793476100204,2.73055806354094
qwen3-4b,structural,structural:workforce_access-oncall_assignment-00:sub-operations-no-gold:pre_action,workforce_access-oncall_assignment-00,resolve_oncall_assignment,workforce_access,sub-operations-no-gold,budget_exhausted,-11.997351539641144,-13.367587011002819,-1.3702354713616742
qwen3-4b,structural,structural:workforce_access-oncall_assignment-00:sub-operations-no-last:after_penultimate_success,workforce_access-oncall_assignment-00,resolve_oncall_assignment,workforce_access,sub-operations-no-last,unavailable,-36.286294207175985,-21.487020514740294,14.79927369243569
qwen3-4b,structural,structural:workforce_access-oncall_assignment-01:sub-operations-first-only:after_first_success,workforce_access-oncall_assignment-01,resolve_oncall_assignment,workforce_access,sub-operations-first-only,budget_exhausted,-32.098685203759686,-18.006883148175433,14.091802055584253
qwen3-4b,structural,structural:workforce_access-oncall_assignment-01:sub-operations-no-first:pre_action,workforce_access-oncall_assignment-01,resolve_oncall_assignment,workforce_access,sub-operations-no-first,budget_exhausted,-12.411391530764853,-8.434959803969633,3.9764317267952194
qwen3-4b,structural,structural:workforce_access-oncall_assignment-01:sub-operations-no-gold:pre_action,workforce_access-oncall_assignment-01,resolve_oncall_assignment,workforce_access,sub-operations-no-gold,unavailable,-12.411391530764853,-10.484402458710356,1.9269890720544964
qwen3-4b,structural,structural:workforce_access-oncall_assignment-01:sub-operations-no-last:after_penultimate_success,workforce_access-oncall_assignment-01,resolve_oncall_assignment,workforce_access,sub-operations-no-last,budget_exhausted,-34.84879525525568,-19.625053585502258,15.223741669753423
qwen3-4b,structural,structural:workforce_access-oncall_assignment-02:sub-operations-first-only:after_first_success,workforce_access-oncall_assignment-02,resolve_oncall_assignment,workforce_access,sub-operations-first-only,budget_exhausted,-31.723673523048603,-17.067060001899726,14.656613521148877
qwen3-4b,structural,structural:workforce_access-oncall_assignment-02:sub-operations-no-first:pre_action,workforce_access-oncall_assignment-02,resolve_oncall_assignment,workforce_access,sub-operations-no-first,unavailable,-10.130874515619091,-9.115623173597598,1.015251342021493
qwen3-4b,structural,structural:workforce_access-oncall_assignment-02:sub-operations-no-gold:pre_action,workforce_access-oncall_assignment-02,resolve_oncall_assignment,workforce_access,sub-operations-no-gold,budget_exhausted,-10.130874515619091,-8.660736494356144,1.4701380212629473
qwen3-4b,structural,structural:workforce_access-oncall_assignment-02:sub-operations-no-last:after_penultimate_success,workforce_access-oncall_assignment-02,resolve_oncall_assignment,workforce_access,sub-operations-no-last,budget_exhausted,-38.09878676433271,-18.875866097301937,19.22292066703077
qwen3-4b,structural,structural:workforce_access-oncall_assignment-03:sub-operations-first-only:after_first_success,workforce_access-oncall_assignment-03,resolve_oncall_assignment,workforce_access,sub-operations-first-only,budget_exhausted,-31.732800440520613,-19.062485059830593,12.67031538069002
qwen3-4b,structural,structural:workforce_access-oncall_assignment-03:sub-operations-no-first:pre_action,workforce_access-oncall_assignment-03,resolve_oncall_assignment,workforce_access,sub-operations-no-first,unavailable,-11.576848991702064,-10.978997967254564,0.5978510244475004
qwen3-4b,structural,structural:workforce_access-oncall_assignment-03:sub-operations-no-gold:pre_action,workforce_access-oncall_assignment-03,resolve_oncall_assignment,workforce_access,sub-operations-no-gold,unavailable,-11.576848991702064,-13.573799141921434,-1.9969501502193694
qwen3-4b,structural,structural:workforce_access-oncall_assignment-03:sub-operations-no-last:after_penultimate_success,workforce_access-oncall_assignment-03,resolve_oncall_assignment,workforce_access,sub-operations-no-last,budget_exhausted,-39.59878547800325,-19.438227678887124,20.160557799116127
qwen3-4b,structural,structural:workforce_access-role_assignment-00:sub-operations-first-only:after_first_success,workforce_access-role_assignment-00,resolve_role_assignment,workforce_access,sub-operations-first-only,unavailable,-33.47133605762621,-30.317294192797952,3.154041864828258
qwen3-4b,structural,structural:workforce_access-role_assignment-00:sub-operations-no-first:pre_action,workforce_access-role_assignment-00,resolve_role_assignment,workforce_access,sub-operations-no-first,budget_exhausted,-17.29090585762971,-16.427704220885865,0.8632016367438453
qwen3-4b,structural,structural:workforce_access-role_assignment-00:sub-operations-no-gold:pre_action,workforce_access-role_assignment-00,resolve_role_assignment,workforce_access,sub-operations-no-gold,unavailable,-17.29090585762971,-14.90387194772648,2.3870339099032307
qwen3-4b,structural,structural:workforce_access-role_assignment-00:sub-operations-no-last:after_penultimate_success,workforce_access-role_assignment-00,resolve_role_assignment,workforce_access,sub-operations-no-last,budget_exhausted,-39.786301382987865,-24.14827299204258,15.638028390945287
qwen3-4b,structural,structural:workforce_access-role_assignment-01:sub-operations-first-only:after_first_success,workforce_access-role_assignment-01,resolve_role_assignment,workforce_access,sub-operations-first-only,unavailable,-34.70317263587918,-31.248341802177727,3.4548308337014504
qwen3-4b,structural,structural:workforce_access-role_assignment-01:sub-operations-no-first:pre_action,workforce_access-role_assignment-01,resolve_role_assignment,workforce_access,sub-operations-no-first,budget_exhausted,-13.825579274822083,-9.278997528722812,4.546581746099271
qwen3-4b,structural,structural:workforce_access-role_assignment-01:sub-operations-no-gold:pre_action,workforce_access-role_assignment-01,resolve_role_assignment,workforce_access,sub-operations-no-gold,unavailable,-13.825579274822083,-13.943267170456522,-0.1176878956344396
qwen3-4b,structural,structural:workforce_access-role_assignment-01:sub-operations-no-last:after_penultimate_success,workforce_access-role_assignment-01,resolve_role_assignment,workforce_access,sub-operations-no-last,budget_exhausted,-35.848789039549516,-33.06020945054842,2.7885795890010954
qwen3-4b,structural,structural:workforce_access-role_assignment-02:sub-operations-first-only:after_first_success,workforce_access-role_assignment-02,resolve_role_assignment,workforce_access,sub-operations-first-only,budget_exhausted,-25.504311265290823,-20.620946373349234,4.883364891941589
qwen3-4b,structural,structural:workforce_access-role_assignment-02:sub-operations-no-first:pre_action,workforce_access-role_assignment-02,resolve_role_assignment,workforce_access,sub-operations-no-first,unavailable,-12.5498667412175,-5.434881270240602,7.114985470976897
qwen3-4b,structural,structural:workforce_access-role_assignment-02:sub-operations-no-gold:pre_action,workforce_access-role_assignment-02,resolve_role_assignment,workforce_access,sub-operations-no-gold,unavailable,-12.5498667412175,-6.714738815796359,5.835127925421141
qwen3-4b,structural,structural:workforce_access-role_assignment-02:sub-operations-no-last:after_penultimate_success,workforce_access-role_assignment-02,resolve_role_assignment,workforce_access,sub-operations-no-last,unavailable,-38.97379994708813,-19.18745966609479,19.786340280993343
qwen3-4b,structural,structural:workforce_access-role_assignment-04:sub-operations-first-only:after_first_success,workforce_access-role_assignment-04,resolve_role_assignment,workforce_access,sub-operations-first-only,budget_exhausted,-28.923243495804762,-24.25472022641899,4.668523269385773
qwen3-4b,structural,structural:workforce_access-role_assignment-04:sub-operations-no-first:pre_action,workforce_access-role_assignment-04,resolve_role_assignment,workforce_access,sub-operations-no-first,unavailable,-12.460858347568042,-14.054668492552004,-1.5938101449839621
qwen3-4b,structural,structural:workforce_access-role_assignment-04:sub-operations-no-gold:pre_action,workforce_access-role_assignment-04,resolve_role_assignment,workforce_access,sub-operations-no-gold,unavailable,-12.460858347568042,-15.031056808003413,-2.570198460435371
qwen3-4b,structural,structural:workforce_access-role_assignment-04:sub-operations-no-last:after_penultimate_success,workforce_access-role_assignment-04,resolve_role_assignment,workforce_access,sub-operations-no-last,budget_exhausted,-37.66127425481693,-19.550809896909094,18.110464357907837
qwen3-4b,structural,structural:workforce_access-shift_eligibility-00:sub-operations-first-only:after_first_success,workforce_access-shift_eligibility-00,resolve_shift_eligibility,workforce_access,sub-operations-first-only,unavailable,-30.852491611133146,-37.66460640296405,-6.812114791830901
qwen3-4b,structural,structural:workforce_access-shift_eligibility-00:sub-operations-no-first:pre_action,workforce_access-shift_eligibility-00,resolve_shift_eligibility,workforce_access,sub-operations-no-first,unavailable,-19.11243814798822,-12.744761649663253,6.367676498324968
qwen3-4b,structural,structural:workforce_access-shift_eligibility-00:sub-operations-no-gold:pre_action,workforce_access-shift_eligibility-00,resolve_shift_eligibility,workforce_access,sub-operations-no-gold,budget_exhausted,-19.11243814798822,-10.094495435833515,9.017942712154706
qwen3-4b,structural,structural:workforce_access-shift_eligibility-00:sub-operations-no-last:after_penultimate_success,workforce_access-shift_eligibility-00,resolve_shift_eligibility,workforce_access,sub-operations-no-last,budget_exhausted,-39.84876912417532,-26.855781013549603,12.992988110625717
qwen3-4b,structural,structural:workforce_access-shift_eligibility-01:sub-operations-first-only:after_first_success,workforce_access-shift_eligibility-01,resolve_shift_eligibility,workforce_access,sub-operations-first-only,budget_exhausted,-30.600055641353755,-37.6128888036291,-7.012833162275342
qwen3-4b,structural,structural:workforce_access-shift_eligibility-01:sub-operations-no-first:pre_action,workforce_access-shift_eligibility-01,resolve_shift_eligibility,workforce_access,sub-operations-no-first,budget_exhausted,-17.353495836769206,-12.814011564051903,4.539484272717303
qwen3-4b,structural,structural:workforce_access-shift_eligibility-01:sub-operations-no-gold:pre_action,workforce_access-shift_eligibility-01,resolve_shift_eligibility,workforce_access,sub-operations-no-gold,unavailable,-17.353495836769206,-12.7169341605169,4.636561676252306
qwen3-4b,structural,structural:workforce_access-shift_eligibility-01:sub-operations-no-last:after_penultimate_success,workforce_access-shift_eligibility-01,resolve_shift_eligibility,workforce_access,sub-operations-no-last,budget_exhausted,-41.8487253731174,-21.038563874877084,20.810161498240312
qwen3-4b,structural,structural:workforce_access-shift_eligibility-03:sub-operations-first-only:after_first_success,workforce_access-shift_eligibility-03,resolve_shift_eligibility,workforce_access,sub-operations-first-only,budget_exhausted,-37.72387704153273,-36.227287842110705,1.4965891994220257
qwen3-4b,structural,structural:workforce_access-shift_eligibility-03:sub-operations-no-first:pre_action,workforce_access-shift_eligibility-03,resolve_shift_eligibility,workforce_access,sub-operations-no-first,unavailable,-16.637357080174745,-14.800602722156583,1.8367543580181618
qwen3-4b,structural,structural:workforce_access-shift_eligibility-03:sub-operations-no-gold:pre_action,workforce_access-shift_eligibility-03,resolve_shift_eligibility,workforce_access,sub-operations-no-gold,unavailable,-16.637357080174745,-11.88755600973171,4.749801070443034
qwen3-4b,structural,structural:workforce_access-shift_eligibility-03:sub-operations-no-last:after_penultimate_success,workforce_access-shift_eligibility-03,resolve_shift_eligibility,workforce_access,sub-operations-no-last,budget_exhausted,-43.28629133494295,-33.50701948618505,9.779271848757901
qwen3-4b,structural,structural:workforce_access-shift_eligibility-04:sub-operations-first-only:after_first_success,workforce_access-shift_eligibility-04,resolve_shift_eligibility,workforce_access,sub-operations-first-only,budget_exhausted,-33.21601827211202,-43.10510573454243,-9.88908746243041
qwen3-4b,structural,structural:workforce_access-shift_eligibility-04:sub-operations-no-first:pre_action,workforce_access-shift_eligibility-04,resolve_shift_eligibility,workforce_access,sub-operations-no-first,budget_exhausted,-19.143310833595635,-14.494369135472681,4.648941698122954
qwen3-4b,structural,structural:workforce_access-shift_eligibility-04:sub-operations-no-gold:pre_action,workforce_access-shift_eligibility-04,resolve_shift_eligibility,workforce_access,sub-operations-no-gold,unavailable,-19.143310833595635,-14.842322933817158,4.300987899778477
qwen3-4b,structural,structural:workforce_access-shift_eligibility-04:sub-operations-no-last:after_penultimate_success,workforce_access-shift_eligibility-04,resolve_shift_eligibility,workforce_access,sub-operations-no-last,budget_exhausted,-37.53637223692518,-36.8381906085463,0.6981816283788831
qwen3-4b,structural,structural:workforce_access-training_requirement-02:sub-operations-first-only:after_first_success,workforce_access-training_requirement-02,resolve_training_requirement,workforce_access,sub-operations-first-only,unavailable,-39.8731441417984,-24.980379287297822,14.892764854500577
qwen3-4b,structural,structural:workforce_access-training_requirement-02:sub-operations-no-first:pre_action,workforce_access-training_requirement-02,resolve_training_requirement,workforce_access,sub-operations-no-first,budget_exhausted,-15.218142860179618,-13.644580493645194,1.573562366534425
qwen3-4b,structural,structural:workforce_access-training_requirement-02:sub-operations-no-gold:pre_action,workforce_access-training_requirement-02,resolve_training_requirement,workforce_access,sub-operations-no-gold,budget_exhausted,-15.218142860179618,-14.123361686143483,1.094781174036136
qwen3-4b,structural,structural:workforce_access-training_requirement-02:sub-operations-no-last:after_penultimate_success,workforce_access-training_requirement-02,resolve_training_requirement,workforce_access,sub-operations-no-last,budget_exhausted,-40.161205938918926,-21.080642134127153,19.080563804791772
qwen3-4b,structural,structural:workforce_access-training_requirement-03:sub-operations-first-only:after_first_success,workforce_access-training_requirement-03,resolve_training_requirement,workforce_access,sub-operations-first-only,budget_exhausted,-38.72976733979915,-39.22478571333605,-0.4950183735368938
qwen3-4b,structural,structural:workforce_access-training_requirement-03:sub-operations-no-first:pre_action,workforce_access-training_requirement-03,resolve_training_requirement,workforce_access,sub-operations-no-first,budget_exhausted,-17.56328213518252,-17.57327931552203,-0.009997180339510692
qwen3-4b,structural,structural:workforce_access-training_requirement-03:sub-operations-no-gold:pre_action,workforce_access-training_requirement-03,resolve_training_requirement,workforce_access,sub-operations-no-gold,budget_exhausted,-17.56328213518252,-16.54490311451581,1.018379020666707
qwen3-4b,structural,structural:workforce_access-training_requirement-03:sub-operations-no-last:after_penultimate_success,workforce_access-training_requirement-03,resolve_training_requirement,workforce_access,sub-operations-no-last,budget_exhausted,-47.16115968922467,-24.46931656582946,22.69184312339521
qwen3-4b,structural,structural:workforce_access-training_requirement-04:sub-operations-first-only:after_first_success,workforce_access-training_requirement-04,resolve_training_requirement,workforce_access,sub-operations-first-only,budget_exhausted,-39.84875792855891,-34.26142822804863,5.587329700510281
qwen3-4b,structural,structural:workforce_access-training_requirement-04:sub-operations-no-first:pre_action,workforce_access-training_requirement-04,resolve_training_requirement,workforce_access,sub-operations-no-first,budget_exhausted,-18.21908287955241,-16.36786528710472,1.8512175924476892
qwen3-4b,structural,structural:workforce_access-training_requirement-04:sub-operations-no-gold:pre_action,workforce_access-training_requirement-04,resolve_training_requirement,workforce_access,sub-operations-no-gold,budget_exhausted,-18.21908287955241,-16.76981507822415,1.4492678013282614
qwen3-4b,structural,structural:workforce_access-training_requirement-04:sub-operations-no-last:after_penultimate_success,workforce_access-training_requirement-04,resolve_training_requirement,workforce_access,sub-operations-no-last,budget_exhausted,-38.34870959124502,-21.174746578704337,17.173963012540682
qwen3-8b,semantic,semantic:stateful-compliance_audit-replace_audit_population_record-00:decoy-observation,stateful-compliance_audit-replace_audit_population_record-00,compliance-risk-vs-sample,compliance_audit,decoy_success_minus_failure,explicit_failure,-12.500000812466538,-2.754624449548693,-9.745376362917845
qwen3-8b,semantic,semantic:stateful-compliance_audit-replace_audit_population_record-01:decoy-observation,stateful-compliance_audit-replace_audit_population_record-01,compliance-risk-vs-sample,compliance_audit,decoy_success_minus_failure,explicit_failure,-13.125000463098111,-0.8955522415793453,-12.229448221518766
qwen3-8b,semantic,semantic:stateful-compliance_audit-replace_audit_population_record-02:decoy-observation,stateful-compliance_audit-replace_audit_population_record-02,compliance-risk-vs-sample,compliance_audit,decoy_success_minus_failure,explicit_failure,-13.625000607043852,-2.879632812627939,-10.745367794415912
qwen3-8b,semantic,semantic:stateful-compliance_audit-replace_audit_population_record-03:decoy-observation,stateful-compliance_audit-replace_audit_population_record-03,compliance-risk-vs-sample,compliance_audit,decoy_success_minus_failure,explicit_failure,-13.000000663329615,0.6068485352430741,-13.60684919857269
qwen3-8b,semantic,semantic:stateful-compliance_audit-replace_audit_population_record-04:decoy-observation,stateful-compliance_audit-replace_audit_population_record-04,compliance-risk-vs-sample,compliance_audit,decoy_success_minus_failure,explicit_failure,-12.750000492618724,-2.879093749961932,-9.870906742656793
qwen3-8b,semantic,semantic:stateful-compliance_audit-set_assigned_role-00:decoy-observation,stateful-compliance_audit-set_assigned_role-00,compliance-role-vs-retention,compliance_audit,decoy_success_minus_failure,explicit_failure,-13.875000244228211,-1.0160350073749314,-12.85896523685328
qwen3-8b,semantic,semantic:stateful-compliance_audit-set_assigned_role-01:decoy-observation,stateful-compliance_audit-set_assigned_role-01,compliance-role-vs-retention,compliance_audit,decoy_success_minus_failure,explicit_failure,-13.625000122850459,-0.3502067454101123,-13.274793377440346
qwen3-8b,semantic,semantic:stateful-compliance_audit-set_assigned_role-02:decoy-observation,stateful-compliance_audit-set_assigned_role-02,compliance-role-vs-retention,compliance_audit,decoy_success_minus_failure,explicit_failure,-12.375001614363882,-2.0263071049834664,-10.348694509380415
qwen3-8b,semantic,semantic:stateful-compliance_audit-set_assigned_role-03:decoy-observation,stateful-compliance_audit-set_assigned_role-03,compliance-role-vs-retention,compliance_audit,decoy_success_minus_failure,explicit_failure,-12.625003944313441,-2.779783138907746,-9.845220805405695
qwen3-8b,semantic,semantic:stateful-compliance_audit-set_assigned_role-04:decoy-observation,stateful-compliance_audit-set_assigned_role-04,compliance-role-vs-retention,compliance_audit,decoy_success_minus_failure,explicit_failure,-14.250000445048343,-2.6336231863681903,-11.616377258680153
qwen3-8b,semantic,semantic:stateful-compliance_audit-set_control_evidence_status-00:decoy-observation,stateful-compliance_audit-set_control_evidence_status-00,compliance-control-vs-exception,compliance_audit,decoy_success_minus_failure,explicit_failure,-10.8750011908216,-4.875804534683731,-5.999196656137869
qwen3-8b,semantic,semantic:stateful-compliance_audit-set_control_evidence_status-01:decoy-observation,stateful-compliance_audit-set_control_evidence_status-01,compliance-control-vs-exception,compliance_audit,decoy_success_minus_failure,explicit_failure,-10.625076452061926,-3.625710048492074,-6.9993664035698515
qwen3-8b,semantic,semantic:stateful-compliance_audit-set_control_evidence_status-02:decoy-observation,stateful-compliance_audit-set_control_evidence_status-02,compliance-control-vs-exception,compliance_audit,decoy_success_minus_failure,explicit_failure,-12.500000359053544,-4.251327075665394,-8.24867328338815
qwen3-8b,semantic,semantic:stateful-compliance_audit-set_control_evidence_status-03:decoy-observation,stateful-compliance_audit-set_control_evidence_status-03,compliance-control-vs-exception,compliance_audit,decoy_success_minus_failure,explicit_failure,-10.500002930765426,-3.3786006049204858,-7.12140232584494
qwen3-8b,semantic,semantic:stateful-compliance_audit-set_control_evidence_status-04:decoy-observation,stateful-compliance_audit-set_control_evidence_status-04,compliance-control-vs-exception,compliance_audit,decoy_success_minus_failure,explicit_failure,-10.750058943785383,-5.000086529887653,-5.74997241389773
qwen3-8b,semantic,semantic:stateful-compliance_audit-set_exception_extension_days-00:decoy-observation,stateful-compliance_audit-set_exception_extension_days-00,compliance-control-vs-exception,compliance_audit,decoy_success_minus_failure,explicit_failure,-13.625000138874228,-3.875382021042263,-9.749618117831965
qwen3-8b,semantic,semantic:stateful-compliance_audit-set_exception_extension_days-01:decoy-observation,stateful-compliance_audit-set_exception_extension_days-01,compliance-control-vs-exception,compliance_audit,decoy_success_minus_failure,explicit_failure,-12.625000450346171,-3.1252615103083627,-9.499738940037808
qwen3-8b,semantic,semantic:stateful-compliance_audit-set_exception_extension_days-02:decoy-observation,stateful-compliance_audit-set_exception_extension_days-02,compliance-control-vs-exception,compliance_audit,decoy_success_minus_failure,explicit_failure,-13.250000252457177,-3.75023384831335,-9.499766404143827
qwen3-8b,semantic,semantic:stateful-compliance_audit-set_exception_extension_days-03:decoy-observation,stateful-compliance_audit-set_exception_extension_days-03,compliance-control-vs-exception,compliance_audit,decoy_success_minus_failure,explicit_failure,-13.625000160601765,-3.2506286525309136,-10.374371508070851
qwen3-8b,semantic,semantic:stateful-compliance_audit-set_exception_extension_days-04:decoy-observation,stateful-compliance_audit-set_exception_extension_days-04,compliance-control-vs-exception,compliance_audit,decoy_success_minus_failure,explicit_failure,-11.625000509992901,-6.000036962633352,-5.624963547359549
qwen3-8b,semantic,semantic:stateful-compliance_audit-set_filing_artifact_count-00:decoy-observation,stateful-compliance_audit-set_filing_artifact_count-00,compliance-owner-vs-filing,compliance_audit,decoy_success_minus_failure,explicit_failure,-11.875001395619712,-2.3826177371283634,-9.492383658491349
qwen3-8b,semantic,semantic:stateful-compliance_audit-set_filing_artifact_count-01:decoy-observation,stateful-compliance_audit-set_filing_artifact_count-01,compliance-owner-vs-filing,compliance_audit,decoy_success_minus_failure,explicit_failure,-13.042996794881205,0.3264048930377328,-13.369401687918938
qwen3-8b,semantic,semantic:stateful-compliance_audit-set_filing_artifact_count-02:decoy-observation,stateful-compliance_audit-set_filing_artifact_count-02,compliance-owner-vs-filing,compliance_audit,decoy_success_minus_failure,explicit_failure,-12.000001253096649,0.33200015553619266,-12.332001408632841
qwen3-8b,semantic,semantic:stateful-compliance_audit-set_filing_artifact_count-03:decoy-observation,stateful-compliance_audit-set_filing_artifact_count-03,compliance-owner-vs-filing,compliance_audit,decoy_success_minus_failure,explicit_failure,-11.87500073011416,0.7621725908290813,-12.63717332094324
qwen3-8b,semantic,semantic:stateful-compliance_audit-set_filing_artifact_count-04:decoy-observation,stateful-compliance_audit-set_filing_artifact_count-04,compliance-owner-vs-filing,compliance_audit,decoy_success_minus_failure,explicit_failure,-12.75000087983063,-2.3875121643198582,-10.362488715510771
qwen3-8b,semantic,semantic:stateful-compliance_audit-set_remediation_owner-00:decoy-observation,stateful-compliance_audit-set_remediation_owner-00,compliance-owner-vs-filing,compliance_audit,decoy_success_minus_failure,explicit_failure,-13.000011711207314,-0.4752115754639874,-12.524800135743327
qwen3-8b,semantic,semantic:stateful-compliance_audit-set_remediation_owner-01:decoy-observation,stateful-compliance_audit-set_remediation_owner-01,compliance-owner-vs-filing,compliance_audit,decoy_success_minus_failure,explicit_failure,-12.50000113252419,0.5265503737091564,-13.026551506233346
qwen3-8b,semantic,semantic:stateful-compliance_audit-set_remediation_owner-02:decoy-observation,stateful-compliance_audit-set_remediation_owner-02,compliance-owner-vs-filing,compliance_audit,decoy_success_minus_failure,explicit_failure,-13.375002418707624,-0.8119947187705279,-12.563007699937096
qwen3-8b,semantic,semantic:stateful-compliance_audit-set_remediation_owner-03:decoy-observation,stateful-compliance_audit-set_remediation_owner-03,compliance-owner-vs-filing,compliance_audit,decoy_success_minus_failure,explicit_failure,-13.375008212403372,-0.3628736362697751,-13.012134576133597
qwen3-8b,semantic,semantic:stateful-compliance_audit-set_remediation_owner-04:decoy-observation,stateful-compliance_audit-set_remediation_owner-04,compliance-owner-vs-filing,compliance_audit,decoy_success_minus_failure,explicit_failure,-12.500000792988338,0.6230690166953678,-13.123069809683706
qwen3-8b,semantic,semantic:stateful-compliance_audit-set_retention_years-00:decoy-observation,stateful-compliance_audit-set_retention_years-00,compliance-role-vs-retention,compliance_audit,decoy_success_minus_failure,explicit_failure,-14.25000060944749,-2.020546477984304,-12.229454131463186
qwen3-8b,semantic,semantic:stateful-compliance_audit-set_retention_years-01:decoy-observation,stateful-compliance_audit-set_retention_years-01,compliance-role-vs-retention,compliance_audit,decoy_success_minus_failure,explicit_failure,-12.875000142791095,0.8486996837897607,-13.723699826580855
qwen3-8b,semantic,semantic:stateful-compliance_audit-set_retention_years-02:decoy-observation,stateful-compliance_audit-set_retention_years-02,compliance-role-vs-retention,compliance_audit,decoy_success_minus_failure,explicit_failure,-15.250001129749919,-0.7705487886896591,-14.47945234106026
qwen3-8b,semantic,semantic:stateful-compliance_audit-set_retention_years-03:decoy-observation,stateful-compliance_audit-set_retention_years-03,compliance-role-vs-retention,compliance_audit,decoy_success_minus_failure,explicit_failure,-13.375000347361805,-0.14554209962627596,-13.22945824773553
qwen3-8b,semantic,semantic:stateful-compliance_audit-set_retention_years-04:decoy-observation,stateful-compliance_audit-set_retention_years-04,compliance-role-vs-retention,compliance_audit,decoy_success_minus_failure,explicit_failure,-14.125000585879796,-0.06993651725269956,-14.055064068627097
qwen3-8b,semantic,semantic:stateful-compliance_audit-set_risk_matrix_score-00:decoy-observation,stateful-compliance_audit-set_risk_matrix_score-00,compliance-risk-vs-sample,compliance_audit,decoy_success_minus_failure,explicit_failure,-13.625000351286467,-5.625179573258414,-7.999820778028052
qwen3-8b,semantic,semantic:stateful-compliance_audit-set_risk_matrix_score-01:decoy-observation,stateful-compliance_audit-set_risk_matrix_score-01,compliance-risk-vs-sample,compliance_audit,decoy_success_minus_failure,explicit_failure,-12.75000039114694,-4.25247576871346,-8.497524622433481
qwen3-8b,semantic,semantic:stateful-compliance_audit-set_risk_matrix_score-02:decoy-observation,stateful-compliance_audit-set_risk_matrix_score-02,compliance-risk-vs-sample,compliance_audit,decoy_success_minus_failure,explicit_failure,-13.250000298989818,-4.128602180401316,-9.121398118588502
qwen3-8b,semantic,semantic:stateful-compliance_audit-set_risk_matrix_score-03:decoy-observation,stateful-compliance_audit-set_risk_matrix_score-03,compliance-risk-vs-sample,compliance_audit,decoy_success_minus_failure,explicit_failure,-12.250003367004354,-5.250231727332782,-6.999771639671572
qwen3-8b,semantic,semantic:stateful-compliance_audit-set_risk_matrix_score-04:decoy-observation,stateful-compliance_audit-set_risk_matrix_score-04,compliance-risk-vs-sample,compliance_audit,decoy_success_minus_failure,explicit_failure,-13.125000700749688,-7.250058491197045,-5.874942209552643
qwen3-8b,semantic,semantic:stateful-contracts_documents-set_citation_target-00:decoy-observation,stateful-contracts_documents-set_citation_target-00,contracts-citation-vs-signature,contracts_documents,decoy_success_minus_failure,explicit_failure,-15.25000612017238,-4.503182478640852,-10.746823641531527
qwen3-8b,semantic,semantic:stateful-contracts_documents-set_citation_target-01:decoy-observation,stateful-contracts_documents-set_citation_target-01,contracts-citation-vs-signature,contracts_documents,decoy_success_minus_failure,explicit_failure,-14.750001013145095,1.4688250850814626,-16.218826098226558
qwen3-8b,semantic,semantic:stateful-contracts_documents-set_citation_target-02:decoy-observation,stateful-contracts_documents-set_citation_target-02,contracts-citation-vs-signature,contracts_documents,decoy_success_minus_failure,explicit_failure,-13.500004909422515,-0.002453966258769924,-13.497550943163745
qwen3-8b,semantic,semantic:stateful-contracts_documents-set_citation_target-03:decoy-observation,stateful-contracts_documents-set_citation_target-03,contracts-citation-vs-signature,contracts_documents,decoy_success_minus_failure,explicit_failure,-14.750003594530398,0.15079989749410316,-14.900803492024501
qwen3-8b,semantic,semantic:stateful-contracts_documents-set_citation_target-04:decoy-observation,stateful-contracts_documents-set_citation_target-04,contracts-citation-vs-signature,contracts_documents,decoy_success_minus_failure,explicit_failure,-13.750001482670946,-0.589059425025944,-13.160942057645002
qwen3-8b,semantic,semantic:stateful-contracts_documents-set_contract_deadline_offset-00:decoy-observation,stateful-contracts_documents-set_contract_deadline_offset-00,contracts-deadline-vs-version,contracts_documents,decoy_success_minus_failure,explicit_failure,-14.62500149189546,-4.876613162968475,-9.748388328926985
qwen3-8b,semantic,semantic:stateful-contracts_documents-set_contract_deadline_offset-01:decoy-observation,stateful-contracts_documents-set_contract_deadline_offset-01,contracts-deadline-vs-version,contracts_documents,decoy_success_minus_failure,explicit_failure,-14.000000702582795,-1.7567381888925482,-12.243262513690247
qwen3-8b,semantic,semantic:stateful-contracts_documents-set_contract_deadline_offset-02:decoy-observation,stateful-contracts_documents-set_contract_deadline_offset-02,contracts-deadline-vs-version,contracts_documents,decoy_success_minus_failure,explicit_failure,-13.000003771499586,-4.000614921861867,-8.999388849637718
qwen3-8b,semantic,semantic:stateful-contracts_documents-set_contract_deadline_offset-03:decoy-observation,stateful-contracts_documents-set_contract_deadline_offset-03,contracts-deadline-vs-version,contracts_documents,decoy_success_minus_failure,explicit_failure,-13.250000766135756,-2.2567270327749824,-10.993273733360773
qwen3-8b,semantic,semantic:stateful-contracts_documents-set_contract_deadline_offset-04:decoy-observation,stateful-contracts_documents-set_contract_deadline_offset-04,contracts-deadline-vs-version,contracts_documents,decoy_success_minus_failure,explicit_failure,-13.75000142828538,-3.3757890878742955,-10.374212340411084
qwen3-8b,semantic,semantic:stateful-contracts_documents-set_document_section_text-00:decoy-observation,stateful-contracts_documents-set_document_section_text-00,contracts-retention-vs-section,contracts_documents,decoy_success_minus_failure,explicit_failure,-13.875001461080188,-0.6393717170982143,-13.235629743981974
qwen3-8b,semantic,semantic:stateful-contracts_documents-set_document_section_text-01:decoy-observation,stateful-contracts_documents-set_document_section_text-01,contracts-retention-vs-section,contracts_documents,decoy_success_minus_failure,explicit_failure,-12.125181010808639,1.2199048786122546,-13.345085889420893
qwen3-8b,semantic,semantic:stateful-contracts_documents-set_document_section_text-02:decoy-observation,stateful-contracts_documents-set_document_section_text-02,contracts-retention-vs-section,contracts_documents,decoy_success_minus_failure,explicit_failure,-12.875002581130282,0.2202098747040253,-13.095212455834307
qwen3-8b,semantic,semantic:stateful-contracts_documents-set_document_section_text-03:decoy-observation,stateful-contracts_documents-set_document_section_text-03,contracts-retention-vs-section,contracts_documents,decoy_success_minus_failure,explicit_failure,-11.875002939228473,0.1124675392127159,-11.987470478441189
qwen3-8b,semantic,semantic:stateful-contracts_documents-set_document_section_text-04:decoy-observation,stateful-contracts_documents-set_document_section_text-04,contracts-retention-vs-section,contracts_documents,decoy_success_minus_failure,explicit_failure,-11.62502573498248,1.3050099564689006,-12.93003569145138
qwen3-8b,semantic,semantic:stateful-contracts_documents-set_effective_clause_text-00:decoy-observation,stateful-contracts_documents-set_effective_clause_text-00,contracts-clause-vs-obligation,contracts_documents,decoy_success_minus_failure,explicit_failure,-14.125001886263426,-3.751330750913638,-10.373671135349788
qwen3-8b,semantic,semantic:stateful-contracts_documents-set_effective_clause_text-01:decoy-observation,stateful-contracts_documents-set_effective_clause_text-01,contracts-clause-vs-obligation,contracts_documents,decoy_success_minus_failure,explicit_failure,-12.500001535211325,-0.40130079671710917,-12.098700738494216
qwen3-8b,semantic,semantic:stateful-contracts_documents-set_effective_clause_text-02:decoy-observation,stateful-contracts_documents-set_effective_clause_text-02,contracts-clause-vs-obligation,contracts_documents,decoy_success_minus_failure,explicit_failure,-13.75000244229944,-3.25281451505991,-10.49718792723953
qwen3-8b,semantic,semantic:stateful-contracts_documents-set_effective_clause_text-03:decoy-observation,stateful-contracts_documents-set_effective_clause_text-03,contracts-clause-vs-obligation,contracts_documents,decoy_success_minus_failure,explicit_failure,-13.125002703048779,-3.003610158245074,-10.121392544803705
qwen3-8b,semantic,semantic:stateful-contracts_documents-set_effective_clause_text-04:decoy-observation,stateful-contracts_documents-set_effective_clause_text-04,contracts-clause-vs-obligation,contracts_documents,decoy_success_minus_failure,explicit_failure,-12.625000885699912,-3.5024764644517887,-9.122524421248123
qwen3-8b,semantic,semantic:stateful-contracts_documents-set_obligation_party-00:decoy-observation,stateful-contracts_documents-set_obligation_party-00,contracts-clause-vs-obligation,contracts_documents,decoy_success_minus_failure,explicit_failure,-14.87500071077828,-1.5028049610933394,-13.372195749684941
qwen3-8b,semantic,semantic:stateful-contracts_documents-set_obligation_party-01:decoy-observation,stateful-contracts_documents-set_obligation_party-01,contracts-clause-vs-obligation,contracts_documents,decoy_success_minus_failure,explicit_failure,-13.875000601767795,-1.1269287810448603,-12.748071820722934
qwen3-8b,semantic,semantic:stateful-contracts_documents-set_obligation_party-02:decoy-observation,stateful-contracts_documents-set_obligation_party-02,contracts-clause-vs-obligation,contracts_documents,decoy_success_minus_failure,explicit_failure,-14.500001260985954,-1.3786002843012994,-13.121400976684654
qwen3-8b,semantic,semantic:stateful-contracts_documents-set_obligation_party-03:decoy-observation,stateful-contracts_documents-set_obligation_party-03,contracts-clause-vs-obligation,contracts_documents,decoy_success_minus_failure,explicit_failure,-14.375000523618525,-0.6317168877319617,-13.743283635886563
qwen3-8b,semantic,semantic:stateful-contracts_documents-set_obligation_party-04:decoy-observation,stateful-contracts_documents-set_obligation_party-04,contracts-clause-vs-obligation,contracts_documents,decoy_success_minus_failure,explicit_failure,-13.500001380672465,-2.125911540884424,-11.374089839788041
qwen3-8b,semantic,semantic:stateful-contracts_documents-set_retention_classification-00:decoy-observation,stateful-contracts_documents-set_retention_classification-00,contracts-retention-vs-section,contracts_documents,decoy_success_minus_failure,explicit_failure,-12.625051290005516,0.3263602283808922,-12.951411518386408
qwen3-8b,semantic,semantic:stateful-contracts_documents-set_retention_classification-01:decoy-observation,stateful-contracts_documents-set_retention_classification-01,contracts-retention-vs-section,contracts_documents,decoy_success_minus_failure,explicit_failure,-12.375011918720986,2.262044574617036,-14.637056493338022
qwen3-8b,semantic,semantic:stateful-contracts_documents-set_retention_classification-02:decoy-observation,stateful-contracts_documents-set_retention_classification-02,contracts-retention-vs-section,contracts_documents,decoy_success_minus_failure,explicit_failure,-12.000230118356335,1.6733488185055592,-13.673578936861894
qwen3-8b,semantic,semantic:stateful-contracts_documents-set_retention_classification-03:decoy-observation,stateful-contracts_documents-set_retention_classification-03,contracts-retention-vs-section,contracts_documents,decoy_success_minus_failure,explicit_failure,-13.500052392536212,-0.2040109582306755,-13.296041434305536
qwen3-8b,semantic,semantic:stateful-contracts_documents-set_retention_classification-04:decoy-observation,stateful-contracts_documents-set_retention_classification-04,contracts-retention-vs-section,contracts_documents,decoy_success_minus_failure,explicit_failure,-11.625337146816435,0.8871309631548527,-12.512468109971287
qwen3-8b,semantic,semantic:stateful-contracts_documents-set_revision_approval-00:decoy-observation,stateful-contracts_documents-set_revision_approval-00,contracts-deadline-vs-version,contracts_documents,decoy_success_minus_failure,explicit_failure,-14.375000830803252,-5.25124069369339,-9.123760137109862
qwen3-8b,semantic,semantic:stateful-contracts_documents-set_revision_approval-01:decoy-observation,stateful-contracts_documents-set_revision_approval-01,contracts-deadline-vs-version,contracts_documents,decoy_success_minus_failure,explicit_failure,-13.125008951509898,-2.757611360881697,-10.367397590628201
qwen3-8b,semantic,semantic:stateful-contracts_documents-set_revision_approval-02:decoy-observation,stateful-contracts_documents-set_revision_approval-02,contracts-deadline-vs-version,contracts_documents,decoy_success_minus_failure,explicit_failure,-13.000002777745884,-2.0430134801443813,-10.956989297601503
qwen3-8b,semantic,semantic:stateful-contracts_documents-set_revision_approval-03:decoy-observation,stateful-contracts_documents-set_revision_approval-03,contracts-deadline-vs-version,contracts_documents,decoy_success_minus_failure,explicit_failure,-13.250001926494221,0.46195485491631416,-13.711956781410535
qwen3-8b,semantic,semantic:stateful-contracts_documents-set_revision_approval-04:decoy-observation,stateful-contracts_documents-set_revision_approval-04,contracts-deadline-vs-version,contracts_documents,decoy_success_minus_failure,explicit_failure,-13.50000311506816,-3.2521961518505194,-10.247806963217641
qwen3-8b,semantic,semantic:stateful-contracts_documents-set_signature_event_type-00:decoy-observation,stateful-contracts_documents-set_signature_event_type-00,contracts-citation-vs-signature,contracts_documents,decoy_success_minus_failure,explicit_failure,-13.250003196471468,-1.8836178253853006,-11.366385371086167
qwen3-8b,semantic,semantic:stateful-contracts_documents-set_signature_event_type-01:decoy-observation,stateful-contracts_documents-set_signature_event_type-01,contracts-citation-vs-signature,contracts_documents,decoy_success_minus_failure,explicit_failure,-12.253604755839731,-1.043002867642457,-11.210601888197274
qwen3-8b,semantic,semantic:stateful-contracts_documents-set_signature_event_type-02:decoy-observation,stateful-contracts_documents-set_signature_event_type-02,contracts-citation-vs-signature,contracts_documents,decoy_success_minus_failure,explicit_failure,-13.5000029822546,-1.8836176718188895,-11.61638531043571
qwen3-8b,semantic,semantic:stateful-contracts_documents-set_signature_event_type-03:decoy-observation,stateful-contracts_documents-set_signature_event_type-03,contracts-citation-vs-signature,contracts_documents,decoy_success_minus_failure,explicit_failure,-13.750000670626484,1.0913439000760619,-14.841344570702546
qwen3-8b,semantic,semantic:stateful-contracts_documents-set_signature_event_type-04:decoy-observation,stateful-contracts_documents-set_signature_event_type-04,contracts-citation-vs-signature,contracts_documents,decoy_success_minus_failure,explicit_failure,-12.804883374200223,-0.37711866730884225,-12.42776470689138
qwen3-8b,semantic,semantic:stateful-customer_support-set_case_contact_channel-00:decoy-observation,stateful-customer_support-set_case_contact_channel-00,support-action-vs-channel,customer_support,decoy_success_minus_failure,explicit_failure,-14.250010903921186,-2.2546342087443563,-11.99537669517683
qwen3-8b,semantic,semantic:stateful-customer_support-set_case_contact_channel-01:decoy-observation,stateful-customer_support-set_case_contact_channel-01,support-action-vs-channel,customer_support,decoy_success_minus_failure,explicit_failure,-11.250186819216864,0.9207924749961265,-12.17097929421299
qwen3-8b,semantic,semantic:stateful-customer_support-set_case_contact_channel-02:decoy-observation,stateful-customer_support-set_case_contact_channel-02,support-action-vs-channel,customer_support,decoy_success_minus_failure,explicit_failure,-12.250044740941085,-0.8955449567199594,-11.354499784221126
qwen3-8b,semantic,semantic:stateful-customer_support-set_case_contact_channel-03:decoy-observation,stateful-customer_support-set_case_contact_channel-03,support-action-vs-channel,customer_support,decoy_success_minus_failure,explicit_failure,-13.75000958471621,1.2480500801317405,-14.99805966484795
qwen3-8b,semantic,semantic:stateful-customer_support-set_case_contact_channel-04:decoy-observation,stateful-customer_support-set_case_contact_channel-04,support-action-vs-channel,customer_support,decoy_success_minus_failure,explicit_failure,-12.750085529327734,-2.1338675419918616,-10.616217987335872
qwen3-8b,semantic,semantic:stateful-customer_support-set_case_priority-00:decoy-observation,stateful-customer_support-set_case_priority-00,support-priority-vs-escalation,customer_support,decoy_success_minus_failure,explicit_failure,-12.875018803253582,-3.154814399414711,-9.72020440383887
qwen3-8b,semantic,semantic:stateful-customer_support-set_case_priority-01:decoy-observation,stateful-customer_support-set_case_priority-01,support-priority-vs-escalation,customer_support,decoy_success_minus_failure,explicit_failure,-12.625001190688586,-3.520775222242875,-9.10422596844571
qwen3-8b,semantic,semantic:stateful-customer_support-set_case_priority-02:decoy-observation,stateful-customer_support-set_case_priority-02,support-priority-vs-escalation,customer_support,decoy_success_minus_failure,explicit_failure,-13.75000112410197,-3.1431766936107977,-10.606824430491173
qwen3-8b,semantic,semantic:stateful-customer_support-set_case_priority-03:decoy-observation,stateful-customer_support-set_case_priority-03,support-priority-vs-escalation,customer_support,decoy_success_minus_failure,explicit_failure,-11.12503234794702,-2.9752455358056977,-8.149786812141322
qwen3-8b,semantic,semantic:stateful-customer_support-set_case_priority-04:decoy-observation,stateful-customer_support-set_case_priority-04,support-priority-vs-escalation,customer_support,decoy_success_minus_failure,explicit_failure,-12.375002166619488,-4.264209456736332,-8.110792709883157
qwen3-8b,semantic,semantic:stateful-customer_support-set_case_routing_owner-00:decoy-observation,stateful-customer_support-set_case_routing_owner-00,support-owner-vs-sla,customer_support,decoy_success_minus_failure,explicit_failure,-14.000020766051215,-2.5141649065442166,-11.485855859506998
qwen3-8b,semantic,semantic:stateful-customer_support-set_case_routing_owner-01:decoy-observation,stateful-customer_support-set_case_routing_owner-01,support-owner-vs-sla,customer_support,decoy_success_minus_failure,explicit_failure,-13.625002583009078,-0.648294963022451,-12.976707619986627
qwen3-8b,semantic,semantic:stateful-customer_support-set_case_routing_owner-02:decoy-observation,stateful-customer_support-set_case_routing_owner-02,support-owner-vs-sla,customer_support,decoy_success_minus_failure,explicit_failure,-11.750018081626173,-0.9878342543194449,-10.762183827306728
qwen3-8b,semantic,semantic:stateful-customer_support-set_case_routing_owner-03:decoy-observation,stateful-customer_support-set_case_routing_owner-03,support-owner-vs-sla,customer_support,decoy_success_minus_failure,explicit_failure,-13.00000754666548,-2.0263089296527923,-10.973698617012687
qwen3-8b,semantic,semantic:stateful-customer_support-set_case_routing_owner-04:decoy-observation,stateful-customer_support-set_case_routing_owner-04,support-owner-vs-sla,customer_support,decoy_success_minus_failure,explicit_failure,-13.000001155236887,-1.2705466125306941,-11.729454542706193
qwen3-8b,semantic,semantic:stateful-customer_support-set_duplicate_similarity_score-00:decoy-observation,stateful-customer_support-set_duplicate_similarity_score-00,support-refund-vs-duplicate,customer_support,decoy_success_minus_failure,explicit_failure,-11.125003158107042,-1.751928583217179,-9.373074574889863
qwen3-8b,semantic,semantic:stateful-customer_support-set_duplicate_similarity_score-01:decoy-observation,stateful-customer_support-set_duplicate_similarity_score-01,support-refund-vs-duplicate,customer_support,decoy_success_minus_failure,explicit_failure,-12.250003131685958,-1.129078588302022,-11.120924543383936
qwen3-8b,semantic,semantic:stateful-customer_support-set_duplicate_similarity_score-02:decoy-observation,stateful-customer_support-set_duplicate_similarity_score-02,support-refund-vs-duplicate,customer_support,decoy_success_minus_failure,explicit_failure,-13.375002015526029,-2.751326055568093,-10.623675959957936
qwen3-8b,semantic,semantic:stateful-customer_support-set_duplicate_similarity_score-03:decoy-observation,stateful-customer_support-set_duplicate_similarity_score-03,support-refund-vs-duplicate,customer_support,decoy_success_minus_failure,explicit_failure,-12.500002707575256,-0.503177791386932,-11.996824916188324
qwen3-8b,semantic,semantic:stateful-customer_support-set_duplicate_similarity_score-04:decoy-observation,stateful-customer_support-set_duplicate_similarity_score-04,support-refund-vs-duplicate,customer_support,decoy_success_minus_failure,explicit_failure,-10.500004870584917,-1.5028050140197564,-8.99719985656516
qwen3-8b,semantic,semantic:stateful-customer_support-set_escalation_target-00:decoy-observation,stateful-customer_support-set_escalation_target-00,support-priority-vs-escalation,customer_support,decoy_success_minus_failure,explicit_failure,-13.625018825705553,-2.389176459762986,-11.235842365942567
qwen3-8b,semantic,semantic:stateful-customer_support-set_escalation_target-01:decoy-observation,stateful-customer_support-set_escalation_target-01,support-priority-vs-escalation,customer_support,decoy_success_minus_failure,explicit_failure,-12.250915813067735,-0.6482691492298684,-11.602646663837866
qwen3-8b,semantic,semantic:stateful-customer_support-set_escalation_target-02:decoy-observation,stateful-customer_support-set_escalation_target-02,support-priority-vs-escalation,customer_support,decoy_success_minus_failure,explicit_failure,-12.750015909428555,-2.1513616037184846,-10.59865430571007
qwen3-8b,semantic,semantic:stateful-customer_support-set_escalation_target-03:decoy-observation,stateful-customer_support-set_escalation_target-03,support-priority-vs-escalation,customer_support,decoy_success_minus_failure,explicit_failure,-13.375007096978678,-1.4752834259229104,-11.899723671055767
qwen3-8b,semantic,semantic:stateful-customer_support-set_escalation_target-04:decoy-observation,stateful-customer_support-set_escalation_target-04,support-priority-vs-escalation,customer_support,decoy_success_minus_failure,explicit_failure,-13.375002600995245,-0.4131070868528255,-12.96189551414242
qwen3-8b,semantic,semantic:stateful-customer_support-set_next_case_action-00:decoy-observation,stateful-customer_support-set_next_case_action-00,support-action-vs-channel,customer_support,decoy_success_minus_failure,explicit_failure,-12.500436877587532,-5.626060589739893,-6.874376287847639
qwen3-8b,semantic,semantic:stateful-customer_support-set_next_case_action-01:decoy-observation,stateful-customer_support-set_next_case_action-01,support-action-vs-channel,customer_support,decoy_success_minus_failure,explicit_failure,-11.259764730730751,-2.555225571929519,-8.704539158801232
qwen3-8b,semantic,semantic:stateful-customer_support-set_next_case_action-02:decoy-observation,stateful-customer_support-set_next_case_action-02,support-action-vs-channel,customer_support,decoy_success_minus_failure,explicit_failure,-9.625737106920724,-3.514239983601712,-6.111497123319012
qwen3-8b,semantic,semantic:stateful-customer_support-set_next_case_action-03:decoy-observation,stateful-customer_support-set_next_case_action-03,support-action-vs-channel,customer_support,decoy_success_minus_failure,explicit_failure,-10.250130032252791,-2.7140062540210366,-7.5361237782317545
qwen3-8b,semantic,semantic:stateful-customer_support-set_next_case_action-04:decoy-observation,stateful-customer_support-set_next_case_action-04,support-action-vs-channel,customer_support,decoy_success_minus_failure,explicit_failure,-11.502481000702403,-3.514198895714351,-7.988282104988052
qwen3-8b,semantic,semantic:stateful-customer_support-set_refund_maximum_amount-00:decoy-observation,stateful-customer_support-set_refund_maximum_amount-00,support-refund-vs-duplicate,customer_support,decoy_success_minus_failure,explicit_failure,-11.62500702726473,-4.00170387508971,-7.623303152175019
qwen3-8b,semantic,semantic:stateful-customer_support-set_refund_maximum_amount-01:decoy-observation,stateful-customer_support-set_refund_maximum_amount-01,support-refund-vs-duplicate,customer_support,decoy_success_minus_failure,explicit_failure,-11.625007864408296,-2.502807456952951,-9.122200407455345
qwen3-8b,semantic,semantic:stateful-customer_support-set_refund_maximum_amount-02:decoy-observation,stateful-customer_support-set_refund_maximum_amount-02,support-refund-vs-duplicate,customer_support,decoy_success_minus_failure,explicit_failure,-10.37501650469656,-3.626173000621847,-6.7488435040747135
qwen3-8b,semantic,semantic:stateful-customer_support-set_refund_maximum_amount-03:decoy-observation,stateful-customer_support-set_refund_maximum_amount-03,support-refund-vs-duplicate,customer_support,decoy_success_minus_failure,explicit_failure,-9.000036393028346,0.23184929178308522,-9.23188568481143
qwen3-8b,semantic,semantic:stateful-customer_support-set_refund_maximum_amount-04:decoy-observation,stateful-customer_support-set_refund_maximum_amount-04,support-refund-vs-duplicate,customer_support,decoy_success_minus_failure,explicit_failure,-10.125008045062984,-2.1326064895497154,-7.992401555513268
qwen3-8b,semantic,semantic:stateful-customer_support-set_sla_duration_minutes-00:decoy-observation,stateful-customer_support-set_sla_duration_minutes-00,support-owner-vs-sla,customer_support,decoy_success_minus_failure,explicit_failure,-13.500008486693908,-3.253616847426059,-10.246391639267848
qwen3-8b,semantic,semantic:stateful-customer_support-set_sla_duration_minutes-01:decoy-observation,stateful-customer_support-set_sla_duration_minutes-01,support-owner-vs-sla,customer_support,decoy_success_minus_failure,explicit_failure,-11.125012008976796,-2.5076071733184264,-8.61740483565837
qwen3-8b,semantic,semantic:stateful-customer_support-set_sla_duration_minutes-02:decoy-observation,stateful-customer_support-set_sla_duration_minutes-02,support-owner-vs-sla,customer_support,decoy_success_minus_failure,explicit_failure,-13.000025056928557,-5.0052960554187464,-7.9947290015098105
qwen3-8b,semantic,semantic:stateful-customer_support-set_sla_duration_minutes-03:decoy-observation,stateful-customer_support-set_sla_duration_minutes-03,support-owner-vs-sla,customer_support,decoy_success_minus_failure,explicit_failure,-12.250006722949578,-2.2576142095379907,-9.992392513411588
qwen3-8b,semantic,semantic:stateful-customer_support-set_sla_duration_minutes-04:decoy-observation,stateful-customer_support-set_sla_duration_minutes-04,support-owner-vs-sla,customer_support,decoy_success_minus_failure,explicit_failure,-11.875012427649963,-3.134771010119941,-8.740241417530022
qwen3-8b,semantic,semantic:stateful-finance_ledger-post_transaction_fee-00:decoy-observation,stateful-finance_ledger-post_transaction_fee-00,finance-fee-vs-tax-basis,finance_ledger,decoy_success_minus_failure,explicit_failure,-14.625002457003035,-3.2586172193447,-11.366385237658335
qwen3-8b,semantic,semantic:stateful-finance_ledger-post_transaction_fee-01:decoy-observation,stateful-finance_ledger-post_transaction_fee-01,finance-fee-vs-tax-basis,finance_ledger,decoy_success_minus_failure,explicit_failure,-13.875002863344385,-3.2625111889673377,-10.612491674377047
qwen3-8b,semantic,semantic:stateful-finance_ledger-post_transaction_fee-02:decoy-observation,stateful-finance_ledger-post_transaction_fee-02,finance-fee-vs-tax-basis,finance_ledger,decoy_success_minus_failure,explicit_failure,-14.25000568009851,-2.404763524094939,-11.845242156003572
qwen3-8b,semantic,semantic:stateful-finance_ledger-post_transaction_fee-03:decoy-observation,stateful-finance_ledger-post_transaction_fee-03,finance-fee-vs-tax-basis,finance_ledger,decoy_success_minus_failure,explicit_failure,-13.250003847114684,-2.136049982172956,-11.113953864941728
qwen3-8b,semantic,semantic:stateful-finance_ledger-post_transaction_fee-04:decoy-observation,stateful-finance_ledger-post_transaction_fee-04,finance-fee-vs-tax-basis,finance_ledger,decoy_success_minus_failure,explicit_failure,-12.500001223947976,-2.51251112152913,-9.987490102418846
qwen3-8b,semantic,semantic:stateful-finance_ledger-record_tax_basis-00:decoy-observation,stateful-finance_ledger-record_tax_basis-00,finance-fee-vs-tax-basis,finance_ledger,decoy_success_minus_failure,explicit_failure,-16.125000343700435,-3.3817158293052714,-12.743284514395164
qwen3-8b,semantic,semantic:stateful-finance_ledger-record_tax_basis-01:decoy-observation,stateful-finance_ledger-record_tax_basis-01,finance-fee-vs-tax-basis,finance_ledger,decoy_success_minus_failure,explicit_failure,-15.625000242612316,-2.0160353771943846,-13.608964865417931
qwen3-8b,semantic,semantic:stateful-finance_ledger-record_tax_basis-02:decoy-observation,stateful-finance_ledger-record_tax_basis-02,finance-fee-vs-tax-basis,finance_ledger,decoy_success_minus_failure,explicit_failure,-15.375000592941085,-3.505932087124151,-11.869068505816934
qwen3-8b,semantic,semantic:stateful-finance_ledger-record_tax_basis-03:decoy-observation,stateful-finance_ledger-record_tax_basis-03,finance-fee-vs-tax-basis,finance_ledger,decoy_success_minus_failure,explicit_failure,-15.875000398526055,-1.7567220773157217,-14.118278321210333
qwen3-8b,semantic,semantic:stateful-finance_ledger-record_tax_basis-04:decoy-observation,stateful-finance_ledger-record_tax_basis-04,finance-fee-vs-tax-basis,finance_ledger,decoy_success_minus_failure,explicit_failure,-15.000000413036439,-3.6309368063263676,-11.369063606710071
qwen3-8b,semantic,semantic:stateful-finance_ledger-set_account_hold_amount-00:decoy-observation,stateful-finance_ledger-set_account_hold_amount-00,finance-ledger-vs-hold,finance_ledger,decoy_success_minus_failure,explicit_failure,-14.750001864809072,-1.3849851069583394,-13.365016757850732
qwen3-8b,semantic,semantic:stateful-finance_ledger-set_account_hold_amount-01:decoy-observation,stateful-finance_ledger-set_account_hold_amount-01,finance-ledger-vs-hold,finance_ledger,decoy_success_minus_failure,explicit_failure,-12.879728705769416,-2.381767560728896,-10.49796114504052
qwen3-8b,semantic,semantic:stateful-finance_ledger-set_account_hold_amount-02:decoy-observation,stateful-finance_ledger-set_account_hold_amount-02,finance-ledger-vs-hold,finance_ledger,decoy_success_minus_failure,explicit_failure,-14.250002110679361,-2.511230387136969,-11.738771723542392
qwen3-8b,semantic,semantic:stateful-finance_ledger-set_account_hold_amount-03:decoy-observation,stateful-finance_ledger-set_account_hold_amount-03,finance-ledger-vs-hold,finance_ledger,decoy_success_minus_failure,explicit_failure,-16.50000386937343,1.093050971746088,-17.593054841119518
qwen3-8b,semantic,semantic:stateful-finance_ledger-set_account_hold_amount-04:decoy-observation,stateful-finance_ledger-set_account_hold_amount-04,finance-ledger-vs-hold,finance_ledger,decoy_success_minus_failure,explicit_failure,-13.077580699736956,-3.2561855732412823,-9.821395126495673
qwen3-8b,semantic,semantic:stateful-finance_ledger-set_audit_event_reference-00:decoy-observation,stateful-finance_ledger-set_audit_event_reference-00,finance-journal-vs-audit-event,finance_ledger,decoy_success_minus_failure,explicit_failure,-14.625004474506802,-2.633708030157962,-11.99129644434884
qwen3-8b,semantic,semantic:stateful-finance_ledger-set_audit_event_reference-01:decoy-observation,stateful-finance_ledger-set_audit_event_reference-01,finance-journal-vs-audit-event,finance_ledger,decoy_success_minus_failure,explicit_failure,-12.750007376569755,0.3413524293189667,-13.091359805888722
qwen3-8b,semantic,semantic:stateful-finance_ledger-set_audit_event_reference-02:decoy-observation,stateful-finance_ledger-set_audit_event_reference-02,finance-journal-vs-audit-event,finance_ledger,decoy_success_minus_failure,explicit_failure,-12.875002540776869,1.2106887778875048,-14.085691318664374
qwen3-8b,semantic,semantic:stateful-finance_ledger-set_audit_event_reference-03:decoy-observation,stateful-finance_ledger-set_audit_event_reference-03,finance-journal-vs-audit-event,finance_ledger,decoy_success_minus_failure,explicit_failure,-13.875003683387462,2.201338322224302,-16.076342005611764
qwen3-8b,semantic,semantic:stateful-finance_ledger-set_audit_event_reference-04:decoy-observation,stateful-finance_ledger-set_audit_event_reference-04,finance-journal-vs-audit-event,finance_ledger,decoy_success_minus_failure,explicit_failure,-13.875000300927056,-0.27334995856018907,-13.601650342366867
qwen3-8b,semantic,semantic:stateful-finance_ledger-set_budget_planned_amount-00:decoy-observation,stateful-finance_ledger-set_budget_planned_amount-00,finance-statement-vs-budget,finance_ledger,decoy_success_minus_failure,explicit_failure,-13.500001051830708,-1.1278835667921001,-12.372117485038608
qwen3-8b,semantic,semantic:stateful-finance_ledger-set_budget_planned_amount-01:decoy-observation,stateful-finance_ledger-set_budget_planned_amount-01,finance-statement-vs-budget,finance_ledger,decoy_success_minus_failure,explicit_failure,-11.875000633175006,-2.000132998818607,-9.874867634356399
qwen3-8b,semantic,semantic:stateful-finance_ledger-set_budget_planned_amount-02:decoy-observation,stateful-finance_ledger-set_budget_planned_amount-02,finance-statement-vs-budget,finance_ledger,decoy_success_minus_failure,explicit_failure,-13.625001040759535,-0.0041319030362956255,-13.62086913772324
qwen3-8b,semantic,semantic:stateful-finance_ledger-set_budget_planned_amount-03:decoy-observation,stateful-finance_ledger-set_budget_planned_amount-03,finance-statement-vs-budget,finance_ledger,decoy_success_minus_failure,explicit_failure,-12.250000429392259,-2.000243785834442,-10.249756643557816
qwen3-8b,semantic,semantic:stateful-finance_ledger-set_budget_planned_amount-04:decoy-observation,stateful-finance_ledger-set_budget_planned_amount-04,finance-statement-vs-budget,finance_ledger,decoy_success_minus_failure,explicit_failure,-14.125000176182503,-3.0003940147616888,-11.124606161420814
qwen3-8b,semantic,semantic:stateful-finance_ledger-set_fx_exchange_rate-00:decoy-observation,stateful-finance_ledger-set_fx_exchange_rate-00,finance-fx-vs-payment,finance_ledger,decoy_success_minus_failure,explicit_failure,-15.000000757993519,-3.7541305580857554,-11.245870199907763
qwen3-8b,semantic,semantic:stateful-finance_ledger-set_fx_exchange_rate-01:decoy-observation,stateful-finance_ledger-set_fx_exchange_rate-01,finance-fx-vs-payment,finance_ledger,decoy_success_minus_failure,explicit_failure,-14.375001234134572,-2.7546327630178524,-11.62036847111672
qwen3-8b,semantic,semantic:stateful-finance_ledger-set_fx_exchange_rate-02:decoy-observation,stateful-finance_ledger-set_fx_exchange_rate-02,finance-fx-vs-payment,finance_ledger,decoy_success_minus_failure,explicit_failure,-14.875001943253622,-3.7513419197980653,-11.123660023455557
qwen3-8b,semantic,semantic:stateful-finance_ledger-set_fx_exchange_rate-03:decoy-observation,stateful-finance_ledger-set_fx_exchange_rate-03,finance-fx-vs-payment,finance_ledger,decoy_success_minus_failure,explicit_failure,-14.625001318112034,-3.7532050299423503,-10.871796288169683
qwen3-8b,semantic,semantic:stateful-finance_ledger-set_fx_exchange_rate-04:decoy-observation,stateful-finance_ledger-set_fx_exchange_rate-04,finance-fx-vs-payment,finance_ledger,decoy_success_minus_failure,explicit_failure,-15.000000453473888,-3.134773180779895,-11.865227272693993
qwen3-8b,semantic,semantic:stateful-finance_ledger-set_journal_debit_amount-00:decoy-observation,stateful-finance_ledger-set_journal_debit_amount-00,finance-journal-vs-audit-event,finance_ledger,decoy_success_minus_failure,explicit_failure,-15.12500798270581,-4.501401846761148,-10.623606135944662
qwen3-8b,semantic,semantic:stateful-finance_ledger-set_journal_debit_amount-01:decoy-observation,stateful-finance_ledger-set_journal_debit_amount-01,finance-journal-vs-audit-event,finance_ledger,decoy_success_minus_failure,explicit_failure,-13.000019332133029,-2.6307166219927183,-10.36930271014031
qwen3-8b,semantic,semantic:stateful-finance_ledger-set_journal_debit_amount-02:decoy-observation,stateful-finance_ledger-set_journal_debit_amount-02,finance-journal-vs-audit-event,finance_ledger,decoy_success_minus_failure,explicit_failure,-14.00000383326649,-4.378015016090714,-9.621988817175776
qwen3-8b,semantic,semantic:stateful-finance_ledger-set_journal_debit_amount-03:decoy-observation,stateful-finance_ledger-set_journal_debit_amount-03,finance-journal-vs-audit-event,finance_ledger,decoy_success_minus_failure,explicit_failure,-14.375204445437085,-4.278778871745985,-10.0964255736911
qwen3-8b,semantic,semantic:stateful-finance_ledger-set_journal_debit_amount-04:decoy-observation,stateful-finance_ledger-set_journal_debit_amount-04,finance-journal-vs-audit-event,finance_ledger,decoy_success_minus_failure,explicit_failure,-13.500001374312191,-3.261208556921055,-10.238792817391136
qwen3-8b,semantic,semantic:stateful-finance_ledger-set_ledger_entry_amount-00:decoy-observation,stateful-finance_ledger-set_ledger_entry_amount-00,finance-ledger-vs-hold,finance_ledger,decoy_success_minus_failure,explicit_failure,-14.75000144482658,-3.8805331239798093,-10.86946832084677
qwen3-8b,semantic,semantic:stateful-finance_ledger-set_ledger_entry_amount-01:decoy-observation,stateful-finance_ledger-set_ledger_entry_amount-01,finance-ledger-vs-hold,finance_ledger,decoy_success_minus_failure,explicit_failure,-13.500052617768532,-4.508913572349222,-8.99113904541931
qwen3-8b,semantic,semantic:stateful-finance_ledger-set_ledger_entry_amount-02:decoy-observation,stateful-finance_ledger-set_ledger_entry_amount-02,finance-ledger-vs-hold,finance_ledger,decoy_success_minus_failure,explicit_failure,-14.750002167687235,-4.504222774912144,-10.245779392775091
qwen3-8b,semantic,semantic:stateful-finance_ledger-set_ledger_entry_amount-03:decoy-observation,stateful-finance_ledger-set_ledger_entry_amount-03,finance-ledger-vs-hold,finance_ledger,decoy_success_minus_failure,explicit_failure,-15.125002878307207,-3.0486956148751503,-12.076307263432057
qwen3-8b,semantic,semantic:stateful-finance_ledger-set_ledger_entry_amount-04:decoy-observation,stateful-finance_ledger-set_ledger_entry_amount-04,finance-ledger-vs-hold,finance_ledger,decoy_success_minus_failure,explicit_failure,-15.895660141282676,-3.6339256587849036,-12.261734482497772
qwen3-8b,semantic,semantic:stateful-finance_ledger-set_payment_status_code-00:decoy-observation,stateful-finance_ledger-set_payment_status_code-00,finance-fx-vs-payment,finance_ledger,decoy_success_minus_failure,explicit_failure,-13.375000595957758,-0.6002067027389586,-12.7747938932188
qwen3-8b,semantic,semantic:stateful-finance_ledger-set_payment_status_code-01:decoy-observation,stateful-finance_ledger-set_payment_status_code-01,finance-fx-vs-payment,finance_ledger,decoy_success_minus_failure,explicit_failure,-13.875003002017593,-2.7139406304854816,-11.161062371532111
qwen3-8b,semantic,semantic:stateful-finance_ledger-set_payment_status_code-02:decoy-observation,stateful-finance_ledger-set_payment_status_code-02,finance-fx-vs-payment,finance_ledger,decoy_success_minus_failure,explicit_failure,-13.875001003612375,-2.4639396751299145,-11.411061328482461
qwen3-8b,semantic,semantic:stateful-finance_ledger-set_payment_status_code-03:decoy-observation,stateful-finance_ledger-set_payment_status_code-03,finance-fx-vs-payment,finance_ledger,decoy_success_minus_failure,explicit_failure,-14.6250012071119,-1.7254163615180218,-12.899584845593878
qwen3-8b,semantic,semantic:stateful-finance_ledger-set_payment_status_code-04:decoy-observation,stateful-finance_ledger-set_payment_status_code-04,finance-fx-vs-payment,finance_ledger,decoy_success_minus_failure,explicit_failure,-14.750000263402782,-0.2929993502174284,-14.457000913185354
qwen3-8b,semantic,semantic:stateful-finance_ledger-set_statement_closing_total-00:decoy-observation,stateful-finance_ledger-set_statement_closing_total-00,finance-statement-vs-budget,finance_ledger,decoy_success_minus_failure,explicit_failure,-14.750000463143166,-5.750140916380268,-8.999859546762899
qwen3-8b,semantic,semantic:stateful-finance_ledger-set_statement_closing_total-01:decoy-observation,stateful-finance_ledger-set_statement_closing_total-01,finance-statement-vs-budget,finance_ledger,decoy_success_minus_failure,explicit_failure,-12.877185971288348,-3.251580131056002,-9.625605840232346
qwen3-8b,semantic,semantic:stateful-finance_ledger-set_statement_closing_total-02:decoy-observation,stateful-finance_ledger-set_statement_closing_total-02,finance-statement-vs-budget,finance_ledger,decoy_success_minus_failure,explicit_failure,-13.875004177068632,-2.6315928482081006,-11.243411328860532
qwen3-8b,semantic,semantic:stateful-finance_ledger-set_statement_closing_total-03:decoy-observation,stateful-finance_ledger-set_statement_closing_total-03,finance-statement-vs-budget,finance_ledger,decoy_success_minus_failure,explicit_failure,-14.500000737067822,-4.2504616106381405,-10.249539126429681
qwen3-8b,semantic,semantic:stateful-finance_ledger-set_statement_closing_total-04:decoy-observation,stateful-finance_ledger-set_statement_closing_total-04,finance-statement-vs-budget,finance_ledger,decoy_success_minus_failure,explicit_failure,-13.75000352633107,-3.6258564567541214,-10.12414706957695
qwen3-8b,semantic,semantic:stateful-inventory_fulfillment-apply_cycle_count_adjustment-00:decoy-observation,stateful-inventory_fulfillment-apply_cycle_count_adjustment-00,inventory-reservation-vs-count,inventory_fulfillment,decoy_success_minus_failure,explicit_failure,-14.000000887834005,-2.0000966251719063,-11.999904262662099
qwen3-8b,semantic,semantic:stateful-inventory_fulfillment-apply_cycle_count_adjustment-01:decoy-observation,stateful-inventory_fulfillment-apply_cycle_count_adjustment-01,inventory-reservation-vs-count,inventory_fulfillment,decoy_success_minus_failure,explicit_failure,-12.625002280860379,-3.500040109485205,-9.124962171375174
qwen3-8b,semantic,semantic:stateful-inventory_fulfillment-apply_cycle_count_adjustment-02:decoy-observation,stateful-inventory_fulfillment-apply_cycle_count_adjustment-02,inventory-reservation-vs-count,inventory_fulfillment,decoy_success_minus_failure,explicit_failure,-14.250000692814929,-3.1251873701992636,-11.124813322615665
qwen3-8b,semantic,semantic:stateful-inventory_fulfillment-apply_cycle_count_adjustment-03:decoy-observation,stateful-inventory_fulfillment-apply_cycle_count_adjustment-03,inventory-reservation-vs-count,inventory_fulfillment,decoy_success_minus_failure,explicit_failure,-13.500000649933533,-1.5000583860847598,-11.999942263848773
qwen3-8b,semantic,semantic:stateful-inventory_fulfillment-apply_cycle_count_adjustment-04:decoy-observation,stateful-inventory_fulfillment-apply_cycle_count_adjustment-04,inventory-reservation-vs-count,inventory_fulfillment,decoy_success_minus_failure,explicit_failure,-12.250001307572262,-3.875018974274539,-8.374982333297723
qwen3-8b,semantic,semantic:stateful-inventory_fulfillment-apply_sales_reservation-00:decoy-observation,stateful-inventory_fulfillment-apply_sales_reservation-00,inventory-reservation-vs-count,inventory_fulfillment,decoy_success_minus_failure,explicit_failure,-14.375001155385192,-4.750161896801458,-9.624839258583734
qwen3-8b,semantic,semantic:stateful-inventory_fulfillment-apply_sales_reservation-01:decoy-observation,stateful-inventory_fulfillment-apply_sales_reservation-01,inventory-reservation-vs-count,inventory_fulfillment,decoy_success_minus_failure,explicit_failure,-12.750001563707428,-2.875296258896732,-9.874705304810696
qwen3-8b,semantic,semantic:stateful-inventory_fulfillment-apply_sales_reservation-02:decoy-observation,stateful-inventory_fulfillment-apply_sales_reservation-02,inventory-reservation-vs-count,inventory_fulfillment,decoy_success_minus_failure,explicit_failure,-12.625003461556801,-3.12535066075354,-9.499652800803261
qwen3-8b,semantic,semantic:stateful-inventory_fulfillment-apply_sales_reservation-03:decoy-observation,stateful-inventory_fulfillment-apply_sales_reservation-03,inventory-reservation-vs-count,inventory_fulfillment,decoy_success_minus_failure,explicit_failure,-11.750008519006322,-1.377196768454958,-10.372811750551364
qwen3-8b,semantic,semantic:stateful-inventory_fulfillment-apply_sales_reservation-04:decoy-observation,stateful-inventory_fulfillment-apply_sales_reservation-04,inventory-reservation-vs-count,inventory_fulfillment,decoy_success_minus_failure,explicit_failure,-12.875001560755315,-4.375182542448599,-8.499819018306717
qwen3-8b,semantic,semantic:stateful-inventory_fulfillment-set_backorder_customer_tier-00:decoy-observation,stateful-inventory_fulfillment-set_backorder_customer_tier-00,inventory-priority-vs-pick,inventory_fulfillment,decoy_success_minus_failure,explicit_failure,-14.625001525632534,-5.0007103188507145,-9.62429120678182
qwen3-8b,semantic,semantic:stateful-inventory_fulfillment-set_backorder_customer_tier-01:decoy-observation,stateful-inventory_fulfillment-set_backorder_customer_tier-01,inventory-priority-vs-pick,inventory_fulfillment,decoy_success_minus_failure,explicit_failure,-14.250003170291798,-2.5021862598361437,-11.747816910455654
qwen3-8b,semantic,semantic:stateful-inventory_fulfillment-set_backorder_customer_tier-02:decoy-observation,stateful-inventory_fulfillment-set_backorder_customer_tier-02,inventory-priority-vs-pick,inventory_fulfillment,decoy_success_minus_failure,explicit_failure,-13.875002718560289,-1.7576066288033019,-12.117396089756987
qwen3-8b,semantic,semantic:stateful-inventory_fulfillment-set_backorder_customer_tier-03:decoy-observation,stateful-inventory_fulfillment-set_backorder_customer_tier-03,inventory-priority-vs-pick,inventory_fulfillment,decoy_success_minus_failure,explicit_failure,-14.500095093803566,-4.005931653840484,-10.494163439963081
qwen3-8b,semantic,semantic:stateful-inventory_fulfillment-set_backorder_customer_tier-04:decoy-observation,stateful-inventory_fulfillment-set_backorder_customer_tier-04,inventory-priority-vs-pick,inventory_fulfillment,decoy_success_minus_failure,explicit_failure,-12.375055954956203,-4.378601133977867,-7.996454820978336
qwen3-8b,semantic,semantic:stateful-inventory_fulfillment-set_bin_pick_sequence-00:decoy-observation,stateful-inventory_fulfillment-set_bin_pick_sequence-00,inventory-priority-vs-pick,inventory_fulfillment,decoy_success_minus_failure,explicit_failure,-16.250000570075883,-7.000085585562424,-9.24991498451346
qwen3-8b,semantic,semantic:stateful-inventory_fulfillment-set_bin_pick_sequence-01:decoy-observation,stateful-inventory_fulfillment-set_bin_pick_sequence-01,inventory-priority-vs-pick,inventory_fulfillment,decoy_success_minus_failure,explicit_failure,-14.500000329318041,-5.500188300015417,-8.999812029302625
qwen3-8b,semantic,semantic:stateful-inventory_fulfillment-set_bin_pick_sequence-02:decoy-observation,stateful-inventory_fulfillment-set_bin_pick_sequence-02,inventory-priority-vs-pick,inventory_fulfillment,decoy_success_minus_failure,explicit_failure,-13.750007033301117,-4.50014676144707,-9.249860271854047
qwen3-8b,semantic,semantic:stateful-inventory_fulfillment-set_bin_pick_sequence-03:decoy-observation,stateful-inventory_fulfillment-set_bin_pick_sequence-03,inventory-priority-vs-pick,inventory_fulfillment,decoy_success_minus_failure,explicit_failure,-14.125014223760452,-3.1251665824828905,-10.999847641277562
qwen3-8b,semantic,semantic:stateful-inventory_fulfillment-set_bin_pick_sequence-04:decoy-observation,stateful-inventory_fulfillment-set_bin_pick_sequence-04,inventory-priority-vs-pick,inventory_fulfillment,decoy_success_minus_failure,explicit_failure,-14.375000896397232,-6.125067230275164,-8.249933666122068
qwen3-8b,semantic,semantic:stateful-inventory_fulfillment-set_expiry_warning_window-00:decoy-observation,stateful-inventory_fulfillment-set_expiry_warning_window-00,inventory-source-cost-vs-expiry,inventory_fulfillment,decoy_success_minus_failure,explicit_failure,-14.37500145017696,0.7358360713652417,-15.110837521542202
qwen3-8b,semantic,semantic:stateful-inventory_fulfillment-set_expiry_warning_window-01:decoy-observation,stateful-inventory_fulfillment-set_expiry_warning_window-01,inventory-source-cost-vs-expiry,inventory_fulfillment,decoy_success_minus_failure,explicit_failure,-12.375000616683067,4.57641224672917,-16.951412863412237
qwen3-8b,semantic,semantic:stateful-inventory_fulfillment-set_expiry_warning_window-02:decoy-observation,stateful-inventory_fulfillment-set_expiry_warning_window-02,inventory-source-cost-vs-expiry,inventory_fulfillment,decoy_success_minus_failure,explicit_failure,-14.00000062122593,-0.8774756916936468,-13.122524929532283
qwen3-8b,semantic,semantic:stateful-inventory_fulfillment-set_expiry_warning_window-03:decoy-observation,stateful-inventory_fulfillment-set_expiry_warning_window-03,inventory-source-cost-vs-expiry,inventory_fulfillment,decoy_success_minus_failure,explicit_failure,-13.250000232318591,0.6108364466932201,-13.860836679011811
qwen3-8b,semantic,semantic:stateful-inventory_fulfillment-set_expiry_warning_window-04:decoy-observation,stateful-inventory_fulfillment-set_expiry_warning_window-04,inventory-source-cost-vs-expiry,inventory_fulfillment,decoy_success_minus_failure,explicit_failure,-12.500000951109115,3.5820006821546286,-16.082001633263744
qwen3-8b,semantic,semantic:stateful-inventory_fulfillment-set_fulfillment_on_hand_units-00:decoy-observation,stateful-inventory_fulfillment-set_fulfillment_on_hand_units-00,inventory-stock-vs-capacity,inventory_fulfillment,decoy_success_minus_failure,explicit_failure,-13.625004867162929,-4.625231655819945,-8.999773211342983
qwen3-8b,semantic,semantic:stateful-inventory_fulfillment-set_fulfillment_on_hand_units-01:decoy-observation,stateful-inventory_fulfillment-set_fulfillment_on_hand_units-01,inventory-stock-vs-capacity,inventory_fulfillment,decoy_success_minus_failure,explicit_failure,-13.000024890072794,-3.2506303843125792,-9.749394505760215
qwen3-8b,semantic,semantic:stateful-inventory_fulfillment-set_fulfillment_on_hand_units-02:decoy-observation,stateful-inventory_fulfillment-set_fulfillment_on_hand_units-02,inventory-stock-vs-capacity,inventory_fulfillment,decoy_success_minus_failure,explicit_failure,-15.125002944268125,-2.6257101780212793,-12.499292766246846
qwen3-8b,semantic,semantic:stateful-inventory_fulfillment-set_fulfillment_on_hand_units-03:decoy-observation,stateful-inventory_fulfillment-set_fulfillment_on_hand_units-03,inventory-stock-vs-capacity,inventory_fulfillment,decoy_success_minus_failure,explicit_failure,-14.500002043163981,-3.8750658573131957,-10.624936185850785
qwen3-8b,semantic,semantic:stateful-inventory_fulfillment-set_fulfillment_on_hand_units-04:decoy-observation,stateful-inventory_fulfillment-set_fulfillment_on_hand_units-04,inventory-stock-vs-capacity,inventory_fulfillment,decoy_success_minus_failure,explicit_failure,-13.750003909452083,-5.62504042957373,-8.124963479878353
qwen3-8b,semantic,semantic:stateful-inventory_fulfillment-set_reorder_target_cover-00:decoy-observation,stateful-inventory_fulfillment-set_reorder_target_cover-00,inventory-policy-floor-vs-cover,inventory_fulfillment,decoy_success_minus_failure,explicit_failure,-13.625002832858648,-2.1258151378937384,-11.49918769496491
qwen3-8b,semantic,semantic:stateful-inventory_fulfillment-set_reorder_target_cover-01:decoy-observation,stateful-inventory_fulfillment-set_reorder_target_cover-01,inventory-policy-floor-vs-cover,inventory_fulfillment,decoy_success_minus_failure,explicit_failure,-13.250001405851577,-1.6253363051095135,-11.624665100742064
qwen3-8b,semantic,semantic:stateful-inventory_fulfillment-set_reorder_target_cover-02:decoy-observation,stateful-inventory_fulfillment-set_reorder_target_cover-02,inventory-policy-floor-vs-cover,inventory_fulfillment,decoy_success_minus_failure,explicit_failure,-14.750002301526067,-2.000443484547013,-12.749558816979054
qwen3-8b,semantic,semantic:stateful-inventory_fulfillment-set_reorder_target_cover-03:decoy-observation,stateful-inventory_fulfillment-set_reorder_target_cover-03,inventory-policy-floor-vs-cover,inventory_fulfillment,decoy_success_minus_failure,explicit_failure,-14.000002303351962,-1.1251695396374615,-12.874832763714501
qwen3-8b,semantic,semantic:stateful-inventory_fulfillment-set_reorder_target_cover-04:decoy-observation,stateful-inventory_fulfillment-set_reorder_target_cover-04,inventory-policy-floor-vs-cover,inventory_fulfillment,decoy_success_minus_failure,explicit_failure,-12.375004289023835,-1.7508057782397728,-10.624198510784062
qwen3-8b,semantic,semantic:stateful-inventory_fulfillment-set_safety_stock_floor-00:decoy-observation,stateful-inventory_fulfillment-set_safety_stock_floor-00,inventory-policy-floor-vs-cover,inventory_fulfillment,decoy_success_minus_failure,explicit_failure,-15.125001259299466,-2.2501801472112533,-12.874821112088213
qwen3-8b,semantic,semantic:stateful-inventory_fulfillment-set_safety_stock_floor-01:decoy-observation,stateful-inventory_fulfillment-set_safety_stock_floor-01,inventory-policy-floor-vs-cover,inventory_fulfillment,decoy_success_minus_failure,explicit_failure,-13.500003328856593,-5.0000763170441616,-8.499927011812431
qwen3-8b,semantic,semantic:stateful-inventory_fulfillment-set_safety_stock_floor-02:decoy-observation,stateful-inventory_fulfillment-set_safety_stock_floor-02,inventory-policy-floor-vs-cover,inventory_fulfillment,decoy_success_minus_failure,explicit_failure,-16.000001014707124,-3.1251804023823766,-12.874820612324747
qwen3-8b,semantic,semantic:stateful-inventory_fulfillment-set_safety_stock_floor-03:decoy-observation,stateful-inventory_fulfillment-set_safety_stock_floor-03,inventory-policy-floor-vs-cover,inventory_fulfillment,decoy_success_minus_failure,explicit_failure,-12.875001734644947,-1.6252043322469518,-11.249797402397995
qwen3-8b,semantic,semantic:stateful-inventory_fulfillment-set_safety_stock_floor-04:decoy-observation,stateful-inventory_fulfillment-set_safety_stock_floor-04,inventory-policy-floor-vs-cover,inventory_fulfillment,decoy_success_minus_failure,explicit_failure,-12.125004868907475,-3.5001801713686547,-8.62482469753882
qwen3-8b,semantic,semantic:stateful-inventory_fulfillment-set_source_transfer_cost-00:decoy-observation,stateful-inventory_fulfillment-set_source_transfer_cost-00,inventory-source-cost-vs-expiry,inventory_fulfillment,decoy_success_minus_failure,explicit_failure,-11.875004327803055,-2.5013264001948556,-9.373677927608199
qwen3-8b,semantic,semantic:stateful-inventory_fulfillment-set_source_transfer_cost-01:decoy-observation,stateful-inventory_fulfillment-set_source_transfer_cost-01,inventory-source-cost-vs-expiry,inventory_fulfillment,decoy_success_minus_failure,explicit_failure,-12.750000804674016,-0.25091176285231853,-12.499089041821698
qwen3-8b,semantic,semantic:stateful-inventory_fulfillment-set_source_transfer_cost-02:decoy-observation,stateful-inventory_fulfillment-set_source_transfer_cost-02,inventory-source-cost-vs-expiry,inventory_fulfillment,decoy_success_minus_failure,explicit_failure,-12.000003352363223,-0.5017022480947091,-11.498301104268513
qwen3-8b,semantic,semantic:stateful-inventory_fulfillment-set_source_transfer_cost-03:decoy-observation,stateful-inventory_fulfillment-set_source_transfer_cost-03,inventory-source-cost-vs-expiry,inventory_fulfillment,decoy_success_minus_failure,explicit_failure,-10.12500442944527,1.4953795574436057,-11.620383986888875
qwen3-8b,semantic,semantic:stateful-inventory_fulfillment-set_source_transfer_cost-04:decoy-observation,stateful-inventory_fulfillment-set_source_transfer_cost-04,inventory-source-cost-vs-expiry,inventory_fulfillment,decoy_success_minus_failure,explicit_failure,-12.500001739677401,-2.6256278516133875,-9.874373888064014
qwen3-8b,semantic,semantic:stateful-inventory_fulfillment-set_warehouse_capacity_volume-00:decoy-observation,stateful-inventory_fulfillment-set_warehouse_capacity_volume-00,inventory-stock-vs-capacity,inventory_fulfillment,decoy_success_minus_failure,explicit_failure,-15.125000398631329,-1.1252960410868127,-13.999704357544516
qwen3-8b,semantic,semantic:stateful-inventory_fulfillment-set_warehouse_capacity_volume-01:decoy-observation,stateful-inventory_fulfillment-set_warehouse_capacity_volume-01,inventory-stock-vs-capacity,inventory_fulfillment,decoy_success_minus_failure,explicit_failure,-13.000001375872202,-0.12591148236069216,-12.87408989351151
qwen3-8b,semantic,semantic:stateful-inventory_fulfillment-set_warehouse_capacity_volume-02:decoy-observation,stateful-inventory_fulfillment-set_warehouse_capacity_volume-02,inventory-stock-vs-capacity,inventory_fulfillment,decoy_success_minus_failure,explicit_failure,-15.250001147848565,-1.2504307702043036,-13.999570377644261
qwen3-8b,semantic,semantic:stateful-inventory_fulfillment-set_warehouse_capacity_volume-03:decoy-observation,stateful-inventory_fulfillment-set_warehouse_capacity_volume-03,inventory-stock-vs-capacity,inventory_fulfillment,decoy_success_minus_failure,explicit_failure,-14.625000726546851,-1.250261167418536,-13.374739559128315
qwen3-8b,semantic,semantic:stateful-inventory_fulfillment-set_warehouse_capacity_volume-04:decoy-observation,stateful-inventory_fulfillment-set_warehouse_capacity_volume-04,inventory-stock-vs-capacity,inventory_fulfillment,decoy_success_minus_failure,explicit_failure,-12.62500839696714,-2.8750584163350155,-9.749949980632124
qwen3-8b,semantic,semantic:stateful-pricing_billing-activate_list_price-00:decoy-observation,stateful-pricing_billing-activate_list_price-00,pricing-list-vs-margin,pricing_billing,decoy_success_minus_failure,explicit_failure,-17.3750016432165,-4.625343599096425,-12.749658044120075
qwen3-8b,semantic,semantic:stateful-pricing_billing-activate_list_price-01:decoy-observation,stateful-pricing_billing-activate_list_price-01,pricing-list-vs-margin,pricing_billing,decoy_success_minus_failure,explicit_failure,-16.250001302734084,-3.500463065304203,-12.749538237429881
qwen3-8b,semantic,semantic:stateful-pricing_billing-activate_list_price-02:decoy-observation,stateful-pricing_billing-activate_list_price-02,pricing-list-vs-margin,pricing_billing,decoy_success_minus_failure,explicit_failure,-16.000000370473792,-3.501121931567347,-12.498878438906445
qwen3-8b,semantic,semantic:stateful-pricing_billing-activate_list_price-03:decoy-observation,stateful-pricing_billing-activate_list_price-03,pricing-list-vs-margin,pricing_billing,decoy_success_minus_failure,explicit_failure,-16.625004941400803,-3.8768191258037703,-12.748185815597033
qwen3-8b,semantic,semantic:stateful-pricing_billing-activate_list_price-04:decoy-observation,stateful-pricing_billing-activate_list_price-04,pricing-list-vs-margin,pricing_billing,decoy_success_minus_failure,explicit_failure,-15.875002964572445,-4.875533531951184,-10.999469432621261
qwen3-8b,semantic,semantic:stateful-pricing_billing-activate_margin_floor-00:decoy-observation,stateful-pricing_billing-activate_margin_floor-00,pricing-list-vs-margin,pricing_billing,decoy_success_minus_failure,explicit_failure,-16.375000230229382,-3.8758113313264317,-12.49918889890295
qwen3-8b,semantic,semantic:stateful-pricing_billing-activate_margin_floor-01:decoy-observation,stateful-pricing_billing-activate_margin_floor-01,pricing-list-vs-margin,pricing_billing,decoy_success_minus_failure,explicit_failure,-13.500000072342836,-2.130237972795072,-11.369762099547764
qwen3-8b,semantic,semantic:stateful-pricing_billing-activate_margin_floor-02:decoy-observation,stateful-pricing_billing-activate_margin_floor-02,pricing-list-vs-margin,pricing_billing,decoy_success_minus_failure,explicit_failure,-15.750000284580956,-0.1347559784600989,-15.615244306120857
qwen3-8b,semantic,semantic:stateful-pricing_billing-activate_margin_floor-03:decoy-observation,stateful-pricing_billing-activate_margin_floor-03,pricing-list-vs-margin,pricing_billing,decoy_success_minus_failure,explicit_failure,-16.12500021894769,-4.000704718079767,-12.124295500867923
qwen3-8b,semantic,semantic:stateful-pricing_billing-activate_margin_floor-04:decoy-observation,stateful-pricing_billing-activate_margin_floor-04,pricing-list-vs-margin,pricing_billing,decoy_success_minus_failure,explicit_failure,-14.87500006939932,-2.5031785569809912,-12.371821512418329
qwen3-8b,semantic,semantic:stateful-pricing_billing-set_contract_adjustment_value-00:decoy-observation,stateful-pricing_billing-set_contract_adjustment_value-00,pricing-promotion-vs-contract,pricing_billing,decoy_success_minus_failure,explicit_failure,-15.750001498775774,-5.6264421089236265,-10.123559389852147
qwen3-8b,semantic,semantic:stateful-pricing_billing-set_contract_adjustment_value-01:decoy-observation,stateful-pricing_billing-set_contract_adjustment_value-01,pricing-promotion-vs-contract,pricing_billing,decoy_success_minus_failure,explicit_failure,-13.250002879834263,-5.375608217222663,-7.8743946626116
qwen3-8b,semantic,semantic:stateful-pricing_billing-set_contract_adjustment_value-02:decoy-observation,stateful-pricing_billing-set_contract_adjustment_value-02,pricing-promotion-vs-contract,pricing_billing,decoy_success_minus_failure,explicit_failure,-15.000000693902052,-5.125711308633605,-9.874289385268447
qwen3-8b,semantic,semantic:stateful-pricing_billing-set_contract_adjustment_value-03:decoy-observation,stateful-pricing_billing-set_contract_adjustment_value-03,pricing-promotion-vs-contract,pricing_billing,decoy_success_minus_failure,explicit_failure,-14.750001876277686,-4.878034296484877,-9.871967579792809
qwen3-8b,semantic,semantic:stateful-pricing_billing-set_contract_adjustment_value-04:decoy-observation,stateful-pricing_billing-set_contract_adjustment_value-04,pricing-promotion-vs-contract,pricing_billing,decoy_success_minus_failure,explicit_failure,-13.750000894832368,-5.625800871515409,-8.12420002331696
qwen3-8b,semantic,semantic:stateful-pricing_billing-set_credit_adjustment_value-00:decoy-observation,stateful-pricing_billing-set_credit_adjustment_value-00,pricing-credit-vs-fx,pricing_billing,decoy_success_minus_failure,explicit_failure,-14.500004405522844,-4.259764631438188,-10.240239774084657
qwen3-8b,semantic,semantic:stateful-pricing_billing-set_credit_adjustment_value-01:decoy-observation,stateful-pricing_billing-set_credit_adjustment_value-01,pricing-credit-vs-fx,pricing_billing,decoy_success_minus_failure,explicit_failure,-13.500007174794021,-3.3931561130682226,-10.106851061725799
qwen3-8b,semantic,semantic:stateful-pricing_billing-set_credit_adjustment_value-02:decoy-observation,stateful-pricing_billing-set_credit_adjustment_value-02,pricing-credit-vs-fx,pricing_billing,decoy_success_minus_failure,explicit_failure,-13.25000398159704,-2.898365369003052,-10.351638612593987
qwen3-8b,semantic,semantic:stateful-pricing_billing-set_credit_adjustment_value-03:decoy-observation,stateful-pricing_billing-set_credit_adjustment_value-03,pricing-credit-vs-fx,pricing_billing,decoy_success_minus_failure,explicit_failure,-14.875005781764827,-3.2679960320486785,-11.607009749716148
qwen3-8b,semantic,semantic:stateful-pricing_billing-set_credit_adjustment_value-04:decoy-observation,stateful-pricing_billing-set_credit_adjustment_value-04,pricing-credit-vs-fx,pricing_billing,decoy_success_minus_failure,explicit_failure,-13.375033921498755,-4.506678692297292,-8.868355229201462
qwen3-8b,semantic,semantic:stateful-pricing_billing-set_currency_exchange_rate-00:decoy-observation,stateful-pricing_billing-set_currency_exchange_rate-00,pricing-credit-vs-fx,pricing_billing,decoy_success_minus_failure,explicit_failure,-13.750000796481395,-5.375109132729136,-8.374891663752258
qwen3-8b,semantic,semantic:stateful-pricing_billing-set_currency_exchange_rate-01:decoy-observation,stateful-pricing_billing-set_currency_exchange_rate-01,pricing-credit-vs-fx,pricing_billing,decoy_success_minus_failure,explicit_failure,-14.625000402627656,-2.6254307011722773,-11.999569701455378
qwen3-8b,semantic,semantic:stateful-pricing_billing-set_currency_exchange_rate-02:decoy-observation,stateful-pricing_billing-set_currency_exchange_rate-02,pricing-credit-vs-fx,pricing_billing,decoy_success_minus_failure,explicit_failure,-13.500001914159114,-3.0002969872159895,-10.499704926943124
qwen3-8b,semantic,semantic:stateful-pricing_billing-set_currency_exchange_rate-03:decoy-observation,stateful-pricing_billing-set_currency_exchange_rate-03,pricing-credit-vs-fx,pricing_billing,decoy_success_minus_failure,explicit_failure,-15.375002569693883,-4.00043223051604,-11.374570339177843
qwen3-8b,semantic,semantic:stateful-pricing_billing-set_currency_exchange_rate-04:decoy-observation,stateful-pricing_billing-set_currency_exchange_rate-04,pricing-credit-vs-fx,pricing_billing,decoy_success_minus_failure,explicit_failure,-12.750000954927579,-4.750204436015501,-7.999796518912078
qwen3-8b,semantic,semantic:stateful-pricing_billing-set_order_discount_value-00:decoy-observation,stateful-pricing_billing-set_order_discount_value-00,pricing-fee-vs-discount,pricing_billing,decoy_success_minus_failure,explicit_failure,-16.12500734182904,-3.7519720810959285,-12.373035260733111
qwen3-8b,semantic,semantic:stateful-pricing_billing-set_order_discount_value-01:decoy-observation,stateful-pricing_billing-set_order_discount_value-01,pricing-fee-vs-discount,pricing_billing,decoy_success_minus_failure,explicit_failure,-13.158437570779043,-4.377484566885379,-8.780953003893664
qwen3-8b,semantic,semantic:stateful-pricing_billing-set_order_discount_value-02:decoy-observation,stateful-pricing_billing-set_order_discount_value-02,pricing-fee-vs-discount,pricing_billing,decoy_success_minus_failure,explicit_failure,-15.000002163860032,-4.253195290491419,-10.746806873368612
qwen3-8b,semantic,semantic:stateful-pricing_billing-set_order_discount_value-03:decoy-observation,stateful-pricing_billing-set_order_discount_value-03,pricing-fee-vs-discount,pricing_billing,decoy_success_minus_failure,explicit_failure,-14.750003026961572,-4.254092020776589,-10.495911006184983
qwen3-8b,semantic,semantic:stateful-pricing_billing-set_order_discount_value-04:decoy-observation,stateful-pricing_billing-set_order_discount_value-04,pricing-fee-vs-discount,pricing_billing,decoy_success_minus_failure,explicit_failure,-13.754620552225,-1.7568511414855266,-11.997769410739473
qwen3-8b,semantic,semantic:stateful-pricing_billing-set_promotion_discount_value-00:decoy-observation,stateful-pricing_billing-set_promotion_discount_value-00,pricing-promotion-vs-contract,pricing_billing,decoy_success_minus_failure,explicit_failure,-14.875003246413925,-4.250980021999716,-10.62402322441421
qwen3-8b,semantic,semantic:stateful-pricing_billing-set_promotion_discount_value-01:decoy-observation,stateful-pricing_billing-set_promotion_discount_value-01,pricing-promotion-vs-contract,pricing_billing,decoy_success_minus_failure,explicit_failure,-13.875000928499716,-2.257617957958999,-11.617382970540717
qwen3-8b,semantic,semantic:stateful-pricing_billing-set_promotion_discount_value-02:decoy-observation,stateful-pricing_billing-set_promotion_discount_value-02,pricing-promotion-vs-contract,pricing_billing,decoy_success_minus_failure,explicit_failure,-15.125001326737362,-4.625915637386385,-10.499085689350977
qwen3-8b,semantic,semantic:stateful-pricing_billing-set_promotion_discount_value-03:decoy-observation,stateful-pricing_billing-set_promotion_discount_value-03,pricing-promotion-vs-contract,pricing_billing,decoy_success_minus_failure,explicit_failure,-13.750003228361138,-3.377208715852916,-10.372794512508221
qwen3-8b,semantic,semantic:stateful-pricing_billing-set_promotion_discount_value-04:decoy-observation,stateful-pricing_billing-set_promotion_discount_value-04,pricing-promotion-vs-contract,pricing_billing,decoy_success_minus_failure,explicit_failure,-13.625002875488171,-4.125522293428546,-9.499480582059626
qwen3-8b,semantic,semantic:stateful-pricing_billing-set_service_fee_value-00:decoy-observation,stateful-pricing_billing-set_service_fee_value-00,pricing-fee-vs-discount,pricing_billing,decoy_success_minus_failure,explicit_failure,-15.000037750916952,-3.7519664701771376,-11.248071280739815
qwen3-8b,semantic,semantic:stateful-pricing_billing-set_service_fee_value-01:decoy-observation,stateful-pricing_billing-set_service_fee_value-01,pricing-fee-vs-discount,pricing_billing,decoy_success_minus_failure,explicit_failure,-13.133190103252701,-1.0141867689096316,-12.11900333434307
qwen3-8b,semantic,semantic:stateful-pricing_billing-set_service_fee_value-02:decoy-observation,stateful-pricing_billing-set_service_fee_value-02,pricing-fee-vs-discount,pricing_billing,decoy_success_minus_failure,explicit_failure,-12.750003174604593,-0.8826311300342127,-11.86737204457038
qwen3-8b,semantic,semantic:stateful-pricing_billing-set_service_fee_value-03:decoy-observation,stateful-pricing_billing-set_service_fee_value-03,pricing-fee-vs-discount,pricing_billing,decoy_success_minus_failure,explicit_failure,-14.50003946653706,-1.651421851296213,-12.848617615240848
qwen3-8b,semantic,semantic:stateful-pricing_billing-set_service_fee_value-04:decoy-observation,stateful-pricing_billing-set_service_fee_value-04,pricing-fee-vs-discount,pricing_billing,decoy_success_minus_failure,explicit_failure,-15.001926486243171,-2.630941852367144,-12.370984633876027
qwen3-8b,semantic,semantic:stateful-pricing_billing-set_shipping_minimum_charge-00:decoy-observation,stateful-pricing_billing-set_shipping_minimum_charge-00,pricing-tax-vs-shipping,pricing_billing,decoy_success_minus_failure,explicit_failure,-13.00000048329278,-0.5024766056857288,-12.497523877607051
qwen3-8b,semantic,semantic:stateful-pricing_billing-set_shipping_minimum_charge-01:decoy-observation,stateful-pricing_billing-set_shipping_minimum_charge-01,pricing-tax-vs-shipping,pricing_billing,decoy_success_minus_failure,explicit_failure,-14.000000433405155,-0.7524759061224771,-13.247524527282678
qwen3-8b,semantic,semantic:stateful-pricing_billing-set_shipping_minimum_charge-02:decoy-observation,stateful-pricing_billing-set_shipping_minimum_charge-02,pricing-tax-vs-shipping,pricing_billing,decoy_success_minus_failure,explicit_failure,-13.625000784099562,-2.1254308906764194,-11.499569893423143
qwen3-8b,semantic,semantic:stateful-pricing_billing-set_shipping_minimum_charge-03:decoy-observation,stateful-pricing_billing-set_shipping_minimum_charge-03,pricing-tax-vs-shipping,pricing_billing,decoy_success_minus_failure,explicit_failure,-13.000000570658983,-0.5021861641691672,-12.497814406489816
qwen3-8b,semantic,semantic:stateful-pricing_billing-set_shipping_minimum_charge-04:decoy-observation,stateful-pricing_billing-set_shipping_minimum_charge-04,pricing-tax-vs-shipping,pricing_billing,decoy_success_minus_failure,explicit_failure,-11.75000512732089,-0.8796233362132639,-10.870381791107626
qwen3-8b,semantic,semantic:stateful-pricing_billing-set_tax_rate-00:decoy-observation,stateful-pricing_billing-set_tax_rate-00,pricing-tax-vs-shipping,pricing_billing,decoy_success_minus_failure,explicit_failure,-12.875001166158796,-0.7930225273096738,-12.081978638849122
qwen3-8b,semantic,semantic:stateful-pricing_billing-set_tax_rate-01:decoy-observation,stateful-pricing_billing-set_tax_rate-01,pricing-tax-vs-shipping,pricing_billing,decoy_success_minus_failure,explicit_failure,-12.875000616836815,0.35684903251745226,-13.231849649354267
qwen3-8b,semantic,semantic:stateful-pricing_billing-set_tax_rate-02:decoy-observation,stateful-pricing_billing-set_tax_rate-02,pricing-tax-vs-shipping,pricing_billing,decoy_success_minus_failure,explicit_failure,-12.875001955866978,-0.14315414822575434,-12.731847807641223
qwen3-8b,semantic,semantic:stateful-pricing_billing-set_tax_rate-03:decoy-observation,stateful-pricing_billing-set_tax_rate-03,pricing-tax-vs-shipping,pricing_billing,decoy_success_minus_failure,explicit_failure,-14.250001171028046,-1.7576170316383397,-12.492384139389706
qwen3-8b,semantic,semantic:stateful-pricing_billing-set_tax_rate-04:decoy-observation,stateful-pricing_billing-set_tax_rate-04,pricing-tax-vs-shipping,pricing_billing,decoy_success_minus_failure,explicit_failure,-13.625040636053257,-2.6286118615988485,-10.996428774454408
qwen3-8b,semantic,semantic:stateful-procurement_suppliers-assign_quote_supplier-00:decoy-observation,stateful-procurement_suppliers-assign_quote_supplier-00,procurement-certification-vs-quote,procurement_suppliers,decoy_success_minus_failure,explicit_failure,-14.375000621788637,-2.7586148821844603,-11.616385739604176
qwen3-8b,semantic,semantic:stateful-procurement_suppliers-assign_quote_supplier-01:decoy-observation,stateful-procurement_suppliers-assign_quote_supplier-01,procurement-certification-vs-quote,procurement_suppliers,decoy_success_minus_failure,explicit_failure,-13.875000600214094,-0.6410343877928355,-13.233966212421258
qwen3-8b,semantic,semantic:stateful-procurement_suppliers-assign_quote_supplier-02:decoy-observation,stateful-procurement_suppliers-assign_quote_supplier-02,procurement-certification-vs-quote,procurement_suppliers,decoy_success_minus_failure,explicit_failure,-14.625001005282073,-1.50861466657458,-13.116386338707493
qwen3-8b,semantic,semantic:stateful-procurement_suppliers-assign_quote_supplier-03:decoy-observation,stateful-procurement_suppliers-assign_quote_supplier-03,procurement-certification-vs-quote,procurement_suppliers,decoy_success_minus_failure,explicit_failure,-13.375002657702574,-0.5619703164075176,-12.813032341295056
qwen3-8b,semantic,semantic:stateful-procurement_suppliers-assign_quote_supplier-04:decoy-observation,stateful-procurement_suppliers-assign_quote_supplier-04,procurement-certification-vs-quote,procurement_suppliers,decoy_success_minus_failure,explicit_failure,-14.375000500131137,-2.8778054769685326,-11.497195023162604
qwen3-8b,semantic,semantic:stateful-procurement_suppliers-set_contract_allowed_price-00:decoy-observation,stateful-procurement_suppliers-set_contract_allowed_price-00,procurement-contract-vs-receipt,procurement_suppliers,decoy_success_minus_failure,explicit_failure,-13.625006416181606,-3.8861047701499203,-9.738901646031685
qwen3-8b,semantic,semantic:stateful-procurement_suppliers-set_contract_allowed_price-01:decoy-observation,stateful-procurement_suppliers-set_contract_allowed_price-01,procurement-contract-vs-receipt,procurement_suppliers,decoy_success_minus_failure,explicit_failure,-13.750000625569385,-0.1736034485393816,-13.576397177030003
qwen3-8b,semantic,semantic:stateful-procurement_suppliers-set_contract_allowed_price-02:decoy-observation,stateful-procurement_suppliers-set_contract_allowed_price-02,procurement-contract-vs-receipt,procurement_suppliers,decoy_success_minus_failure,explicit_failure,-11.750004258453075,-1.007714740467712,-10.742289517985363
qwen3-8b,semantic,semantic:stateful-procurement_suppliers-set_contract_allowed_price-03:decoy-observation,stateful-procurement_suppliers-set_contract_allowed_price-03,procurement-contract-vs-receipt,procurement_suppliers,decoy_success_minus_failure,explicit_failure,-12.375017662549311,-2.127175243951527,-10.247842418597784
qwen3-8b,semantic,semantic:stateful-procurement_suppliers-set_contract_allowed_price-04:decoy-observation,stateful-procurement_suppliers-set_contract_allowed_price-04,procurement-contract-vs-receipt,procurement_suppliers,decoy_success_minus_failure,explicit_failure,-12.875001286190084,-2.143324612702756,-10.731676673487328
qwen3-8b,semantic,semantic:stateful-procurement_suppliers-set_expedited_delivery_days-00:decoy-observation,stateful-procurement_suppliers-set_expedited_delivery_days-00,procurement-performance-vs-expedite,procurement_suppliers,decoy_success_minus_failure,explicit_failure,-15.750000352557109,-5.876503200972579,-9.87349715158453
qwen3-8b,semantic,semantic:stateful-procurement_suppliers-set_expedited_delivery_days-01:decoy-observation,stateful-procurement_suppliers-set_expedited_delivery_days-01,procurement-performance-vs-expedite,procurement_suppliers,decoy_success_minus_failure,explicit_failure,-13.500001151917424,-4.125920737600659,-9.374080414316765
qwen3-8b,semantic,semantic:stateful-procurement_suppliers-set_expedited_delivery_days-02:decoy-observation,stateful-procurement_suppliers-set_expedited_delivery_days-02,procurement-performance-vs-expedite,procurement_suppliers,decoy_success_minus_failure,explicit_failure,-15.500000826320893,-4.251706186430702,-11.24829463989019
qwen3-8b,semantic,semantic:stateful-procurement_suppliers-set_expedited_delivery_days-03:decoy-observation,stateful-procurement_suppliers-set_expedited_delivery_days-03,procurement-performance-vs-expedite,procurement_suppliers,decoy_success_minus_failure,explicit_failure,-14.50000118477194,-4.126712465380955,-10.373288719390985
qwen3-8b,semantic,semantic:stateful-procurement_suppliers-set_expedited_delivery_days-04:decoy-observation,stateful-procurement_suppliers-set_expedited_delivery_days-04,procurement-performance-vs-expedite,procurement_suppliers,decoy_success_minus_failure,explicit_failure,-14.12500173920752,-6.000497015862791,-8.124504723344728
qwen3-8b,semantic,semantic:stateful-procurement_suppliers-set_goods_receipt_quantity-00:decoy-observation,stateful-procurement_suppliers-set_goods_receipt_quantity-00,procurement-contract-vs-receipt,procurement_suppliers,decoy_success_minus_failure,explicit_failure,-13.625001114708049,-2.2521855909302886,-11.37281552377776
qwen3-8b,semantic,semantic:stateful-procurement_suppliers-set_goods_receipt_quantity-01:decoy-observation,stateful-procurement_suppliers-set_goods_receipt_quantity-01,procurement-contract-vs-receipt,procurement_suppliers,decoy_success_minus_failure,explicit_failure,-13.750001226663109,-0.13604850606095198,-13.613952720602157
qwen3-8b,semantic,semantic:stateful-procurement_suppliers-set_goods_receipt_quantity-02:decoy-observation,stateful-procurement_suppliers-set_goods_receipt_quantity-02,procurement-contract-vs-receipt,procurement_suppliers,decoy_success_minus_failure,explicit_failure,-13.125002587081688,-1.7515049767817175,-11.373497610299971
qwen3-8b,semantic,semantic:stateful-procurement_suppliers-set_goods_receipt_quantity-03:decoy-observation,stateful-procurement_suppliers-set_goods_receipt_quantity-03,procurement-contract-vs-receipt,procurement_suppliers,decoy_success_minus_failure,explicit_failure,-13.000002852867524,1.7236962390435053,-14.72369909191103
qwen3-8b,semantic,semantic:stateful-procurement_suppliers-set_goods_receipt_quantity-04:decoy-observation,stateful-procurement_suppliers-set_goods_receipt_quantity-04,procurement-contract-vs-receipt,procurement_suppliers,decoy_success_minus_failure,explicit_failure,-13.500001228593419,-2.375490257816331,-11.124510970777088
qwen3-8b,semantic,semantic:stateful-procurement_suppliers-set_purchase_approval_threshold-00:decoy-observation,stateful-procurement_suppliers-set_purchase_approval_threshold-00,procurement-approval-vs-transit,procurement_suppliers,decoy_success_minus_failure,explicit_failure,-12.75000518970272,-3.883615585782792,-8.866389603919927
qwen3-8b,semantic,semantic:stateful-procurement_suppliers-set_purchase_approval_threshold-01:decoy-observation,stateful-procurement_suppliers-set_purchase_approval_threshold-01,procurement-approval-vs-transit,procurement_suppliers,decoy_success_minus_failure,explicit_failure,-12.750001408865387,-1.9369679269538054,-10.813033481911582
qwen3-8b,semantic,semantic:stateful-procurement_suppliers-set_purchase_approval_threshold-02:decoy-observation,stateful-procurement_suppliers-set_purchase_approval_threshold-02,procurement-approval-vs-transit,procurement_suppliers,decoy_success_minus_failure,explicit_failure,-14.000002095073874,-3.262510072886087,-10.737492022187787
qwen3-8b,semantic,semantic:stateful-procurement_suppliers-set_purchase_approval_threshold-03:decoy-observation,stateful-procurement_suppliers-set_purchase_approval_threshold-03,procurement-approval-vs-transit,procurement_suppliers,decoy_success_minus_failure,explicit_failure,-13.000002344486482,-3.7705497597166655,-9.229452584769817
qwen3-8b,semantic,semantic:stateful-procurement_suppliers-set_purchase_approval_threshold-04:decoy-observation,stateful-procurement_suppliers-set_purchase_approval_threshold-04,procurement-approval-vs-transit,procurement_suppliers,decoy_success_minus_failure,explicit_failure,-11.875001606701353,-4.877185285862232,-6.997816320839121
qwen3-8b,semantic,semantic:stateful-procurement_suppliers-set_supplier_certification_level-00:decoy-observation,stateful-procurement_suppliers-set_supplier_certification_level-00,procurement-certification-vs-quote,procurement_suppliers,decoy_success_minus_failure,explicit_failure,-14.375000303293625,-3.377187049292324,-10.9978132540013
qwen3-8b,semantic,semantic:stateful-procurement_suppliers-set_supplier_certification_level-01:decoy-observation,stateful-procurement_suppliers-set_supplier_certification_level-01,procurement-certification-vs-quote,procurement_suppliers,decoy_success_minus_failure,explicit_failure,-12.250000507498008,-2.008619073023901,-10.241381434474107
qwen3-8b,semantic,semantic:stateful-procurement_suppliers-set_supplier_certification_level-02:decoy-observation,stateful-procurement_suppliers-set_supplier_certification_level-02,procurement-certification-vs-quote,procurement_suppliers,decoy_success_minus_failure,explicit_failure,-13.375001388032722,-3.1309321979525464,-10.244069190080175
qwen3-8b,semantic,semantic:stateful-procurement_suppliers-set_supplier_certification_level-03:decoy-observation,stateful-procurement_suppliers-set_supplier_certification_level-03,procurement-certification-vs-quote,procurement_suppliers,decoy_success_minus_failure,explicit_failure,-13.6250005639925,-2.633615645504136,-10.991384918488365
qwen3-8b,semantic,semantic:stateful-procurement_suppliers-set_supplier_certification_level-04:decoy-observation,stateful-procurement_suppliers-set_supplier_certification_level-04,procurement-certification-vs-quote,procurement_suppliers,decoy_success_minus_failure,explicit_failure,-12.000002511305603,-4.252200332721671,-7.747802178583932
qwen3-8b,semantic,semantic:stateful-procurement_suppliers-set_supplier_performance_value-00:decoy-observation,stateful-procurement_suppliers-set_supplier_performance_value-00,procurement-performance-vs-expedite,procurement_suppliers,decoy_success_minus_failure,explicit_failure,-13.00000771841944,-1.6483337001917207,-11.351674018227719
qwen3-8b,semantic,semantic:stateful-procurement_suppliers-set_supplier_performance_value-01:decoy-observation,stateful-procurement_suppliers-set_supplier_performance_value-01,procurement-performance-vs-expedite,procurement_suppliers,decoy_success_minus_failure,explicit_failure,-12.875001951094255,-1.2836783616825187,-11.591323589411736
qwen3-8b,semantic,semantic:stateful-procurement_suppliers-set_supplier_performance_value-02:decoy-observation,stateful-procurement_suppliers-set_supplier_performance_value-02,procurement-performance-vs-expedite,procurement_suppliers,decoy_success_minus_failure,explicit_failure,-13.750005357140758,-2.8895562196163596,-10.860449137524398
qwen3-8b,semantic,semantic:stateful-procurement_suppliers-set_supplier_performance_value-03:decoy-observation,stateful-procurement_suppliers-set_supplier_performance_value-03,procurement-performance-vs-expedite,procurement_suppliers,decoy_success_minus_failure,explicit_failure,-12.875023571774967,-1.7798905001295893,-11.095133071645378
qwen3-8b,semantic,semantic:stateful-procurement_suppliers-set_supplier_performance_value-04:decoy-observation,stateful-procurement_suppliers-set_supplier_performance_value-04,procurement-performance-vs-expedite,procurement_suppliers,decoy_success_minus_failure,explicit_failure,-13.250001291409596,-2.5015151816108556,-10.74848610979874
qwen3-8b,semantic,semantic:stateful-procurement_suppliers-set_supplier_transit_days-00:decoy-observation,stateful-procurement_suppliers-set_supplier_transit_days-00,procurement-approval-vs-transit,procurement_suppliers,decoy_success_minus_failure,explicit_failure,-13.375007375567506,-2.0010376725365973,-11.373969703030909
qwen3-8b,semantic,semantic:stateful-procurement_suppliers-set_supplier_transit_days-01:decoy-observation,stateful-procurement_suppliers-set_supplier_transit_days-01,procurement-approval-vs-transit,procurement_suppliers,decoy_success_minus_failure,explicit_failure,-14.250001128270227,-5.000296051500783,-9.249705076769445
qwen3-8b,semantic,semantic:stateful-procurement_suppliers-set_supplier_transit_days-02:decoy-observation,stateful-procurement_suppliers-set_supplier_transit_days-02,procurement-approval-vs-transit,procurement_suppliers,decoy_success_minus_failure,explicit_failure,-13.125005519362183,-6.1251800723030385,-6.999825447059145
qwen3-8b,semantic,semantic:stateful-procurement_suppliers-set_supplier_transit_days-03:decoy-observation,stateful-procurement_suppliers-set_supplier_transit_days-03,procurement-approval-vs-transit,procurement_suppliers,decoy_success_minus_failure,explicit_failure,-12.500002307420225,-3.2505529501652077,-9.249449357255017
qwen3-8b,semantic,semantic:stateful-procurement_suppliers-set_supplier_transit_days-04:decoy-observation,stateful-procurement_suppliers-set_supplier_transit_days-04,procurement-approval-vs-transit,procurement_suppliers,decoy_success_minus_failure,explicit_failure,-13.375001640335697,-4.750158579228717,-8.62484306110698
qwen3-8b,semantic,semantic:stateful-workforce_access-set_access_minimum_clearance-00:decoy-observation,stateful-workforce_access-set_access_minimum_clearance-00,workforce-access-vs-role,workforce_access,decoy_success_minus_failure,explicit_failure,-14.750002730315977,-4.3755570937586015,-10.374445636557375
qwen3-8b,semantic,semantic:stateful-workforce_access-set_access_minimum_clearance-01:decoy-observation,stateful-workforce_access-set_access_minimum_clearance-01,workforce-access-vs-role,workforce_access,decoy_success_minus_failure,explicit_failure,-13.750046055342764,-2.876510484482786,-10.873535570859978
qwen3-8b,semantic,semantic:stateful-workforce_access-set_access_minimum_clearance-02:decoy-observation,stateful-workforce_access-set_access_minimum_clearance-02,workforce-access-vs-role,workforce_access,decoy_success_minus_failure,explicit_failure,-14.37501253526117,-2.501343352666339,-11.873669182594831
qwen3-8b,semantic,semantic:stateful-workforce_access-set_access_minimum_clearance-03:decoy-observation,stateful-workforce_access-set_access_minimum_clearance-03,workforce-access-vs-role,workforce_access,decoy_success_minus_failure,explicit_failure,-15.625001719555264,0.36245044540834215,-15.987452164963607
qwen3-8b,semantic,semantic:stateful-workforce_access-set_access_minimum_clearance-04:decoy-observation,stateful-workforce_access-set_access_minimum_clearance-04,workforce-access-vs-role,workforce_access,decoy_success_minus_failure,explicit_failure,-13.250066799447616,-4.0024848495092655,-9.24758194993835
qwen3-8b,semantic,semantic:stateful-workforce_access-set_badge_validity_days-00:decoy-observation,stateful-workforce_access-set_badge_validity_days-00,workforce-oncall-vs-badge,workforce_access,decoy_success_minus_failure,explicit_failure,-14.375000592712667,-0.8389507813759565,-13.53604981133671
qwen3-8b,semantic,semantic:stateful-workforce_access-set_badge_validity_days-01:decoy-observation,stateful-workforce_access-set_badge_validity_days-01,workforce-oncall-vs-badge,workforce_access,decoy_success_minus_failure,explicit_failure,-13.000001383671666,0.4318520624079767,-13.431853446079643
qwen3-8b,semantic,semantic:stateful-workforce_access-set_badge_validity_days-02:decoy-observation,stateful-workforce_access-set_badge_validity_days-02,workforce-oncall-vs-badge,workforce_access,decoy_success_minus_failure,explicit_failure,-13.875000777860024,0.4619581245720923,-14.336958902432116
qwen3-8b,semantic,semantic:stateful-workforce_access-set_badge_validity_days-03:decoy-observation,stateful-workforce_access-set_badge_validity_days-03,workforce-oncall-vs-badge,workforce_access,decoy_success_minus_failure,explicit_failure,-14.250000549072148,-0.9752320960883551,-13.274768452983793
qwen3-8b,semantic,semantic:stateful-workforce_access-set_badge_validity_days-04:decoy-observation,stateful-workforce_access-set_badge_validity_days-04,workforce-oncall-vs-badge,workforce_access,decoy_success_minus_failure,explicit_failure,-13.750000574488567,0.34384867311324996,-14.093849247601817
qwen3-8b,semantic,semantic:stateful-workforce_access-set_delegation_allowed_actions-00:decoy-observation,stateful-workforce_access-set_delegation_allowed_actions-00,workforce-overtime-vs-delegation,workforce_access,decoy_success_minus_failure,explicit_failure,-13.750000461465845,-1.3781778571085823,-12.371822604357263
qwen3-8b,semantic,semantic:stateful-workforce_access-set_delegation_allowed_actions-01:decoy-observation,stateful-workforce_access-set_delegation_allowed_actions-01,workforce-overtime-vs-delegation,workforce_access,decoy_success_minus_failure,explicit_failure,-12.625000714964685,-0.12817776280331117,-12.496822952161374
qwen3-8b,semantic,semantic:stateful-workforce_access-set_delegation_allowed_actions-02:decoy-observation,stateful-workforce_access-set_delegation_allowed_actions-02,workforce-overtime-vs-delegation,workforce_access,decoy_success_minus_failure,explicit_failure,-11.750001942727167,-0.0024814071036800556,-11.747520535623487
qwen3-8b,semantic,semantic:stateful-workforce_access-set_delegation_allowed_actions-03:decoy-observation,stateful-workforce_access-set_delegation_allowed_actions-03,workforce-overtime-vs-delegation,workforce_access,decoy_success_minus_failure,explicit_failure,-12.875000480628657,0.6182835302303502,-13.493284010859007
qwen3-8b,semantic,semantic:stateful-workforce_access-set_delegation_allowed_actions-04:decoy-observation,stateful-workforce_access-set_delegation_allowed_actions-04,workforce-overtime-vs-delegation,workforce_access,decoy_success_minus_failure,explicit_failure,-13.875000173862581,0.7267536996023836,-14.601753873464965
qwen3-8b,semantic,semantic:stateful-workforce_access-set_leave_ledger_units-00:decoy-observation,stateful-workforce_access-set_leave_ledger_units-00,workforce-shift-vs-leave,workforce_access,decoy_success_minus_failure,explicit_failure,-9.750001569330351,2.921063570216411,-12.671065139546762
qwen3-8b,semantic,semantic:stateful-workforce_access-set_leave_ledger_units-01:decoy-observation,stateful-workforce_access-set_leave_ledger_units-01,workforce-shift-vs-leave,workforce_access,decoy_success_minus_failure,explicit_failure,-11.375002589393937,5.186675207682441,-16.561677797076378
qwen3-8b,semantic,semantic:stateful-workforce_access-set_leave_ledger_units-02:decoy-observation,stateful-workforce_access-set_leave_ledger_units-02,workforce-shift-vs-leave,workforce_access,decoy_success_minus_failure,explicit_failure,-11.12500145509253,4.3871297651846675,-15.512131220277197
qwen3-8b,semantic,semantic:stateful-workforce_access-set_leave_ledger_units-03:decoy-observation,stateful-workforce_access-set_leave_ledger_units-03,workforce-shift-vs-leave,workforce_access,decoy_success_minus_failure,explicit_failure,-8.875000535091985,6.423873594786926,-15.29887412987891
qwen3-8b,semantic,semantic:stateful-workforce_access-set_leave_ledger_units-04:decoy-observation,stateful-workforce_access-set_leave_ledger_units-04,workforce-shift-vs-leave,workforce_access,decoy_success_minus_failure,explicit_failure,-12.500000852886728,3.7323240677883263,-16.232324920675055
qwen3-8b,semantic,semantic:stateful-workforce_access-set_oncall_capacity-00:decoy-observation,stateful-workforce_access-set_oncall_capacity-00,workforce-oncall-vs-badge,workforce_access,decoy_success_minus_failure,explicit_failure,-13.750000487037468,-2.376930069604356,-11.373070417433112
qwen3-8b,semantic,semantic:stateful-workforce_access-set_oncall_capacity-01:decoy-observation,stateful-workforce_access-set_oncall_capacity-01,workforce-oncall-vs-badge,workforce_access,decoy_success_minus_failure,explicit_failure,-13.250000748043547,-1.2517021913619715,-11.998298556681576
qwen3-8b,semantic,semantic:stateful-workforce_access-set_oncall_capacity-02:decoy-observation,stateful-workforce_access-set_oncall_capacity-02,workforce-oncall-vs-badge,workforce_access,decoy_success_minus_failure,explicit_failure,-12.000002617245812,-1.3763262366090316,-10.62367638063678
qwen3-8b,semantic,semantic:stateful-workforce_access-set_oncall_capacity-03:decoy-observation,stateful-workforce_access-set_oncall_capacity-03,workforce-oncall-vs-badge,workforce_access,decoy_success_minus_failure,explicit_failure,-13.750000643632227,-1.3765031545413393,-12.373497489090887
qwen3-8b,semantic,semantic:stateful-workforce_access-set_oncall_capacity-04:decoy-observation,stateful-workforce_access-set_oncall_capacity-04,workforce-oncall-vs-badge,workforce_access,decoy_success_minus_failure,explicit_failure,-14.000000450140462,-1.2507102923568567,-12.749290157783605
qwen3-8b,semantic,semantic:stateful-workforce_access-set_overtime_approval_threshold-00:decoy-observation,stateful-workforce_access-set_overtime_approval_threshold-00,workforce-overtime-vs-delegation,workforce_access,decoy_success_minus_failure,explicit_failure,-12.875001497166991,-4.004623134926767,-8.870378362240224
qwen3-8b,semantic,semantic:stateful-workforce_access-set_overtime_approval_threshold-01:decoy-observation,stateful-workforce_access-set_overtime_approval_threshold-01,workforce-overtime-vs-delegation,workforce_access,decoy_success_minus_failure,explicit_failure,-13.000005768848446,-2.755928873712932,-10.244076895135514
qwen3-8b,semantic,semantic:stateful-workforce_access-set_overtime_approval_threshold-02:decoy-observation,stateful-workforce_access-set_overtime_approval_threshold-02,workforce-overtime-vs-delegation,workforce_access,decoy_success_minus_failure,explicit_failure,-13.500000833238516,-2.884765464889817,-10.6152353683487
qwen3-8b,semantic,semantic:stateful-workforce_access-set_overtime_approval_threshold-03:decoy-observation,stateful-workforce_access-set_overtime_approval_threshold-03,workforce-overtime-vs-delegation,workforce_access,decoy_success_minus_failure,explicit_failure,-13.875000597806121,-4.252478389084921,-9.6225222087212
qwen3-8b,semantic,semantic:stateful-workforce_access-set_overtime_approval_threshold-04:decoy-observation,stateful-workforce_access-set_overtime_approval_threshold-04,workforce-overtime-vs-delegation,workforce_access,decoy_success_minus_failure,explicit_failure,-13.00000043433775,-3.507608193479456,-9.492392240858294
qwen3-8b,semantic,semantic:stateful-workforce_access-set_role_assignment_priority-00:decoy-observation,stateful-workforce_access-set_role_assignment_priority-00,workforce-access-vs-role,workforce_access,decoy_success_minus_failure,explicit_failure,-14.875001419272067,-4.625805291924479,-10.249196127347588
qwen3-8b,semantic,semantic:stateful-workforce_access-set_role_assignment_priority-01:decoy-observation,stateful-workforce_access-set_role_assignment_priority-01,workforce-access-vs-role,workforce_access,decoy_success_minus_failure,explicit_failure,-13.125001988312235,-3.750335968644329,-9.374666019667906
qwen3-8b,semantic,semantic:stateful-workforce_access-set_role_assignment_priority-02:decoy-observation,stateful-workforce_access-set_role_assignment_priority-02,workforce-access-vs-role,workforce_access,decoy_success_minus_failure,explicit_failure,-14.625000970495634,-1.632606435693205,-12.992394534802429
qwen3-8b,semantic,semantic:stateful-workforce_access-set_role_assignment_priority-03:decoy-observation,stateful-workforce_access-set_role_assignment_priority-03,workforce-access-vs-role,workforce_access,decoy_success_minus_failure,explicit_failure,-13.25000295208855,-3.251502747409546,-9.998500204679004
qwen3-8b,semantic,semantic:stateful-workforce_access-set_role_assignment_priority-04:decoy-observation,stateful-workforce_access-set_role_assignment_priority-04,workforce-access-vs-role,workforce_access,decoy_success_minus_failure,explicit_failure,-12.750002241741846,-2.627189258506533,-10.122812983235313
qwen3-8b,semantic,semantic:stateful-workforce_access-set_shift_minimum_rest_hours-00:decoy-observation,stateful-workforce_access-set_shift_minimum_rest_hours-00,workforce-shift-vs-leave,workforce_access,decoy_success_minus_failure,explicit_failure,-12.500001129545879,0.6068301337501794,-13.106831263296058
qwen3-8b,semantic,semantic:stateful-workforce_access-set_shift_minimum_rest_hours-01:decoy-observation,stateful-workforce_access-set_shift_minimum_rest_hours-01,workforce-shift-vs-leave,workforce_access,decoy_success_minus_failure,explicit_failure,-12.625006975591631,-0.3767523119219831,-12.248254663669648
qwen3-8b,semantic,semantic:stateful-workforce_access-set_shift_minimum_rest_hours-02:decoy-observation,stateful-workforce_access-set_shift_minimum_rest_hours-02,workforce-shift-vs-leave,workforce_access,decoy_success_minus_failure,explicit_failure,-13.000001425337494,1.970215038824243,-14.970216464161737
qwen3-8b,semantic,semantic:stateful-workforce_access-set_shift_minimum_rest_hours-03:decoy-observation,stateful-workforce_access-set_shift_minimum_rest_hours-03,workforce-shift-vs-leave,workforce_access,decoy_success_minus_failure,explicit_failure,-10.625006675515337,2.3261624568983024,-12.95116913241364
qwen3-8b,semantic,semantic:stateful-workforce_access-set_shift_minimum_rest_hours-04:decoy-observation,stateful-workforce_access-set_shift_minimum_rest_hours-04,workforce-shift-vs-leave,workforce_access,decoy_success_minus_failure,explicit_failure,-12.250797401347796,0.1171062811353707,-12.367903682483167
qwen3-8b,structural,structural:compliance_audit-audit_sample-00:sub-operations-first-only:after_first_success,compliance_audit-audit_sample-00,resolve_audit_sample,compliance_audit,sub-operations-first-only,budget_exhausted,-37.475011321827665,-26.032259379760262,11.442751942067403
qwen3-8b,structural,structural:compliance_audit-audit_sample-00:sub-operations-no-first:pre_action,compliance_audit-audit_sample-00,resolve_audit_sample,compliance_audit,sub-operations-no-first,unavailable,-15.581711291677074,-15.832320641885396,-0.25060935020832176
qwen3-8b,structural,structural:compliance_audit-audit_sample-00:sub-operations-no-gold:pre_action,compliance_audit-audit_sample-00,resolve_audit_sample,compliance_audit,sub-operations-no-gold,unavailable,-15.581711291677074,-13.958168470871293,1.6235428208057812
qwen3-8b,structural,structural:compliance_audit-audit_sample-00:sub-operations-no-last:after_penultimate_success,compliance_audit-audit_sample-00,resolve_audit_sample,compliance_audit,sub-operations-no-last,budget_exhausted,-32.22572909058048,-21.778584484034255,10.447144606546225
qwen3-8b,structural,structural:compliance_audit-audit_sample-01:sub-operations-first-only:after_first_success,compliance_audit-audit_sample-01,resolve_audit_sample,compliance_audit,sub-operations-first-only,budget_exhausted,-37.60135113204901,-27.66613166859456,9.935219463454452
qwen3-8b,structural,structural:compliance_audit-audit_sample-01:sub-operations-no-first:pre_action,compliance_audit-audit_sample-01,resolve_audit_sample,compliance_audit,sub-operations-no-first,unavailable,-21.4478039880526,-20.552815891361384,0.8949880966912147
qwen3-8b,structural,structural:compliance_audit-audit_sample-01:sub-operations-no-gold:pre_action,compliance_audit-audit_sample-01,resolve_audit_sample,compliance_audit,sub-operations-no-gold,unavailable,-21.4478039880526,-15.740992771509973,5.706811216542626
qwen3-8b,structural,structural:compliance_audit-audit_sample-01:sub-operations-no-last:after_penultimate_success,compliance_audit-audit_sample-01,resolve_audit_sample,compliance_audit,sub-operations-no-last,budget_exhausted,-31.974227266529887,-17.41830319267965,14.555924073850235
qwen3-8b,structural,structural:compliance_audit-audit_sample-02:sub-operations-first-only:after_first_success,compliance_audit-audit_sample-02,resolve_audit_sample,compliance_audit,sub-operations-first-only,budget_exhausted,-40.67141400722689,-22.16463394519748,18.506780062029414
qwen3-8b,structural,structural:compliance_audit-audit_sample-02:sub-operations-no-first:pre_action,compliance_audit-audit_sample-02,resolve_audit_sample,compliance_audit,sub-operations-no-first,budget_exhausted,-23.032904222819816,-18.7758489568483,4.257055265971516
qwen3-8b,structural,structural:compliance_audit-audit_sample-02:sub-operations-no-gold:pre_action,compliance_audit-audit_sample-02,resolve_audit_sample,compliance_audit,sub-operations-no-gold,unavailable,-23.032904222819816,-15.882337933624889,7.150566289194927
qwen3-8b,structural,structural:compliance_audit-audit_sample-02:sub-operations-no-last:after_penultimate_success,compliance_audit-audit_sample-02,resolve_audit_sample,compliance_audit,sub-operations-no-last,budget_exhausted,-34.72395092023912,-18.503899630228467,16.22005129001065
qwen3-8b,structural,structural:compliance_audit-audit_sample-03:sub-operations-first-only:after_first_success,compliance_audit-audit_sample-03,resolve_audit_sample,compliance_audit,sub-operations-first-only,budget_exhausted,-34.351267559484256,-22.26647004493391,12.084797514550345
qwen3-8b,structural,structural:compliance_audit-audit_sample-03:sub-operations-no-first:pre_action,compliance_audit-audit_sample-03,resolve_audit_sample,compliance_audit,sub-operations-no-first,budget_exhausted,-20.61486176180197,-16.71815057913232,3.896711182669648
qwen3-8b,structural,structural:compliance_audit-audit_sample-03:sub-operations-no-gold:pre_action,compliance_audit-audit_sample-03,resolve_audit_sample,compliance_audit,sub-operations-no-gold,unavailable,-20.61486176180197,-16.057170369466903,4.557691392335066
qwen3-8b,structural,structural:compliance_audit-audit_sample-03:sub-operations-no-last:after_penultimate_success,compliance_audit-audit_sample-03,resolve_audit_sample,compliance_audit,sub-operations-no-last,budget_exhausted,-25.10741732815078,-18.278354065494312,6.829063262656469
qwen3-8b,structural,structural:compliance_audit-control_status-00:sub-operations-first-only:after_first_success,compliance_audit-control_status-00,resolve_control_status,compliance_audit,sub-operations-first-only,budget_exhausted,-32.099221048930325,-25.042715572733748,7.056505476196577
qwen3-8b,structural,structural:compliance_audit-control_status-00:sub-operations-no-first:pre_action,compliance_audit-control_status-00,resolve_control_status,compliance_audit,sub-operations-no-first,budget_exhausted,-17.278636722465173,-15.6876889452057,1.5909477772594727
qwen3-8b,structural,structural:compliance_audit-control_status-00:sub-operations-no-gold:pre_action,compliance_audit-control_status-00,resolve_control_status,compliance_audit,sub-operations-no-gold,unavailable,-17.278636722465173,-9.216202742356252,8.06243398010892
qwen3-8b,structural,structural:compliance_audit-control_status-00:sub-operations-no-last:after_penultimate_success,compliance_audit-control_status-00,resolve_control_status,compliance_audit,sub-operations-no-last,budget_exhausted,-28.974980946917206,-20.259939396113637,8.71504155080357
qwen3-8b,structural,structural:compliance_audit-control_status-02:sub-operations-first-only:after_first_success,compliance_audit-control_status-02,resolve_control_status,compliance_audit,sub-operations-first-only,budget_exhausted,-33.34935587010619,-21.167822887327503,12.181532982778684
qwen3-8b,structural,structural:compliance_audit-control_status-02:sub-operations-no-first:pre_action,compliance_audit-control_status-02,resolve_control_status,compliance_audit,sub-operations-no-first,budget_exhausted,-11.758135673409733,-12.084494885504128,-0.32635921209439545
qwen3-8b,structural,structural:compliance_audit-control_status-02:sub-operations-no-gold:pre_action,compliance_audit-control_status-02,resolve_control_status,compliance_audit,sub-operations-no-gold,budget_exhausted,-11.758135673409733,-8.829385678952441,2.9287499944572915
qwen3-8b,structural,structural:compliance_audit-control_status-02:sub-operations-no-last:after_penultimate_success,compliance_audit-control_status-02,resolve_control_status,compliance_audit,sub-operations-no-last,budget_exhausted,-25.850758500645092,-13.750007558323716,12.100750942321376
qwen3-8b,structural,structural:compliance_audit-control_status-03:sub-operations-first-only:after_first_success,compliance_audit-control_status-03,resolve_control_status,compliance_audit,sub-operations-first-only,budget_exhausted,-32.874922756635456,-27.29268483825104,5.582237918384415
qwen3-8b,structural,structural:compliance_audit-control_status-03:sub-operations-no-first:pre_action,compliance_audit-control_status-03,resolve_control_status,compliance_audit,sub-operations-no-first,unavailable,-17.824731344007503,-15.85047593053261,1.9742554134748929
qwen3-8b,structural,structural:compliance_audit-control_status-03:sub-operations-no-gold:pre_action,compliance_audit-control_status-03,resolve_control_status,compliance_audit,sub-operations-no-gold,budget_exhausted,-17.824731344007503,-12.704143140237697,5.120588203769806
qwen3-8b,structural,structural:compliance_audit-control_status-03:sub-operations-no-last:after_penultimate_success,compliance_audit-control_status-03,resolve_control_status,compliance_audit,sub-operations-no-last,budget_exhausted,-24.850333183343807,-13.000050715544532,11.850282467799275
qwen3-8b,structural,structural:compliance_audit-evidence_completeness-00:sub-operations-first-only:after_first_success,compliance_audit-evidence_completeness-00,resolve_evidence_completeness,compliance_audit,sub-operations-first-only,unavailable,-27.599236675562658,-22.94013881999542,4.659097855567239
qwen3-8b,structural,structural:compliance_audit-evidence_completeness-00:sub-operations-no-first:pre_action,compliance_audit-evidence_completeness-00,resolve_evidence_completeness,compliance_audit,sub-operations-no-first,budget_exhausted,-13.004743384018184,-13.040749309196329,-0.03600592517814505
qwen3-8b,structural,structural:compliance_audit-evidence_completeness-00:sub-operations-no-gold:pre_action,compliance_audit-evidence_completeness-00,resolve_evidence_completeness,compliance_audit,sub-operations-no-gold,unavailable,-13.004743384018184,-12.712036471118665,0.29270691289951856
qwen3-8b,structural,structural:compliance_audit-evidence_completeness-00:sub-operations-no-last:after_penultimate_success,compliance_audit-evidence_completeness-00,resolve_evidence_completeness,compliance_audit,sub-operations-no-last,budget_exhausted,-24.975778946769097,-14.000332243794453,10.975446702974644
qwen3-8b,structural,structural:compliance_audit-evidence_completeness-01:sub-operations-first-only:after_first_success,compliance_audit-evidence_completeness-01,resolve_evidence_completeness,compliance_audit,sub-operations-first-only,budget_exhausted,-35.72422320052227,-25.21283273482829,10.511390465693978
qwen3-8b,structural,structural:compliance_audit-evidence_completeness-01:sub-operations-no-first:pre_action,compliance_audit-evidence_completeness-01,resolve_evidence_completeness,compliance_audit,sub-operations-no-first,unavailable,-19.09313977057758,-17.555987537771067,1.5371522328065126
qwen3-8b,structural,structural:compliance_audit-evidence_completeness-01:sub-operations-no-gold:pre_action,compliance_audit-evidence_completeness-01,resolve_evidence_completeness,compliance_audit,sub-operations-no-gold,unavailable,-19.09313977057758,-14.789275577797973,4.303864192779606
qwen3-8b,structural,structural:compliance_audit-evidence_completeness-01:sub-operations-no-last:after_penultimate_success,compliance_audit-evidence_completeness-01,resolve_evidence_completeness,compliance_audit,sub-operations-no-last,budget_exhausted,-23.224481438225098,-15.000047586266689,8.224433851958409
qwen3-8b,structural,structural:compliance_audit-evidence_completeness-02:sub-operations-first-only:after_first_success,compliance_audit-evidence_completeness-02,resolve_evidence_completeness,compliance_audit,sub-operations-first-only,unavailable,-33.9749651478242,-21.884390243713774,12.090574904110426
qwen3-8b,structural,structural:compliance_audit-evidence_completeness-02:sub-operations-no-first:pre_action,compliance_audit-evidence_completeness-02,resolve_evidence_completeness,compliance_audit,sub-operations-no-first,unavailable,-11.700773334147264,-8.597676313709613,3.1030970204376516
qwen3-8b,structural,structural:compliance_audit-evidence_completeness-02:sub-operations-no-gold:pre_action,compliance_audit-evidence_completeness-02,resolve_evidence_completeness,compliance_audit,sub-operations-no-gold,unavailable,-11.700773334147264,-14.105628979240471,-2.404855645093207
qwen3-8b,structural,structural:compliance_audit-evidence_completeness-02:sub-operations-no-last:after_penultimate_success,compliance_audit-evidence_completeness-02,resolve_evidence_completeness,compliance_audit,sub-operations-no-last,budget_exhausted,-34.84948915337815,-13.500016109499796,21.349473043878355
qwen3-8b,structural,structural:compliance_audit-evidence_completeness-03:sub-operations-first-only:after_first_success,compliance_audit-evidence_completeness-03,resolve_evidence_completeness,compliance_audit,sub-operations-first-only,budget_exhausted,-38.97405463337311,-29.01234798007564,9.961706653297469
qwen3-8b,structural,structural:compliance_audit-evidence_completeness-03:sub-operations-no-first:pre_action,compliance_audit-evidence_completeness-03,resolve_evidence_completeness,compliance_audit,sub-operations-no-first,unavailable,-17.330199181281877,-15.497233578668265,1.832965602613612
qwen3-8b,structural,structural:compliance_audit-evidence_completeness-03:sub-operations-no-gold:pre_action,compliance_audit-evidence_completeness-03,resolve_evidence_completeness,compliance_audit,sub-operations-no-gold,unavailable,-17.330199181281877,-15.131521057902688,2.1986781233791888
qwen3-8b,structural,structural:compliance_audit-evidence_completeness-03:sub-operations-no-last:after_penultimate_success,compliance_audit-evidence_completeness-03,resolve_evidence_completeness,compliance_audit,sub-operations-no-last,budget_exhausted,-33.97379010341144,-17.000161566499173,16.973628536912265
qwen3-8b,structural,structural:compliance_audit-evidence_completeness-04:sub-operations-first-only:after_first_success,compliance_audit-evidence_completeness-04,resolve_evidence_completeness,compliance_audit,sub-operations-first-only,budget_exhausted,-31.84938147210932,-27.20576442336384,4.643617048745483
qwen3-8b,structural,structural:compliance_audit-evidence_completeness-04:sub-operations-no-first:pre_action,compliance_audit-evidence_completeness-04,resolve_evidence_completeness,compliance_audit,sub-operations-no-first,unavailable,-12.925589536812382,-12.234138526512986,0.6914510102993958
qwen3-8b,structural,structural:compliance_audit-evidence_completeness-04:sub-operations-no-gold:pre_action,compliance_audit-evidence_completeness-04,resolve_evidence_completeness,compliance_audit,sub-operations-no-gold,unavailable,-12.925589536812382,-15.242270876179639,-2.316681339367257
qwen3-8b,structural,structural:compliance_audit-evidence_completeness-04:sub-operations-no-last:after_penultimate_success,compliance_audit-evidence_completeness-04,resolve_evidence_completeness,compliance_audit,sub-operations-no-last,budget_exhausted,-28.225151556327923,-16.625036268153565,11.600115288174358
qwen3-8b,structural,structural:compliance_audit-exception_expiry-00:sub-operations-first-only:after_first_success,compliance_audit-exception_expiry-00,resolve_exception_expiry,compliance_audit,sub-operations-first-only,budget_exhausted,-27.848866259498344,-23.769525894576127,4.079340364922217
qwen3-8b,structural,structural:compliance_audit-exception_expiry-00:sub-operations-no-first:pre_action,compliance_audit-exception_expiry-00,resolve_exception_expiry,compliance_audit,sub-operations-no-first,budget_exhausted,-15.729353641742811,-19.13332215715024,-3.4039685154074277
qwen3-8b,structural,structural:compliance_audit-exception_expiry-00:sub-operations-no-gold:pre_action,compliance_audit-exception_expiry-00,resolve_exception_expiry,compliance_audit,sub-operations-no-gold,unavailable,-15.729353641742811,-19.81299344955115,-4.083639807808339
qwen3-8b,structural,structural:compliance_audit-exception_expiry-00:sub-operations-no-last:after_penultimate_success,compliance_audit-exception_expiry-00,resolve_exception_expiry,compliance_audit,sub-operations-no-last,budget_exhausted,-24.850768665375853,-11.37507198279959,13.475696682576263
qwen3-8b,structural,structural:compliance_audit-exception_expiry-01:sub-operations-first-only:after_first_success,compliance_audit-exception_expiry-01,resolve_exception_expiry,compliance_audit,sub-operations-first-only,budget_exhausted,-30.276337585596465,-16.680617063931436,13.59572052166503
qwen3-8b,structural,structural:compliance_audit-exception_expiry-01:sub-operations-no-first:pre_action,compliance_audit-exception_expiry-01,resolve_exception_expiry,compliance_audit,sub-operations-no-first,budget_exhausted,-16.420477064700663,-16.0078826508159,0.4125944138847615
qwen3-8b,structural,structural:compliance_audit-exception_expiry-01:sub-operations-no-gold:pre_action,compliance_audit-exception_expiry-01,resolve_exception_expiry,compliance_audit,sub-operations-no-gold,unavailable,-16.420477064700663,-16.666198524898626,-0.24572146019796293
qwen3-8b,structural,structural:compliance_audit-exception_expiry-01:sub-operations-no-last:after_penultimate_success,compliance_audit-exception_expiry-01,resolve_exception_expiry,compliance_audit,sub-operations-no-last,budget_exhausted,-26.349045833357465,-12.125098448140761,14.223947385216704
qwen3-8b,structural,structural:compliance_audit-exception_expiry-02:sub-operations-first-only:after_first_success,compliance_audit-exception_expiry-02,resolve_exception_expiry,compliance_audit,sub-operations-first-only,budget_exhausted,-26.10032684704651,-11.914923924934428,14.185402922112083
qwen3-8b,structural,structural:compliance_audit-exception_expiry-02:sub-operations-no-first:pre_action,compliance_audit-exception_expiry-02,resolve_exception_expiry,compliance_audit,sub-operations-no-first,unavailable,-13.453222752715043,-13.207455390849901,0.24576736186514125
qwen3-8b,structural,structural:compliance_audit-exception_expiry-02:sub-operations-no-gold:pre_action,compliance_audit-exception_expiry-02,resolve_exception_expiry,compliance_audit,sub-operations-no-gold,budget_exhausted,-13.453222752715043,-14.57746987916267,-1.124247126447628
qwen3-8b,structural,structural:compliance_audit-exception_expiry-02:sub-operations-no-last:after_penultimate_success,compliance_audit-exception_expiry-02,resolve_exception_expiry,compliance_audit,sub-operations-no-last,budget_exhausted,-20.47470972774569,-12.000040366672913,8.474669361072777
qwen3-8b,structural,structural:compliance_audit-exception_expiry-03:sub-operations-first-only:after_first_success,compliance_audit-exception_expiry-03,resolve_exception_expiry,compliance_audit,sub-operations-first-only,budget_exhausted,-25.234936847522697,-20.56856869626752,4.666368151255178
qwen3-8b,structural,structural:compliance_audit-exception_expiry-03:sub-operations-no-first:pre_action,compliance_audit-exception_expiry-03,resolve_exception_expiry,compliance_audit,sub-operations-no-first,budget_exhausted,-15.165871772555512,-14.648603482984079,0.5172682895714331
qwen3-8b,structural,structural:compliance_audit-exception_expiry-03:sub-operations-no-gold:pre_action,compliance_audit-exception_expiry-03,resolve_exception_expiry,compliance_audit,sub-operations-no-gold,unavailable,-15.165871772555512,-13.821775128986161,1.344096643569351
qwen3-8b,structural,structural:compliance_audit-exception_expiry-03:sub-operations-no-last:after_penultimate_success,compliance_audit-exception_expiry-03,resolve_exception_expiry,compliance_audit,sub-operations-no-last,budget_exhausted,-18.223830797910068,-12.625019775702143,5.598811022207926
qwen3-8b,structural,structural:compliance_audit-exception_expiry-04:sub-operations-first-only:after_first_success,compliance_audit-exception_expiry-04,resolve_exception_expiry,compliance_audit,sub-operations-first-only,budget_exhausted,-23.973966516230412,-23.418365667804316,0.5556008484260957
qwen3-8b,structural,structural:compliance_audit-exception_expiry-04:sub-operations-no-first:pre_action,compliance_audit-exception_expiry-04,resolve_exception_expiry,compliance_audit,sub-operations-no-first,unavailable,-13.763684672540329,-13.510737672195226,0.2529470003451024
qwen3-8b,structural,structural:compliance_audit-exception_expiry-04:sub-operations-no-gold:pre_action,compliance_audit-exception_expiry-04,resolve_exception_expiry,compliance_audit,sub-operations-no-gold,unavailable,-13.763684672540329,-13.984902761613462,-0.22121808907313323
qwen3-8b,structural,structural:compliance_audit-exception_expiry-04:sub-operations-no-last:after_penultimate_success,compliance_audit-exception_expiry-04,resolve_exception_expiry,compliance_audit,sub-operations-no-last,budget_exhausted,-23.348955941793157,-11.500211657984664,11.848744283808493
qwen3-8b,structural,structural:compliance_audit-filing_readiness-00:sub-operations-first-only:after_first_success,compliance_audit-filing_readiness-00,resolve_filing_readiness,compliance_audit,sub-operations-first-only,budget_exhausted,-33.099117333599814,-16.22564385201221,16.873473481587602
qwen3-8b,structural,structural:compliance_audit-filing_readiness-00:sub-operations-no-first:pre_action,compliance_audit-filing_readiness-00,resolve_filing_readiness,compliance_audit,sub-operations-no-first,budget_exhausted,-13.182718123834938,-4.517419917990104,8.665298205844834
qwen3-8b,structural,structural:compliance_audit-filing_readiness-00:sub-operations-no-gold:pre_action,compliance_audit-filing_readiness-00,resolve_filing_readiness,compliance_audit,sub-operations-no-gold,unavailable,-13.182718123834938,-13.017518410233144,0.16519971360179397
qwen3-8b,structural,structural:compliance_audit-filing_readiness-00:sub-operations-no-last:after_penultimate_success,compliance_audit-filing_readiness-00,resolve_filing_readiness,compliance_audit,sub-operations-no-last,budget_exhausted,-21.47573957420456,-16.500002328167113,4.975737246037447
qwen3-8b,structural,structural:compliance_audit-filing_readiness-01:sub-operations-first-only:after_first_success,compliance_audit-filing_readiness-01,resolve_filing_readiness,compliance_audit,sub-operations-first-only,budget_exhausted,-26.473833752111886,-15.478736197955953,10.995097554155933
qwen3-8b,structural,structural:compliance_audit-filing_readiness-01:sub-operations-no-first:pre_action,compliance_audit-filing_readiness-01,resolve_filing_readiness,compliance_audit,sub-operations-no-first,unavailable,-15.142948744561494,-6.286744942061333,8.856203802500161
qwen3-8b,structural,structural:compliance_audit-filing_readiness-01:sub-operations-no-gold:pre_action,compliance_audit-filing_readiness-01,resolve_filing_readiness,compliance_audit,sub-operations-no-gold,unavailable,-15.142948744561494,-14.104771753103527,1.0381769914579664
qwen3-8b,structural,structural:compliance_audit-filing_readiness-01:sub-operations-no-last:after_penultimate_success,compliance_audit-filing_readiness-01,resolve_filing_readiness,compliance_audit,sub-operations-no-last,budget_exhausted,-20.848870821192747,-14.28969218893657,6.559178632256177
qwen3-8b,structural,structural:compliance_audit-filing_readiness-02:sub-operations-first-only:after_first_success,compliance_audit-filing_readiness-02,resolve_filing_readiness,compliance_audit,sub-operations-first-only,budget_exhausted,-29.474024926599988,-24.164594150717214,5.309430775882774
qwen3-8b,structural,structural:compliance_audit-filing_readiness-02:sub-operations-no-first:pre_action,compliance_audit-filing_readiness-02,resolve_filing_readiness,compliance_audit,sub-operations-no-first,budget_exhausted,-11.769271481603887,-6.4672243246514185,5.302047156952469
qwen3-8b,structural,structural:compliance_audit-filing_readiness-02:sub-operations-no-gold:pre_action,compliance_audit-filing_readiness-02,resolve_filing_readiness,compliance_audit,sub-operations-no-gold,unavailable,-11.769271481603887,-15.757773855483741,-3.9885023738798537
qwen3-8b,structural,structural:compliance_audit-filing_readiness-02:sub-operations-no-last:after_penultimate_success,compliance_audit-filing_readiness-02,resolve_filing_readiness,compliance_audit,sub-operations-no-last,budget_exhausted,-17.475942886538313,-17.625002974851753,-0.14906008831344053
qwen3-8b,structural,structural:compliance_audit-filing_readiness-03:sub-operations-first-only:after_first_success,compliance_audit-filing_readiness-03,resolve_filing_readiness,compliance_audit,sub-operations-first-only,budget_exhausted,-28.249563871137568,-14.45261465647247,13.796949214665098
qwen3-8b,structural,structural:compliance_audit-filing_readiness-03:sub-operations-no-first:pre_action,compliance_audit-filing_readiness-03,resolve_filing_readiness,compliance_audit,sub-operations-no-first,budget_exhausted,-18.002745322013176,-15.536706941494842,2.4660383805183343
qwen3-8b,structural,structural:compliance_audit-filing_readiness-03:sub-operations-no-gold:pre_action,compliance_audit-filing_readiness-03,resolve_filing_readiness,compliance_audit,sub-operations-no-gold,unavailable,-18.002745322013176,-14.60380310626595,3.398942215747226
qwen3-8b,structural,structural:compliance_audit-filing_readiness-03:sub-operations-no-last:after_penultimate_success,compliance_audit-filing_readiness-03,resolve_filing_readiness,compliance_audit,sub-operations-no-last,budget_exhausted,-24.973836371844676,-17.367441302112717,7.60639506973196
qwen3-8b,structural,structural:compliance_audit-filing_readiness-04:sub-operations-first-only:after_first_success,compliance_audit-filing_readiness-04,resolve_filing_readiness,compliance_audit,sub-operations-first-only,budget_exhausted,-31.34881501742808,-23.25892372800672,8.08989128942136
qwen3-8b,structural,structural:compliance_audit-filing_readiness-04:sub-operations-no-first:pre_action,compliance_audit-filing_readiness-04,resolve_filing_readiness,compliance_audit,sub-operations-no-first,unavailable,-16.55057701010761,-10.157577978237754,6.392999031869856
qwen3-8b,structural,structural:compliance_audit-filing_readiness-04:sub-operations-no-gold:pre_action,compliance_audit-filing_readiness-04,resolve_filing_readiness,compliance_audit,sub-operations-no-gold,unavailable,-16.55057701010761,-18.707450004688653,-2.156872994581043
qwen3-8b,structural,structural:compliance_audit-filing_readiness-04:sub-operations-no-last:after_penultimate_success,compliance_audit-filing_readiness-04,resolve_filing_readiness,compliance_audit,sub-operations-no-last,budget_exhausted,-24.348877474665585,-16.37500180360174,7.973875671063844
qwen3-8b,structural,structural:compliance_audit-policy_applicability-01:sub-operations-first-only:after_first_success,compliance_audit-policy_applicability-01,resolve_policy_applicability,compliance_audit,sub-operations-first-only,unavailable,-21.866991401045368,-15.246431191156525,6.620560209888843
qwen3-8b,structural,structural:compliance_audit-policy_applicability-01:sub-operations-no-first:pre_action,compliance_audit-policy_applicability-01,resolve_policy_applicability,compliance_audit,sub-operations-no-first,unavailable,-11.227652543612656,-9.89650585211485,1.331146691497807
qwen3-8b,structural,structural:compliance_audit-policy_applicability-01:sub-operations-no-gold:pre_action,compliance_audit-policy_applicability-01,resolve_policy_applicability,compliance_audit,sub-operations-no-gold,unavailable,-11.227652543612656,-15.517477807135442,-4.289825263522786
qwen3-8b,structural,structural:compliance_audit-policy_applicability-01:sub-operations-no-last:after_penultimate_success,compliance_audit-policy_applicability-01,resolve_policy_applicability,compliance_audit,sub-operations-no-last,budget_exhausted,-21.351394657944176,-13.500722412957863,7.850672244986313
qwen3-8b,structural,structural:compliance_audit-policy_applicability-02:sub-operations-first-only:after_first_success,compliance_audit-policy_applicability-02,resolve_policy_applicability,compliance_audit,sub-operations-first-only,budget_exhausted,-27.73084685490894,-28.15354300620995,-0.422696151301011
qwen3-8b,structural,structural:compliance_audit-policy_applicability-02:sub-operations-no-first:pre_action,compliance_audit-policy_applicability-02,resolve_policy_applicability,compliance_audit,sub-operations-no-first,unavailable,-13.112848747159006,-11.454438074971499,1.6584106721875074
qwen3-8b,structural,structural:compliance_audit-policy_applicability-02:sub-operations-no-gold:pre_action,compliance_audit-policy_applicability-02,resolve_policy_applicability,compliance_audit,sub-operations-no-gold,unavailable,-13.112848747159006,-17.873894126784514,-4.761045379625507
qwen3-8b,structural,structural:compliance_audit-policy_applicability-02:sub-operations-no-last:after_penultimate_success,compliance_audit-policy_applicability-02,resolve_policy_applicability,compliance_audit,sub-operations-no-last,budget_exhausted,-21.724944516284744,-14.500477318849903,7.224467197434841
qwen3-8b,structural,structural:compliance_audit-policy_applicability-03:sub-operations-first-only:after_first_success,compliance_audit-policy_applicability-03,resolve_policy_applicability,compliance_audit,sub-operations-first-only,unavailable,-26.723210463192146,-13.748919819118484,12.974290644073662
qwen3-8b,structural,structural:compliance_audit-policy_applicability-03:sub-operations-no-first:pre_action,compliance_audit-policy_applicability-03,resolve_policy_applicability,compliance_audit,sub-operations-no-first,unavailable,-11.215595090267065,-10.43164227359194,0.7839528166751251
qwen3-8b,structural,structural:compliance_audit-policy_applicability-03:sub-operations-no-gold:pre_action,compliance_audit-policy_applicability-03,resolve_policy_applicability,compliance_audit,sub-operations-no-gold,unavailable,-11.215595090267065,-16.764170309028373,-5.548575218761307
qwen3-8b,structural,structural:compliance_audit-policy_applicability-03:sub-operations-no-last:after_penultimate_success,compliance_audit-policy_applicability-03,resolve_policy_applicability,compliance_audit,sub-operations-no-last,budget_exhausted,-21.223671427275953,-15.250482724979555,5.973188702296397
qwen3-8b,structural,structural:compliance_audit-remediation_owner-00:sub-operations-first-only:after_first_success,compliance_audit-remediation_owner-00,resolve_remediation_owner,compliance_audit,sub-operations-first-only,unavailable,-22.349231739481127,-14.32257105006569,8.026660689415436
qwen3-8b,structural,structural:compliance_audit-remediation_owner-00:sub-operations-no-first:pre_action,compliance_audit-remediation_owner-00,resolve_remediation_owner,compliance_audit,sub-operations-no-first,unavailable,-10.640720280884523,-11.297988720577358,-0.6572684396928352
qwen3-8b,structural,structural:compliance_audit-remediation_owner-00:sub-operations-no-gold:pre_action,compliance_audit-remediation_owner-00,resolve_remediation_owner,compliance_audit,sub-operations-no-gold,unavailable,-10.640720280884523,-11.465730920931506,-0.8250106400469832
qwen3-8b,structural,structural:compliance_audit-remediation_owner-00:sub-operations-no-last:after_penultimate_success,compliance_audit-remediation_owner-00,resolve_remediation_owner,compliance_audit,sub-operations-no-last,budget_exhausted,-15.262821234147275,-15.000002141045641,0.2628190931016334
qwen3-8b,structural,structural:compliance_audit-remediation_owner-01:sub-operations-first-only:after_first_success,compliance_audit-remediation_owner-01,resolve_remediation_owner,compliance_audit,sub-operations-first-only,unavailable,-23.977927748927122,-14.125013114122389,9.852914634804733
qwen3-8b,structural,structural:compliance_audit-remediation_owner-01:sub-operations-no-first:pre_action,compliance_audit-remediation_owner-01,resolve_remediation_owner,compliance_audit,sub-operations-no-first,budget_exhausted,-12.554510391590412,-12.607316793145692,-0.05280640155528005
qwen3-8b,structural,structural:compliance_audit-remediation_owner-01:sub-operations-no-gold:pre_action,compliance_audit-remediation_owner-01,resolve_remediation_owner,compliance_audit,sub-operations-no-gold,unavailable,-12.554510391590412,-13.206560141648865,-0.6520497500584526
qwen3-8b,structural,structural:compliance_audit-remediation_owner-01:sub-operations-no-last:after_penultimate_success,compliance_audit-remediation_owner-01,resolve_remediation_owner,compliance_audit,sub-operations-no-last,budget_exhausted,-15.727099274834579,-13.750004375973226,1.9770948988613526
qwen3-8b,structural,structural:compliance_audit-remediation_owner-02:sub-operations-first-only:after_first_success,compliance_audit-remediation_owner-02,resolve_remediation_owner,compliance_audit,sub-operations-first-only,budget_exhausted,-23.851274412733417,-23.84270967691063,0.008564735822787384
qwen3-8b,structural,structural:compliance_audit-remediation_owner-02:sub-operations-no-first:pre_action,compliance_audit-remediation_owner-02,resolve_remediation_owner,compliance_audit,sub-operations-no-first,budget_exhausted,-13.102238207517232,-15.5976602002712,-2.4954219927539683
qwen3-8b,structural,structural:compliance_audit-remediation_owner-02:sub-operations-no-gold:pre_action,compliance_audit-remediation_owner-02,resolve_remediation_owner,compliance_audit,sub-operations-no-gold,unavailable,-13.102238207517232,-14.588385923264717,-1.4861477157474852
qwen3-8b,structural,structural:compliance_audit-remediation_owner-02:sub-operations-no-last:after_penultimate_success,compliance_audit-remediation_owner-02,resolve_remediation_owner,compliance_audit,sub-operations-no-last,budget_exhausted,-18.098881660545402,-13.125020840087878,4.973860820457524
qwen3-8b,structural,structural:compliance_audit-remediation_owner-03:sub-operations-first-only:after_first_success,compliance_audit-remediation_owner-03,resolve_remediation_owner,compliance_audit,sub-operations-first-only,budget_exhausted,-22.84948221101766,-12.376305587376052,10.473176623641606
qwen3-8b,structural,structural:compliance_audit-remediation_owner-03:sub-operations-no-first:pre_action,compliance_audit-remediation_owner-03,resolve_remediation_owner,compliance_audit,sub-operations-no-first,budget_exhausted,-13.139019382334062,-14.218160925752471,-1.0791415434184088
qwen3-8b,structural,structural:compliance_audit-remediation_owner-03:sub-operations-no-gold:pre_action,compliance_audit-remediation_owner-03,resolve_remediation_owner,compliance_audit,sub-operations-no-gold,unavailable,-13.139019382334062,-12.929765958706511,0.20925342362755117
qwen3-8b,structural,structural:compliance_audit-remediation_owner-03:sub-operations-no-last:after_penultimate_success,compliance_audit-remediation_owner-03,resolve_remediation_owner,compliance_audit,sub-operations-no-last,budget_exhausted,-13.728947110549015,-15.000004385990039,-1.2710572754410236
qwen3-8b,structural,structural:compliance_audit-remediation_owner-04:sub-operations-first-only:after_first_success,compliance_audit-remediation_owner-04,resolve_remediation_owner,compliance_audit,sub-operations-first-only,budget_exhausted,-24.723995725228463,-13.75485769807974,10.969138027148723
qwen3-8b,structural,structural:compliance_audit-remediation_owner-04:sub-operations-no-first:pre_action,compliance_audit-remediation_owner-04,resolve_remediation_owner,compliance_audit,sub-operations-no-first,unavailable,-11.58109834057376,-15.285879380396572,-3.7047810398228123
qwen3-8b,structural,structural:compliance_audit-remediation_owner-04:sub-operations-no-gold:pre_action,compliance_audit-remediation_owner-04,resolve_remediation_owner,compliance_audit,sub-operations-no-gold,unavailable,-11.58109834057376,-10.70249786423048,0.87860047634328
qwen3-8b,structural,structural:compliance_audit-remediation_owner-04:sub-operations-no-last:after_penultimate_success,compliance_audit-remediation_owner-04,resolve_remediation_owner,compliance_audit,sub-operations-no-last,budget_exhausted,-17.849132803228983,-13.750011055390047,4.099121747838936
qwen3-8b,structural,structural:compliance_audit-retention_deadline-01:sub-operations-first-only:after_first_success,compliance_audit-retention_deadline-01,resolve_retention_deadline,compliance_audit,sub-operations-first-only,budget_exhausted,-35.22419314897131,-29.411078001379273,5.813115147592036
qwen3-8b,structural,structural:compliance_audit-retention_deadline-01:sub-operations-no-first:pre_action,compliance_audit-retention_deadline-01,resolve_retention_deadline,compliance_audit,sub-operations-no-first,unavailable,-15.03875471164389,-14.032831007964141,1.0059237036797484
qwen3-8b,structural,structural:compliance_audit-retention_deadline-01:sub-operations-no-gold:pre_action,compliance_audit-retention_deadline-01,resolve_retention_deadline,compliance_audit,sub-operations-no-gold,unavailable,-15.03875471164389,-12.704045859347168,2.334708852296721
qwen3-8b,structural,structural:compliance_audit-retention_deadline-01:sub-operations-no-last:after_penultimate_success,compliance_audit-retention_deadline-01,resolve_retention_deadline,compliance_audit,sub-operations-no-last,budget_exhausted,-32.976983254792735,-14.50508381724164,18.471899437551095
qwen3-8b,structural,structural:compliance_audit-retention_deadline-02:sub-operations-first-only:after_first_success,compliance_audit-retention_deadline-02,resolve_retention_deadline,compliance_audit,sub-operations-first-only,budget_exhausted,-32.974661850613025,-32.667810034917956,0.3068518156950688
qwen3-8b,structural,structural:compliance_audit-retention_deadline-02:sub-operations-no-first:pre_action,compliance_audit-retention_deadline-02,resolve_retention_deadline,compliance_audit,sub-operations-no-first,budget_exhausted,-17.240577263568746,-14.091572983837295,3.14900427973145
qwen3-8b,structural,structural:compliance_audit-retention_deadline-02:sub-operations-no-gold:pre_action,compliance_audit-retention_deadline-02,resolve_retention_deadline,compliance_audit,sub-operations-no-gold,unavailable,-17.240577263568746,-11.568291915081574,5.672285348487172
qwen3-8b,structural,structural:compliance_audit-retention_deadline-02:sub-operations-no-last:after_penultimate_success,compliance_audit-retention_deadline-02,resolve_retention_deadline,compliance_audit,sub-operations-no-last,budget_exhausted,-29.598919806550704,-15.37757997912842,14.221339827422284
qwen3-8b,structural,structural:compliance_audit-retention_deadline-03:sub-operations-first-only:after_first_success,compliance_audit-retention_deadline-03,resolve_retention_deadline,compliance_audit,sub-operations-first-only,budget_exhausted,-35.09867143786768,-35.79257486817523,-0.6939034303075502
qwen3-8b,structural,structural:compliance_audit-retention_deadline-03:sub-operations-no-first:pre_action,compliance_audit-retention_deadline-03,resolve_retention_deadline,compliance_audit,sub-operations-no-first,budget_exhausted,-18.35204970613045,-16.38612743299045,1.9659222731400021
qwen3-8b,structural,structural:compliance_audit-retention_deadline-03:sub-operations-no-gold:pre_action,compliance_audit-retention_deadline-03,resolve_retention_deadline,compliance_audit,sub-operations-no-gold,unavailable,-18.35204970613045,-19.07592170413814,-0.723871998007688
qwen3-8b,structural,structural:compliance_audit-retention_deadline-03:sub-operations-no-last:after_penultimate_success,compliance_audit-retention_deadline-03,resolve_retention_deadline,compliance_audit,sub-operations-no-last,unavailable,-30.97423078258742,-13.751275267996839,17.22295551459058
qwen3-8b,structural,structural:compliance_audit-retention_deadline-04:sub-operations-first-only:after_first_success,compliance_audit-retention_deadline-04,resolve_retention_deadline,compliance_audit,sub-operations-first-only,budget_exhausted,-36.098902071206716,-33.042795966906475,3.056106104300241
qwen3-8b,structural,structural:compliance_audit-retention_deadline-04:sub-operations-no-first:pre_action,compliance_audit-retention_deadline-04,resolve_retention_deadline,compliance_audit,sub-operations-no-first,unavailable,-14.852647780489434,-13.838389844016426,1.0142579364730082
qwen3-8b,structural,structural:compliance_audit-retention_deadline-04:sub-operations-no-gold:pre_action,compliance_audit-retention_deadline-04,resolve_retention_deadline,compliance_audit,sub-operations-no-gold,unavailable,-14.852647780489434,-15.608453627596752,-0.7558058471073181
qwen3-8b,structural,structural:compliance_audit-retention_deadline-04:sub-operations-no-last:after_penultimate_success,compliance_audit-retention_deadline-04,resolve_retention_deadline,compliance_audit,sub-operations-no-last,unavailable,-30.849063569731065,-13.993058289330243,16.856005280400822
qwen3-8b,structural,structural:compliance_audit-risk_rating-00:sub-operations-first-only:after_first_success,compliance_audit-risk_rating-00,resolve_risk_rating,compliance_audit,sub-operations-first-only,unavailable,-28.636902404020596,-24.78649183449359,3.850410569527007
qwen3-8b,structural,structural:compliance_audit-risk_rating-00:sub-operations-no-first:pre_action,compliance_audit-risk_rating-00,resolve_risk_rating,compliance_audit,sub-operations-no-first,budget_exhausted,-18.10348282995973,-17.141977613477103,0.9615052164826281
qwen3-8b,structural,structural:compliance_audit-risk_rating-00:sub-operations-no-gold:pre_action,compliance_audit-risk_rating-00,resolve_risk_rating,compliance_audit,sub-operations-no-gold,unavailable,-18.10348282995973,-12.676142250050816,5.427340579908915
qwen3-8b,structural,structural:compliance_audit-risk_rating-00:sub-operations-no-last:after_penultimate_success,compliance_audit-risk_rating-00,resolve_risk_rating,compliance_audit,sub-operations-no-last,unavailable,-28.8495194344642,-24.2526894154784,4.5968300189857985
qwen3-8b,structural,structural:compliance_audit-risk_rating-01:sub-operations-first-only:after_first_success,compliance_audit-risk_rating-01,resolve_risk_rating,compliance_audit,sub-operations-first-only,unavailable,-33.22788052240627,-21.528673215966265,11.699207306440002
qwen3-8b,structural,structural:compliance_audit-risk_rating-01:sub-operations-no-first:pre_action,compliance_audit-risk_rating-01,resolve_risk_rating,compliance_audit,sub-operations-no-first,budget_exhausted,-19.28291675098931,-13.946504010820426,5.336412740168882
qwen3-8b,structural,structural:compliance_audit-risk_rating-01:sub-operations-no-gold:pre_action,compliance_audit-risk_rating-01,resolve_risk_rating,compliance_audit,sub-operations-no-gold,budget_exhausted,-19.28291675098931,-12.753173286731304,6.529743464258004
qwen3-8b,structural,structural:compliance_audit-risk_rating-01:sub-operations-no-last:after_penultimate_success,compliance_audit-risk_rating-01,resolve_risk_rating,compliance_audit,sub-operations-no-last,budget_exhausted,-32.97473030507177,-14.680660482862507,18.294069822209266
qwen3-8b,structural,structural:compliance_audit-risk_rating-02:sub-operations-first-only:after_first_success,compliance_audit-risk_rating-02,resolve_risk_rating,compliance_audit,sub-operations-first-only,budget_exhausted,-29.72652408583044,-25.192605869972688,4.533918215857753
qwen3-8b,structural,structural:compliance_audit-risk_rating-02:sub-operations-no-first:pre_action,compliance_audit-risk_rating-02,resolve_risk_rating,compliance_audit,sub-operations-no-first,budget_exhausted,-16.76191791079723,-13.943333535005664,2.8185843757915663
qwen3-8b,structural,structural:compliance_audit-risk_rating-02:sub-operations-no-gold:pre_action,compliance_audit-risk_rating-02,resolve_risk_rating,compliance_audit,sub-operations-no-gold,unavailable,-16.76191791079723,-11.92263642001653,4.839281490780699
qwen3-8b,structural,structural:compliance_audit-risk_rating-02:sub-operations-no-last:after_penultimate_success,compliance_audit-risk_rating-02,resolve_risk_rating,compliance_audit,sub-operations-no-last,budget_exhausted,-29.473963576741333,-15.14835059803385,14.325612978707483
qwen3-8b,structural,structural:compliance_audit-risk_rating-03:sub-operations-first-only:after_first_success,compliance_audit-risk_rating-03,resolve_risk_rating,compliance_audit,sub-operations-first-only,unavailable,-37.41338872529236,-19.638392160526514,17.774996564765843
qwen3-8b,structural,structural:compliance_audit-risk_rating-03:sub-operations-no-first:pre_action,compliance_audit-risk_rating-03,resolve_risk_rating,compliance_audit,sub-operations-no-first,budget_exhausted,-19.23760961733244,-18.912210218917288,0.32539939841515064
qwen3-8b,structural,structural:compliance_audit-risk_rating-03:sub-operations-no-gold:pre_action,compliance_audit-risk_rating-03,resolve_risk_rating,compliance_audit,sub-operations-no-gold,unavailable,-19.23760961733244,-15.264476871493457,3.9731327458389814
qwen3-8b,structural,structural:compliance_audit-risk_rating-03:sub-operations-no-last:after_penultimate_success,compliance_audit-risk_rating-03,resolve_risk_rating,compliance_audit,sub-operations-no-last,budget_exhausted,-33.348814062547646,-16.09144046363638,17.257373598911265
qwen3-8b,structural,structural:compliance_audit-risk_rating-04:sub-operations-first-only:after_first_success,compliance_audit-risk_rating-04,resolve_risk_rating,compliance_audit,sub-operations-first-only,budget_exhausted,-34.97388927176816,-27.292756977887137,7.681132293881021
qwen3-8b,structural,structural:compliance_audit-risk_rating-04:sub-operations-no-first:pre_action,compliance_audit-risk_rating-04,resolve_risk_rating,compliance_audit,sub-operations-no-first,unavailable,-18.59673432179992,-15.21338019789826,3.383354123901661
qwen3-8b,structural,structural:compliance_audit-risk_rating-04:sub-operations-no-gold:pre_action,compliance_audit-risk_rating-04,resolve_risk_rating,compliance_audit,sub-operations-no-gold,unavailable,-18.59673432179992,-15.980088124798307,2.6166461970016144
qwen3-8b,structural,structural:compliance_audit-risk_rating-04:sub-operations-no-last:after_penultimate_success,compliance_audit-risk_rating-04,resolve_risk_rating,compliance_audit,sub-operations-no-last,budget_exhausted,-32.59974794983459,-14.751433812290806,17.84831413754378
qwen3-8b,structural,structural:compliance_audit-segregation_conflict-00:sub-operations-first-only:after_first_success,compliance_audit-segregation_conflict-00,resolve_segregation_conflict,compliance_audit,sub-operations-first-only,budget_exhausted,-27.552570250651584,-19.42044969062161,8.132120560029975
qwen3-8b,structural,structural:compliance_audit-segregation_conflict-00:sub-operations-no-first:pre_action,compliance_audit-segregation_conflict-00,resolve_segregation_conflict,compliance_audit,sub-operations-no-first,unavailable,-17.268309538636963,-15.191358324855706,2.076951213781257
qwen3-8b,structural,structural:compliance_audit-segregation_conflict-00:sub-operations-no-gold:pre_action,compliance_audit-segregation_conflict-00,resolve_segregation_conflict,compliance_audit,sub-operations-no-gold,unavailable,-17.268309538636963,-12.032652347631512,5.235657191005451
qwen3-8b,structural,structural:compliance_audit-segregation_conflict-00:sub-operations-no-last:after_penultimate_success,compliance_audit-segregation_conflict-00,resolve_segregation_conflict,compliance_audit,sub-operations-no-last,budget_exhausted,-21.69471947079318,-14.000023739573983,7.694695731219198
qwen3-8b,structural,structural:compliance_audit-segregation_conflict-01:sub-operations-first-only:after_first_success,compliance_audit-segregation_conflict-01,resolve_segregation_conflict,compliance_audit,sub-operations-first-only,budget_exhausted,-29.602853131425945,-27.031758984735,2.571094146690946
qwen3-8b,structural,structural:compliance_audit-segregation_conflict-01:sub-operations-no-first:pre_action,compliance_audit-segregation_conflict-01,resolve_segregation_conflict,compliance_audit,sub-operations-no-first,unavailable,-14.448434407506795,-13.895233139784935,0.5532012677218603
qwen3-8b,structural,structural:compliance_audit-segregation_conflict-01:sub-operations-no-gold:pre_action,compliance_audit-segregation_conflict-01,resolve_segregation_conflict,compliance_audit,sub-operations-no-gold,budget_exhausted,-14.448434407506795,-17.25196544196399,-2.803531034457194
qwen3-8b,structural,structural:compliance_audit-segregation_conflict-01:sub-operations-no-last:after_penultimate_success,compliance_audit-segregation_conflict-01,resolve_segregation_conflict,compliance_audit,sub-operations-no-last,budget_exhausted,-22.599306868215677,-12.625036908915959,9.974269959299718
qwen3-8b,structural,structural:compliance_audit-segregation_conflict-02:sub-operations-first-only:after_first_success,compliance_audit-segregation_conflict-02,resolve_segregation_conflict,compliance_audit,sub-operations-first-only,budget_exhausted,-26.10569804181071,-16.795933894831585,9.309764146979127
qwen3-8b,structural,structural:compliance_audit-segregation_conflict-02:sub-operations-no-first:pre_action,compliance_audit-segregation_conflict-02,resolve_segregation_conflict,compliance_audit,sub-operations-no-first,budget_exhausted,-12.373037677242507,-11.16250365576547,1.210534021477038
qwen3-8b,structural,structural:compliance_audit-segregation_conflict-02:sub-operations-no-gold:pre_action,compliance_audit-segregation_conflict-02,resolve_segregation_conflict,compliance_audit,sub-operations-no-gold,unavailable,-12.373037677242507,-16.939995817676433,-4.5669581404339255
qwen3-8b,structural,structural:compliance_audit-segregation_conflict-02:sub-operations-no-last:after_penultimate_success,compliance_audit-segregation_conflict-02,resolve_segregation_conflict,compliance_audit,sub-operations-no-last,budget_exhausted,-24.473111303343934,-15.250006131569819,9.223105171774115
qwen3-8b,structural,structural:compliance_audit-segregation_conflict-04:sub-operations-first-only:after_first_success,compliance_audit-segregation_conflict-04,resolve_segregation_conflict,compliance_audit,sub-operations-first-only,budget_exhausted,-27.349336124492744,-24.29275932748658,3.0565767970061657
qwen3-8b,structural,structural:compliance_audit-segregation_conflict-04:sub-operations-no-first:pre_action,compliance_audit-segregation_conflict-04,resolve_segregation_conflict,compliance_audit,sub-operations-no-first,budget_exhausted,-13.10401674435034,-11.289770745417314,1.8142459989330249
qwen3-8b,structural,structural:compliance_audit-segregation_conflict-04:sub-operations-no-gold:pre_action,compliance_audit-segregation_conflict-04,resolve_segregation_conflict,compliance_audit,sub-operations-no-gold,unavailable,-13.10401674435034,-11.0989081701726,2.00510857417774
qwen3-8b,structural,structural:compliance_audit-segregation_conflict-04:sub-operations-no-last:after_penultimate_success,compliance_audit-segregation_conflict-04,resolve_segregation_conflict,compliance_audit,sub-operations-no-last,budget_exhausted,-23.973905540743253,-14.875003384677903,9.09890215606535
qwen3-8b,structural,structural:contracts_documents-amendment_impact-00:sub-operations-first-only:after_first_success,contracts_documents-amendment_impact-00,resolve_amendment_impact,contracts_documents,sub-operations-first-only,budget_exhausted,-38.60290610689316,-31.47272623440707,7.130179872486089
qwen3-8b,structural,structural:contracts_documents-amendment_impact-00:sub-operations-no-first:pre_action,contracts_documents-amendment_impact-00,resolve_amendment_impact,contracts_documents,sub-operations-no-first,unavailable,-23.42307486831811,-22.134925457299694,1.2881494110184164
qwen3-8b,structural,structural:contracts_documents-amendment_impact-00:sub-operations-no-gold:pre_action,contracts_documents-amendment_impact-00,resolve_amendment_impact,contracts_documents,sub-operations-no-gold,budget_exhausted,-23.42307486831811,-15.58590612111336,7.83716874720475
qwen3-8b,structural,structural:contracts_documents-amendment_impact-00:sub-operations-no-last:after_penultimate_success,contracts_documents-amendment_impact-00,resolve_amendment_impact,contracts_documents,sub-operations-no-last,budget_exhausted,-38.348913133992106,-22.20456824342591,16.144344890566195
qwen3-8b,structural,structural:contracts_documents-amendment_impact-01:sub-operations-first-only:after_first_success,contracts_documents-amendment_impact-01,resolve_amendment_impact,contracts_documents,sub-operations-first-only,budget_exhausted,-28.888716961698357,-37.53543307460303,-8.64671611290467
qwen3-8b,structural,structural:contracts_documents-amendment_impact-01:sub-operations-no-first:pre_action,contracts_documents-amendment_impact-01,resolve_amendment_impact,contracts_documents,sub-operations-no-first,unavailable,-19.20410788122539,-19.0231212622811,0.18098661894428858
qwen3-8b,structural,structural:contracts_documents-amendment_impact-01:sub-operations-no-gold:pre_action,contracts_documents-amendment_impact-01,resolve_amendment_impact,contracts_documents,sub-operations-no-gold,unavailable,-19.20410788122539,-14.75792375872561,4.44618412249978
qwen3-8b,structural,structural:contracts_documents-amendment_impact-01:sub-operations-no-last:after_penultimate_success,contracts_documents-amendment_impact-01,resolve_amendment_impact,contracts_documents,sub-operations-no-last,unavailable,-34.601066152106775,-35.727388402097496,-1.1263222499907215
qwen3-8b,structural,structural:contracts_documents-amendment_impact-02:sub-operations-first-only:after_first_success,contracts_documents-amendment_impact-02,resolve_amendment_impact,contracts_documents,sub-operations-first-only,budget_exhausted,-30.984603022981624,-39.00143014341039,-8.016827120428765
qwen3-8b,structural,structural:contracts_documents-amendment_impact-02:sub-operations-no-first:pre_action,contracts_documents-amendment_impact-02,resolve_amendment_impact,contracts_documents,sub-operations-no-first,budget_exhausted,-18.266999803702568,-19.9216230571242,-1.654623253421633
qwen3-8b,structural,structural:contracts_documents-amendment_impact-02:sub-operations-no-gold:pre_action,contracts_documents-amendment_impact-02,resolve_amendment_impact,contracts_documents,sub-operations-no-gold,unavailable,-18.266999803702568,-21.051235428937886,-2.7842356252353184
qwen3-8b,structural,structural:contracts_documents-amendment_impact-02:sub-operations-no-last:after_penultimate_success,contracts_documents-amendment_impact-02,resolve_amendment_impact,contracts_documents,sub-operations-no-last,budget_exhausted,-37.60064231546412,-40.68415538793878,-3.083513072474659
qwen3-8b,structural,structural:contracts_documents-amendment_impact-03:sub-operations-first-only:after_first_success,contracts_documents-amendment_impact-03,resolve_amendment_impact,contracts_documents,sub-operations-first-only,budget_exhausted,-28.61832162660003,-35.00527862540153,-6.386956998801502
qwen3-8b,structural,structural:contracts_documents-amendment_impact-03:sub-operations-no-first:pre_action,contracts_documents-amendment_impact-03,resolve_amendment_impact,contracts_documents,sub-operations-no-first,unavailable,-20.412579849076366,-18.162649534603027,2.249930314473339
qwen3-8b,structural,structural:contracts_documents-amendment_impact-03:sub-operations-no-gold:pre_action,contracts_documents-amendment_impact-03,resolve_amendment_impact,contracts_documents,sub-operations-no-gold,unavailable,-20.412579849076366,-10.11255611621678,10.300023732859586
qwen3-8b,structural,structural:contracts_documents-amendment_impact-03:sub-operations-no-last:after_penultimate_success,contracts_documents-amendment_impact-03,resolve_amendment_impact,contracts_documents,sub-operations-no-last,budget_exhausted,-35.97408855535398,-20.40276392362813,15.571324631725851
qwen3-8b,structural,structural:contracts_documents-amendment_impact-04:sub-operations-first-only:after_first_success,contracts_documents-amendment_impact-04,resolve_amendment_impact,contracts_documents,sub-operations-first-only,budget_exhausted,-32.32841968656252,-41.12960545230082,-8.801185765738303
qwen3-8b,structural,structural:contracts_documents-amendment_impact-04:sub-operations-no-first:pre_action,contracts_documents-amendment_impact-04,resolve_amendment_impact,contracts_documents,sub-operations-no-first,unavailable,-26.430623349372652,-25.115782905765165,1.314840443607487
qwen3-8b,structural,structural:contracts_documents-amendment_impact-04:sub-operations-no-gold:pre_action,contracts_documents-amendment_impact-04,resolve_amendment_impact,contracts_documents,sub-operations-no-gold,budget_exhausted,-26.430623349372652,-25.68842260001989,0.7422007493527616
qwen3-8b,structural,structural:contracts_documents-amendment_impact-04:sub-operations-no-last:after_penultimate_success,contracts_documents-amendment_impact-04,resolve_amendment_impact,contracts_documents,sub-operations-no-last,budget_exhausted,-33.59895798023035,-38.9916237845689,-5.392665804338549
qwen3-8b,structural,structural:contracts_documents-citation_target-00:sub-operations-first-only:after_first_success,contracts_documents-citation_target-00,resolve_citation_target,contracts_documents,sub-operations-first-only,unavailable,-35.59882695487303,-16.05335100517879,19.545475949694243
qwen3-8b,structural,structural:contracts_documents-citation_target-00:sub-operations-no-first:pre_action,contracts_documents-citation_target-00,resolve_citation_target,contracts_documents,sub-operations-no-first,unavailable,-17.291999067671185,-17.061298214888716,0.2307008527824692
qwen3-8b,structural,structural:contracts_documents-citation_target-00:sub-operations-no-gold:pre_action,contracts_documents-citation_target-00,resolve_citation_target,contracts_documents,sub-operations-no-gold,budget_exhausted,-17.291999067671185,-19.957944968627125,-2.66594590095594
qwen3-8b,structural,structural:contracts_documents-citation_target-00:sub-operations-no-last:after_penultimate_success,contracts_documents-citation_target-00,resolve_citation_target,contracts_documents,sub-operations-no-last,budget_exhausted,-29.84886174707576,-13.500014559986745,16.348847187089014
qwen3-8b,structural,structural:contracts_documents-citation_target-01:sub-operations-first-only:after_first_success,contracts_documents-citation_target-01,resolve_citation_target,contracts_documents,sub-operations-first-only,unavailable,-34.10221046811842,-22.042960955736802,12.05924951238162
qwen3-8b,structural,structural:contracts_documents-citation_target-01:sub-operations-no-first:pre_action,contracts_documents-citation_target-01,resolve_citation_target,contracts_documents,sub-operations-no-first,unavailable,-19.36300651246451,-20.645424666213472,-1.2824181537489636
qwen3-8b,structural,structural:contracts_documents-citation_target-01:sub-operations-no-gold:pre_action,contracts_documents-citation_target-01,resolve_citation_target,contracts_documents,sub-operations-no-gold,unavailable,-19.36300651246451,-21.959585614122147,-2.596579101657639
qwen3-8b,structural,structural:contracts_documents-citation_target-01:sub-operations-no-last:after_penultimate_success,contracts_documents-citation_target-01,resolve_citation_target,contracts_documents,sub-operations-no-last,budget_exhausted,-29.598860678144476,-14.125019525395253,15.473841152749223
qwen3-8b,structural,structural:contracts_documents-citation_target-03:sub-operations-first-only:after_first_success,contracts_documents-citation_target-03,resolve_citation_target,contracts_documents,sub-operations-first-only,budget_exhausted,-32.851649518181304,-20.79952060783399,12.052128910347314
qwen3-8b,structural,structural:contracts_documents-citation_target-03:sub-operations-no-first:pre_action,contracts_documents-citation_target-03,resolve_citation_target,contracts_documents,sub-operations-no-first,unavailable,-19.852535653991218,-19.135608533948215,0.7169271200430032
qwen3-8b,structural,structural:contracts_documents-citation_target-03:sub-operations-no-gold:pre_action,contracts_documents-citation_target-03,resolve_citation_target,contracts_documents,sub-operations-no-gold,unavailable,-19.852535653991218,-23.246267717996325,-3.393732064005107
qwen3-8b,structural,structural:contracts_documents-citation_target-03:sub-operations-no-last:after_penultimate_success,contracts_documents-citation_target-03,resolve_citation_target,contracts_documents,sub-operations-no-last,budget_exhausted,-24.2238094587589,-14.500007176701573,9.723802282057328
qwen3-8b,structural,structural:contracts_documents-citation_target-04:sub-operations-first-only:after_first_success,contracts_documents-citation_target-04,resolve_citation_target,contracts_documents,sub-operations-first-only,budget_exhausted,-32.72736189794996,-14.117525442577382,18.60983645537258
qwen3-8b,structural,structural:contracts_documents-citation_target-04:sub-operations-no-first:pre_action,contracts_documents-citation_target-04,resolve_citation_target,contracts_documents,sub-operations-no-first,unavailable,-16.18425968109964,-20.153989238063303,-3.9697295569636637
qwen3-8b,structural,structural:contracts_documents-citation_target-04:sub-operations-no-gold:pre_action,contracts_documents-citation_target-04,resolve_citation_target,contracts_documents,sub-operations-no-gold,unavailable,-16.18425968109964,-24.722630619195556,-8.538370938095916
qwen3-8b,structural,structural:contracts_documents-citation_target-04:sub-operations-no-last:after_penultimate_success,contracts_documents-citation_target-04,resolve_citation_target,contracts_documents,sub-operations-no-last,budget_exhausted,-29.09883007381572,-15.000013796637937,14.098816277177782
qwen3-8b,structural,structural:contracts_documents-contract_deadline-00:sub-operations-first-only:after_first_success,contracts_documents-contract_deadline-00,resolve_contract_deadline,contracts_documents,sub-operations-first-only,unavailable,-29.85402307682473,-27.254619217057083,2.599403859767648
qwen3-8b,structural,structural:contracts_documents-contract_deadline-00:sub-operations-no-first:pre_action,contracts_documents-contract_deadline-00,resolve_contract_deadline,contracts_documents,sub-operations-no-first,unavailable,-20.898668425129934,-18.761563181962643,2.137105243167291
qwen3-8b,structural,structural:contracts_documents-contract_deadline-00:sub-operations-no-gold:pre_action,contracts_documents-contract_deadline-00,resolve_contract_deadline,contracts_documents,sub-operations-no-gold,unavailable,-20.898668425129934,-23.329440348007772,-2.430771922877838
qwen3-8b,structural,structural:contracts_documents-contract_deadline-00:sub-operations-no-last:after_penultimate_success,contracts_documents-contract_deadline-00,resolve_contract_deadline,contracts_documents,sub-operations-no-last,unavailable,-27.723815417675183,-33.49014283556136,-5.766327417886174
qwen3-8b,structural,structural:contracts_documents-contract_deadline-01:sub-operations-first-only:after_first_success,contracts_documents-contract_deadline-01,resolve_contract_deadline,contracts_documents,sub-operations-first-only,budget_exhausted,-29.100065970453528,-20.528903616809437,8.571162353644091
qwen3-8b,structural,structural:contracts_documents-contract_deadline-01:sub-operations-no-first:pre_action,contracts_documents-contract_deadline-01,resolve_contract_deadline,contracts_documents,sub-operations-no-first,unavailable,-15.54358279283533,-13.281930456114452,2.2616523367208785
qwen3-8b,structural,structural:contracts_documents-contract_deadline-01:sub-operations-no-gold:pre_action,contracts_documents-contract_deadline-01,resolve_contract_deadline,contracts_documents,sub-operations-no-gold,budget_exhausted,-15.54358279283533,-14.5174142292082,1.026168563627131
qwen3-8b,structural,structural:contracts_documents-contract_deadline-01:sub-operations-no-last:after_penultimate_success,contracts_documents-contract_deadline-01,resolve_contract_deadline,contracts_documents,sub-operations-no-last,unavailable,-22.473847688075118,-13.264472334500837,9.20937535357428
qwen3-8b,structural,structural:contracts_documents-contract_deadline-02:sub-operations-first-only:after_first_success,contracts_documents-contract_deadline-02,resolve_contract_deadline,contracts_documents,sub-operations-first-only,budget_exhausted,-31.850293267516875,-35.036649874989465,-3.1863566074725895
qwen3-8b,structural,structural:contracts_documents-contract_deadline-02:sub-operations-no-first:pre_action,contracts_documents-contract_deadline-02,resolve_contract_deadline,contracts_documents,sub-operations-no-first,unavailable,-19.477138846745362,-19.665162470144686,-0.18802362339932444
qwen3-8b,structural,structural:contracts_documents-contract_deadline-02:sub-operations-no-gold:pre_action,contracts_documents-contract_deadline-02,resolve_contract_deadline,contracts_documents,sub-operations-no-gold,budget_exhausted,-19.477138846745362,-18.024958889107978,1.4521799576373837
qwen3-8b,structural,structural:contracts_documents-contract_deadline-02:sub-operations-no-last:after_penultimate_success,contracts_documents-contract_deadline-02,resolve_contract_deadline,contracts_documents,sub-operations-no-last,budget_exhausted,-26.723811927157897,-22.38033942822733,4.343472498930566
qwen3-8b,structural,structural:contracts_documents-contract_deadline-03:sub-operations-first-only:after_first_success,contracts_documents-contract_deadline-03,resolve_contract_deadline,contracts_documents,sub-operations-first-only,budget_exhausted,-25.599792588846107,-20.592650527386766,5.007142061459341
qwen3-8b,structural,structural:contracts_documents-contract_deadline-03:sub-operations-no-first:pre_action,contracts_documents-contract_deadline-03,resolve_contract_deadline,contracts_documents,sub-operations-no-first,unavailable,-18.010123670430218,-17.52212629310349,0.4879973773267281
qwen3-8b,structural,structural:contracts_documents-contract_deadline-03:sub-operations-no-gold:pre_action,contracts_documents-contract_deadline-03,resolve_contract_deadline,contracts_documents,sub-operations-no-gold,unavailable,-18.010123670430218,-25.703827433275265,-7.693703762845047
qwen3-8b,structural,structural:contracts_documents-contract_deadline-03:sub-operations-no-last:after_penultimate_success,contracts_documents-contract_deadline-03,resolve_contract_deadline,contracts_documents,sub-operations-no-last,unavailable,-27.973833297267987,-10.900510803385465,17.07332249388252
qwen3-8b,structural,structural:contracts_documents-contract_deadline-04:sub-operations-first-only:after_first_success,contracts_documents-contract_deadline-04,resolve_contract_deadline,contracts_documents,sub-operations-first-only,unavailable,-29.098904961983465,-24.095873925445268,5.0030310365381965
qwen3-8b,structural,structural:contracts_documents-contract_deadline-04:sub-operations-no-first:pre_action,contracts_documents-contract_deadline-04,resolve_contract_deadline,contracts_documents,sub-operations-no-first,unavailable,-22.600174666150416,-20.008136617789248,2.592038048361168
qwen3-8b,structural,structural:contracts_documents-contract_deadline-04:sub-operations-no-gold:pre_action,contracts_documents-contract_deadline-04,resolve_contract_deadline,contracts_documents,sub-operations-no-gold,unavailable,-22.600174666150416,-24.664033176680405,-2.0638585105299896
qwen3-8b,structural,structural:contracts_documents-contract_deadline-04:sub-operations-no-last:after_penultimate_success,contracts_documents-contract_deadline-04,resolve_contract_deadline,contracts_documents,sub-operations-no-last,unavailable,-27.72384804567622,-32.099641561689516,-4.375793516013296
qwen3-8b,structural,structural:contracts_documents-document_access-00:sub-operations-first-only:after_first_success,contracts_documents-document_access-00,resolve_document_access,contracts_documents,sub-operations-first-only,budget_exhausted,-18.724398671679822,-13.55079085764622,5.173607814033602
qwen3-8b,structural,structural:contracts_documents-document_access-00:sub-operations-no-first:pre_action,contracts_documents-document_access-00,resolve_document_access,contracts_documents,sub-operations-no-first,unavailable,-13.42288249902041,-15.946980949251532,-2.524098450231122
qwen3-8b,structural,structural:contracts_documents-document_access-00:sub-operations-no-gold:pre_action,contracts_documents-document_access-00,resolve_document_access,contracts_documents,sub-operations-no-gold,unavailable,-13.42288249902041,-11.057500155238216,2.365382343782194
qwen3-8b,structural,structural:contracts_documents-document_access-00:sub-operations-no-last:after_penultimate_success,contracts_documents-document_access-00,resolve_document_access,contracts_documents,sub-operations-no-last,budget_exhausted,-18.3634463357265,-12.750565743119573,5.612880592606928
qwen3-8b,structural,structural:contracts_documents-document_access-02:sub-operations-first-only:after_first_success,contracts_documents-document_access-02,resolve_document_access,contracts_documents,sub-operations-first-only,budget_exhausted,-15.599487569641816,-12.500302430965583,3.0991851386762335
qwen3-8b,structural,structural:contracts_documents-document_access-02:sub-operations-no-first:pre_action,contracts_documents-document_access-02,resolve_document_access,contracts_documents,sub-operations-no-first,unavailable,-11.866771264919485,-11.295427213652388,0.5713440512670971
qwen3-8b,structural,structural:contracts_documents-document_access-02:sub-operations-no-gold:pre_action,contracts_documents-document_access-02,resolve_document_access,contracts_documents,sub-operations-no-gold,unavailable,-11.866771264919485,-21.08148035763029,-9.214709092710805
qwen3-8b,structural,structural:contracts_documents-document_access-02:sub-operations-no-last:after_penultimate_success,contracts_documents-document_access-02,resolve_document_access,contracts_documents,sub-operations-no-last,budget_exhausted,-17.243108610943104,-13.750002228973287,3.4931063819698167
qwen3-8b,structural,structural:contracts_documents-document_access-03:sub-operations-first-only:after_first_success,contracts_documents-document_access-03,resolve_document_access,contracts_documents,sub-operations-first-only,budget_exhausted,-19.099092785854488,-12.500388895035059,6.598703890819429
qwen3-8b,structural,structural:contracts_documents-document_access-03:sub-operations-no-first:pre_action,contracts_documents-document_access-03,resolve_document_access,contracts_documents,sub-operations-no-first,unavailable,-16.574178882389596,-14.930023016468049,1.6441558659215474
qwen3-8b,structural,structural:contracts_documents-document_access-03:sub-operations-no-gold:pre_action,contracts_documents-document_access-03,resolve_document_access,contracts_documents,sub-operations-no-gold,unavailable,-16.574178882389596,-19.554090613490935,-2.979911731101339
qwen3-8b,structural,structural:contracts_documents-document_access-03:sub-operations-no-last:after_penultimate_success,contracts_documents-document_access-03,resolve_document_access,contracts_documents,sub-operations-no-last,budget_exhausted,-16.973923409822063,-14.0699746013632,2.903948808458864
qwen3-8b,structural,structural:contracts_documents-document_access-04:sub-operations-first-only:after_first_success,contracts_documents-document_access-04,resolve_document_access,contracts_documents,sub-operations-first-only,unavailable,-27.173420095897924,-15.500040660798135,11.67337943509979
qwen3-8b,structural,structural:contracts_documents-document_access-04:sub-operations-no-first:pre_action,contracts_documents-document_access-04,resolve_document_access,contracts_documents,sub-operations-no-first,budget_exhausted,-15.632897621805682,-15.308485089822973,0.32441253198270914
qwen3-8b,structural,structural:contracts_documents-document_access-04:sub-operations-no-gold:pre_action,contracts_documents-document_access-04,resolve_document_access,contracts_documents,sub-operations-no-gold,unavailable,-15.632897621805682,-11.117261227311658,4.515636394494024
qwen3-8b,structural,structural:contracts_documents-document_access-04:sub-operations-no-last:after_penultimate_success,contracts_documents-document_access-04,resolve_document_access,contracts_documents,sub-operations-no-last,budget_exhausted,-22.099018498340214,-15.125010122220537,6.974008376119677
qwen3-8b,structural,structural:contracts_documents-effective_clause-00:sub-operations-first-only:after_first_success,contracts_documents-effective_clause-00,resolve_effective_clause,contracts_documents,sub-operations-first-only,budget_exhausted,-27.738515070994517,-27.04195260155118,0.6965624694433359
qwen3-8b,structural,structural:contracts_documents-effective_clause-00:sub-operations-no-first:pre_action,contracts_documents-effective_clause-00,resolve_effective_clause,contracts_documents,sub-operations-no-first,unavailable,-24.80399952410501,-19.952280876282934,4.851718647822075
qwen3-8b,structural,structural:contracts_documents-effective_clause-00:sub-operations-no-gold:pre_action,contracts_documents-effective_clause-00,resolve_effective_clause,contracts_documents,sub-operations-no-gold,unavailable,-24.80399952410501,-19.006645959814335,5.797353564290674
qwen3-8b,structural,structural:contracts_documents-effective_clause-00:sub-operations-no-last:after_penultimate_success,contracts_documents-effective_clause-00,resolve_effective_clause,contracts_documents,sub-operations-no-last,budget_exhausted,-35.348809602041754,-22.755989017596306,12.592820584445448
qwen3-8b,structural,structural:contracts_documents-effective_clause-01:sub-operations-first-only:after_first_success,contracts_documents-effective_clause-01,resolve_effective_clause,contracts_documents,sub-operations-first-only,budget_exhausted,-27.105533280502186,-38.7729420284697,-11.667408747967514
qwen3-8b,structural,structural:contracts_documents-effective_clause-01:sub-operations-no-first:pre_action,contracts_documents-effective_clause-01,resolve_effective_clause,contracts_documents,sub-operations-no-first,unavailable,-14.278927080341134,-19.39658962501359,-5.117662544672456
qwen3-8b,structural,structural:contracts_documents-effective_clause-01:sub-operations-no-gold:pre_action,contracts_documents-effective_clause-01,resolve_effective_clause,contracts_documents,sub-operations-no-gold,unavailable,-14.278927080341134,-18.1994163490592,-3.9204892687180646
qwen3-8b,structural,structural:contracts_documents-effective_clause-01:sub-operations-no-last:after_penultimate_success,contracts_documents-effective_clause-01,resolve_effective_clause,contracts_documents,sub-operations-no-last,unavailable,-40.97381203624978,-29.633751687251625,11.340060348998158
qwen3-8b,structural,structural:contracts_documents-effective_clause-02:sub-operations-first-only:after_first_success,contracts_documents-effective_clause-02,resolve_effective_clause,contracts_documents,sub-operations-first-only,budget_exhausted,-36.10029634872582,-34.30001856088592,1.800277787839903
qwen3-8b,structural,structural:contracts_documents-effective_clause-02:sub-operations-no-first:pre_action,contracts_documents-effective_clause-02,resolve_effective_clause,contracts_documents,sub-operations-no-first,budget_exhausted,-26.02424596619735,-21.26183200304392,4.762413963153428
qwen3-8b,structural,structural:contracts_documents-effective_clause-02:sub-operations-no-gold:pre_action,contracts_documents-effective_clause-02,resolve_effective_clause,contracts_documents,sub-operations-no-gold,unavailable,-26.02424596619735,-14.04669896897191,11.977546997225438
qwen3-8b,structural,structural:contracts_documents-effective_clause-02:sub-operations-no-last:after_penultimate_success,contracts_documents-effective_clause-02,resolve_effective_clause,contracts_documents,sub-operations-no-last,budget_exhausted,-40.34881394548567,-20.710868485665387,19.63794545982028
qwen3-8b,structural,structural:contracts_documents-effective_clause-03:sub-operations-first-only:after_first_success,contracts_documents-effective_clause-03,resolve_effective_clause,contracts_documents,sub-operations-first-only,budget_exhausted,-30.974983448678877,-33.66745735248267,-2.692473903803794
qwen3-8b,structural,structural:contracts_documents-effective_clause-03:sub-operations-no-first:pre_action,contracts_documents-effective_clause-03,resolve_effective_clause,contracts_documents,sub-operations-no-first,unavailable,-27.727054179471423,-20.63856901537722,7.088485164094202
qwen3-8b,structural,structural:contracts_documents-effective_clause-03:sub-operations-no-gold:pre_action,contracts_documents-effective_clause-03,resolve_effective_clause,contracts_documents,sub-operations-no-gold,unavailable,-27.727054179471423,-19.30576633547318,8.421287843998243
qwen3-8b,structural,structural:contracts_documents-effective_clause-03:sub-operations-no-last:after_penultimate_success,contracts_documents-effective_clause-03,resolve_effective_clause,contracts_documents,sub-operations-no-last,budget_exhausted,-35.8488116515724,-23.880867619203244,11.967944032369154
qwen3-8b,structural,structural:contracts_documents-effective_clause-04:sub-operations-first-only:after_first_success,contracts_documents-effective_clause-04,resolve_effective_clause,contracts_documents,sub-operations-first-only,unavailable,-31.72904206383732,-24.322669221558513,7.406372842278806
qwen3-8b,structural,structural:contracts_documents-effective_clause-04:sub-operations-no-first:pre_action,contracts_documents-effective_clause-04,resolve_effective_clause,contracts_documents,sub-operations-no-first,unavailable,-26.53406208760601,-23.92817342825031,2.605888659355699
qwen3-8b,structural,structural:contracts_documents-effective_clause-04:sub-operations-no-gold:pre_action,contracts_documents-effective_clause-04,resolve_effective_clause,contracts_documents,sub-operations-no-gold,unavailable,-26.53406208760601,-20.346004546714582,6.188057540891428
qwen3-8b,structural,structural:contracts_documents-effective_clause-04:sub-operations-no-last:after_penultimate_success,contracts_documents-effective_clause-04,resolve_effective_clause,contracts_documents,sub-operations-no-last,budget_exhausted,-41.59880488336943,-17.72831219656836,23.87049268680107
qwen3-8b,structural,structural:contracts_documents-latest_version-01:sub-operations-first-only:after_first_success,contracts_documents-latest_version-01,resolve_latest_version,contracts_documents,sub-operations-first-only,budget_exhausted,-31.238046742797195,-29.79226862899244,1.4457781138047565
qwen3-8b,structural,structural:contracts_documents-latest_version-01:sub-operations-no-first:pre_action,contracts_documents-latest_version-01,resolve_latest_version,contracts_documents,sub-operations-no-first,unavailable,-21.635680872403412,-17.053256060514705,4.582424811888707
qwen3-8b,structural,structural:contracts_documents-latest_version-01:sub-operations-no-gold:pre_action,contracts_documents-latest_version-01,resolve_latest_version,contracts_documents,sub-operations-no-gold,unavailable,-21.635680872403412,-28.744793252906106,-7.109112380502694
qwen3-8b,structural,structural:contracts_documents-latest_version-01:sub-operations-no-last:after_penultimate_success,contracts_documents-latest_version-01,resolve_latest_version,contracts_documents,sub-operations-no-last,budget_exhausted,-30.598827536062025,-14.154291224915163,16.444536311146862
qwen3-8b,structural,structural:contracts_documents-latest_version-02:sub-operations-first-only:after_first_success,contracts_documents-latest_version-02,resolve_latest_version,contracts_documents,sub-operations-first-only,budget_exhausted,-27.354060376379785,-38.16782731883732,-10.813766942457534
qwen3-8b,structural,structural:contracts_documents-latest_version-02:sub-operations-no-first:pre_action,contracts_documents-latest_version-02,resolve_latest_version,contracts_documents,sub-operations-no-first,unavailable,-19.538192900182658,-19.591438211009944,-0.05324531082728612
qwen3-8b,structural,structural:contracts_documents-latest_version-02:sub-operations-no-gold:pre_action,contracts_documents-latest_version-02,resolve_latest_version,contracts_documents,sub-operations-no-gold,unavailable,-19.538192900182658,-31.01669806709034,-11.47850516690768
qwen3-8b,structural,structural:contracts_documents-latest_version-02:sub-operations-no-last:after_penultimate_success,contracts_documents-latest_version-02,resolve_latest_version,contracts_documents,sub-operations-no-last,budget_exhausted,-16.85489781424831,-15.375079242339247,1.479818571909064
qwen3-8b,structural,structural:contracts_documents-latest_version-03:sub-operations-first-only:after_first_success,contracts_documents-latest_version-03,resolve_latest_version,contracts_documents,sub-operations-first-only,budget_exhausted,-25.982568029960056,-26.480509484870822,-0.4979414549107659
qwen3-8b,structural,structural:contracts_documents-latest_version-03:sub-operations-no-first:pre_action,contracts_documents-latest_version-03,resolve_latest_version,contracts_documents,sub-operations-no-first,budget_exhausted,-22.742962511335854,-20.414098952029498,2.328863559306356
qwen3-8b,structural,structural:contracts_documents-latest_version-03:sub-operations-no-gold:pre_action,contracts_documents-latest_version-03,resolve_latest_version,contracts_documents,sub-operations-no-gold,unavailable,-22.742962511335854,-24.459617822103958,-1.716655310768104
qwen3-8b,structural,structural:contracts_documents-latest_version-03:sub-operations-no-last:after_penultimate_success,contracts_documents-latest_version-03,resolve_latest_version,contracts_documents,sub-operations-no-last,budget_exhausted,-24.98242740913892,-14.647754962595336,10.334672446543586
qwen3-8b,structural,structural:contracts_documents-latest_version-04:sub-operations-first-only:after_first_success,contracts_documents-latest_version-04,resolve_latest_version,contracts_documents,sub-operations-first-only,budget_exhausted,-29.848889488603163,-30.274416788161382,-0.4255272995582189
qwen3-8b,structural,structural:contracts_documents-latest_version-04:sub-operations-no-first:pre_action,contracts_documents-latest_version-04,resolve_latest_version,contracts_documents,sub-operations-no-first,unavailable,-20.941974112649902,-19.06099013092564,1.8809839817242633
qwen3-8b,structural,structural:contracts_documents-latest_version-04:sub-operations-no-gold:pre_action,contracts_documents-latest_version-04,resolve_latest_version,contracts_documents,sub-operations-no-gold,unavailable,-20.941974112649902,-23.18799379749401,-2.246019684844107
qwen3-8b,structural,structural:contracts_documents-latest_version-04:sub-operations-no-last:after_penultimate_success,contracts_documents-latest_version-04,resolve_latest_version,contracts_documents,sub-operations-no-last,budget_exhausted,-25.973876143716787,-15.625572002947528,10.348304140769258
qwen3-8b,structural,structural:contracts_documents-obligation_owner-00:sub-operations-first-only:after_first_success,contracts_documents-obligation_owner-00,resolve_obligation_owner,contracts_documents,sub-operations-first-only,unavailable,-28.410832249343386,-18.296051691839395,10.114780557503991
qwen3-8b,structural,structural:contracts_documents-obligation_owner-00:sub-operations-no-first:pre_action,contracts_documents-obligation_owner-00,resolve_obligation_owner,contracts_documents,sub-operations-no-first,unavailable,-19.05178921949942,-14.33565607998397,4.716133139515449
qwen3-8b,structural,structural:contracts_documents-obligation_owner-00:sub-operations-no-gold:pre_action,contracts_documents-obligation_owner-00,resolve_obligation_owner,contracts_documents,sub-operations-no-gold,unavailable,-19.05178921949942,-20.693527761240226,-1.641738541740807
qwen3-8b,structural,structural:contracts_documents-obligation_owner-00:sub-operations-no-last:after_penultimate_success,contracts_documents-obligation_owner-00,resolve_obligation_owner,contracts_documents,sub-operations-no-last,budget_exhausted,-30.348897992110494,-14.25712661427577,16.091771377834725
qwen3-8b,structural,structural:contracts_documents-obligation_owner-01:sub-operations-first-only:after_first_success,contracts_documents-obligation_owner-01,resolve_obligation_owner,contracts_documents,sub-operations-first-only,unavailable,-29.897705368498173,-21.167840391737855,8.729864976760318
qwen3-8b,structural,structural:contracts_documents-obligation_owner-01:sub-operations-no-first:pre_action,contracts_documents-obligation_owner-01,resolve_obligation_owner,contracts_documents,sub-operations-no-first,unavailable,-21.010074935933446,-15.154866014160902,5.855208921772544
qwen3-8b,structural,structural:contracts_documents-obligation_owner-01:sub-operations-no-gold:pre_action,contracts_documents-obligation_owner-01,resolve_obligation_owner,contracts_documents,sub-operations-no-gold,unavailable,-21.010074935933446,-23.0818557200478,-2.0717807841143525
qwen3-8b,structural,structural:contracts_documents-obligation_owner-01:sub-operations-no-last:after_penultimate_success,contracts_documents-obligation_owner-01,resolve_obligation_owner,contracts_documents,sub-operations-no-last,budget_exhausted,-23.973926073391965,-12.875220327894688,11.098705745497277
qwen3-8b,structural,structural:contracts_documents-obligation_owner-02:sub-operations-first-only:after_first_success,contracts_documents-obligation_owner-02,resolve_obligation_owner,contracts_documents,sub-operations-first-only,budget_exhausted,-26.591755937857016,-21.918055937119092,4.673700000737924
qwen3-8b,structural,structural:contracts_documents-obligation_owner-02:sub-operations-no-first:pre_action,contracts_documents-obligation_owner-02,resolve_obligation_owner,contracts_documents,sub-operations-no-first,unavailable,-20.08407089726944,-17.19480804449509,2.889262852774351
qwen3-8b,structural,structural:contracts_documents-obligation_owner-02:sub-operations-no-gold:pre_action,contracts_documents-obligation_owner-02,resolve_obligation_owner,contracts_documents,sub-operations-no-gold,unavailable,-20.08407089726944,-21.972445067746825,-1.888374170477384
qwen3-8b,structural,structural:contracts_documents-obligation_owner-02:sub-operations-no-last:after_penultimate_success,contracts_documents-obligation_owner-02,resolve_obligation_owner,contracts_documents,sub-operations-no-last,budget_exhausted,-28.84884768708649,-14.375429089368431,14.473418597718059
qwen3-8b,structural,structural:contracts_documents-obligation_owner-04:sub-operations-first-only:after_first_success,contracts_documents-obligation_owner-04,resolve_obligation_owner,contracts_documents,sub-operations-first-only,unavailable,-30.23145093538703,-14.039210654285945,16.192240281101085
qwen3-8b,structural,structural:contracts_documents-obligation_owner-04:sub-operations-no-first:pre_action,contracts_documents-obligation_owner-04,resolve_obligation_owner,contracts_documents,sub-operations-no-first,unavailable,-21.304952014673184,-12.141391413890538,9.163560600782645
qwen3-8b,structural,structural:contracts_documents-obligation_owner-04:sub-operations-no-gold:pre_action,contracts_documents-obligation_owner-04,resolve_obligation_owner,contracts_documents,sub-operations-no-gold,unavailable,-21.304952014673184,-23.792007351676205,-2.487055337003021
qwen3-8b,structural,structural:contracts_documents-obligation_owner-04:sub-operations-no-last:after_penultimate_success,contracts_documents-obligation_owner-04,resolve_obligation_owner,contracts_documents,sub-operations-no-last,budget_exhausted,-30.598848038083148,-14.250028854413948,16.3488191836692
qwen3-8b,structural,structural:contracts_documents-retention_class-00:sub-operations-first-only:after_first_success,contracts_documents-retention_class-00,resolve_retention_class,contracts_documents,sub-operations-first-only,budget_exhausted,-28.372459005649254,-21.667820218037377,6.704638787611877
qwen3-8b,structural,structural:contracts_documents-retention_class-00:sub-operations-no-first:pre_action,contracts_documents-retention_class-00,resolve_retention_class,contracts_documents,sub-operations-no-first,unavailable,-17.32637897361866,-14.462673043726653,2.8637059298920065
qwen3-8b,structural,structural:contracts_documents-retention_class-00:sub-operations-no-gold:pre_action,contracts_documents-retention_class-00,resolve_retention_class,contracts_documents,sub-operations-no-gold,unavailable,-17.32637897361866,-17.377494840227982,-0.051115866609322325
qwen3-8b,structural,structural:contracts_documents-retention_class-00:sub-operations-no-last:after_penultimate_success,contracts_documents-retention_class-00,resolve_retention_class,contracts_documents,sub-operations-no-last,budget_exhausted,-26.724982320585255,-26.33544327429056,0.3895390462946935
qwen3-8b,structural,structural:contracts_documents-retention_class-01:sub-operations-first-only:after_first_success,contracts_documents-retention_class-01,resolve_retention_class,contracts_documents,sub-operations-first-only,unavailable,-30.973845933587832,-13.378402375407624,17.595443558180207
qwen3-8b,structural,structural:contracts_documents-retention_class-01:sub-operations-no-first:pre_action,contracts_documents-retention_class-01,resolve_retention_class,contracts_documents,sub-operations-no-first,unavailable,-17.39749279621106,-13.508532515452877,3.888960280758184
qwen3-8b,structural,structural:contracts_documents-retention_class-01:sub-operations-no-gold:pre_action,contracts_documents-retention_class-01,resolve_retention_class,contracts_documents,sub-operations-no-gold,unavailable,-17.39749279621106,-16.189298318050547,1.2081944781605145
qwen3-8b,structural,structural:contracts_documents-retention_class-01:sub-operations-no-last:after_penultimate_success,contracts_documents-retention_class-01,resolve_retention_class,contracts_documents,sub-operations-no-last,budget_exhausted,-22.473835899004428,-13.125223600809477,9.34861229819495
qwen3-8b,structural,structural:contracts_documents-retention_class-02:sub-operations-first-only:after_first_success,contracts_documents-retention_class-02,resolve_retention_class,contracts_documents,sub-operations-first-only,unavailable,-30.600539772286865,-13.129979446847777,17.470560325439088
qwen3-8b,structural,structural:contracts_documents-retention_class-02:sub-operations-no-first:pre_action,contracts_documents-retention_class-02,resolve_retention_class,contracts_documents,sub-operations-no-first,budget_exhausted,-20.20685086454047,-17.902040002847414,2.3048108616930563
qwen3-8b,structural,structural:contracts_documents-retention_class-02:sub-operations-no-gold:pre_action,contracts_documents-retention_class-02,resolve_retention_class,contracts_documents,sub-operations-no-gold,unavailable,-20.20685086454047,-23.456210682211328,-3.2493598176708574
qwen3-8b,structural,structural:contracts_documents-retention_class-02:sub-operations-no-last:after_penultimate_success,contracts_documents-retention_class-02,resolve_retention_class,contracts_documents,sub-operations-no-last,budget_exhausted,-24.34883619638274,-12.879531075371474,11.469305121011267
qwen3-8b,structural,structural:contracts_documents-retention_class-03:sub-operations-first-only:after_first_success,contracts_documents-retention_class-03,resolve_retention_class,contracts_documents,sub-operations-first-only,budget_exhausted,-19.974170094217428,-13.000331171615507,6.973838922601921
qwen3-8b,structural,structural:contracts_documents-retention_class-03:sub-operations-no-first:pre_action,contracts_documents-retention_class-03,resolve_retention_class,contracts_documents,sub-operations-no-first,unavailable,-13.931190060230307,-14.963879032783176,-1.0326889725528687
qwen3-8b,structural,structural:contracts_documents-retention_class-03:sub-operations-no-gold:pre_action,contracts_documents-retention_class-03,resolve_retention_class,contracts_documents,sub-operations-no-gold,unavailable,-13.931190060230307,-17.025257584835558,-3.0940675246052507
qwen3-8b,structural,structural:contracts_documents-retention_class-03:sub-operations-no-last:after_penultimate_success,contracts_documents-retention_class-03,resolve_retention_class,contracts_documents,sub-operations-no-last,budget_exhausted,-21.723826479594237,-12.250532055124538,9.4732944244697
qwen3-8b,structural,structural:contracts_documents-retention_class-04:sub-operations-first-only:after_first_success,contracts_documents-retention_class-04,resolve_retention_class,contracts_documents,sub-operations-first-only,budget_exhausted,-27.1010243158222,-13.625204590241765,13.475819725580436
qwen3-8b,structural,structural:contracts_documents-retention_class-04:sub-operations-no-first:pre_action,contracts_documents-retention_class-04,resolve_retention_class,contracts_documents,sub-operations-no-first,unavailable,-19.617637897549855,-15.1370356012429,4.480602296306955
qwen3-8b,structural,structural:contracts_documents-retention_class-04:sub-operations-no-gold:pre_action,contracts_documents-retention_class-04,resolve_retention_class,contracts_documents,sub-operations-no-gold,unavailable,-19.617637897549855,-18.120202096072617,1.4974358014772378
qwen3-8b,structural,structural:contracts_documents-retention_class-04:sub-operations-no-last:after_penultimate_success,contracts_documents-retention_class-04,resolve_retention_class,contracts_documents,sub-operations-no-last,budget_exhausted,-22.223811272448494,-13.394916438082255,8.828894834366238
qwen3-8b,structural,structural:contracts_documents-section_summary-00:sub-operations-first-only:after_first_success,contracts_documents-section_summary-00,resolve_section_summary,contracts_documents,sub-operations-first-only,budget_exhausted,-38.22395246865001,-15.25190036747128,22.972052101178733
qwen3-8b,structural,structural:contracts_documents-section_summary-00:sub-operations-no-first:pre_action,contracts_documents-section_summary-00,resolve_section_summary,contracts_documents,sub-operations-no-first,unavailable,-26.16375504376512,-19.269926933662433,6.893828110102689
qwen3-8b,structural,structural:contracts_documents-section_summary-00:sub-operations-no-gold:pre_action,contracts_documents-section_summary-00,resolve_section_summary,contracts_documents,sub-operations-no-gold,unavailable,-26.16375504376512,-26.468233094344548,-0.30447805057942645
qwen3-8b,structural,structural:contracts_documents-section_summary-00:sub-operations-no-last:after_penultimate_success,contracts_documents-section_summary-00,resolve_section_summary,contracts_documents,sub-operations-no-last,budget_exhausted,-20.099371510986963,-15.875008650922666,4.224362860064296
qwen3-8b,structural,structural:contracts_documents-section_summary-01:sub-operations-first-only:after_first_success,contracts_documents-section_summary-01,resolve_section_summary,contracts_documents,sub-operations-first-only,unavailable,-37.34901283815104,-14.125519978444188,23.22349285970685
qwen3-8b,structural,structural:contracts_documents-section_summary-01:sub-operations-no-first:pre_action,contracts_documents-section_summary-01,resolve_section_summary,contracts_documents,sub-operations-no-first,unavailable,-26.386854507357143,-23.304281840872733,3.0825726664844098
qwen3-8b,structural,structural:contracts_documents-section_summary-01:sub-operations-no-gold:pre_action,contracts_documents-section_summary-01,resolve_section_summary,contracts_documents,sub-operations-no-gold,unavailable,-26.386854507357143,-29.809715528280975,-3.4228610209238326
qwen3-8b,structural,structural:contracts_documents-section_summary-01:sub-operations-no-last:after_penultimate_success,contracts_documents-section_summary-01,resolve_section_summary,contracts_documents,sub-operations-no-last,budget_exhausted,-22.473819557496448,-16.250004637689827,6.223814919806621
qwen3-8b,structural,structural:contracts_documents-section_summary-02:sub-operations-first-only:after_first_success,contracts_documents-section_summary-02,resolve_section_summary,contracts_documents,sub-operations-first-only,budget_exhausted,-36.849116981913994,-15.082387513365255,21.76672946854874
qwen3-8b,structural,structural:contracts_documents-section_summary-02:sub-operations-no-first:pre_action,contracts_documents-section_summary-02,resolve_section_summary,contracts_documents,sub-operations-no-first,unavailable,-25.732220541695604,-22.776909675347653,2.9553108663479506
qwen3-8b,structural,structural:contracts_documents-section_summary-02:sub-operations-no-gold:pre_action,contracts_documents-section_summary-02,resolve_section_summary,contracts_documents,sub-operations-no-gold,unavailable,-25.732220541695604,-28.41390568205008,-2.6816851403544746
qwen3-8b,structural,structural:contracts_documents-section_summary-02:sub-operations-no-last:after_penultimate_success,contracts_documents-section_summary-02,resolve_section_summary,contracts_documents,sub-operations-no-last,budget_exhausted,-21.84884840264612,-16.875001916267557,4.973846486378562
qwen3-8b,structural,structural:contracts_documents-section_summary-03:sub-operations-first-only:after_first_success,contracts_documents-section_summary-03,resolve_section_summary,contracts_documents,sub-operations-first-only,budget_exhausted,-37.09899694811377,-14.375320283978766,22.723676664135006
qwen3-8b,structural,structural:contracts_documents-section_summary-03:sub-operations-no-first:pre_action,contracts_documents-section_summary-03,resolve_section_summary,contracts_documents,sub-operations-no-first,unavailable,-24.477214159047378,-18.713400788379026,5.763813370668352
qwen3-8b,structural,structural:contracts_documents-section_summary-03:sub-operations-no-gold:pre_action,contracts_documents-section_summary-03,resolve_section_summary,contracts_documents,sub-operations-no-gold,unavailable,-24.477214159047378,-25.7689755962342,-1.2917614371868211
qwen3-8b,structural,structural:contracts_documents-section_summary-03:sub-operations-no-last:after_penultimate_success,contracts_documents-section_summary-03,resolve_section_summary,contracts_documents,sub-operations-no-last,budget_exhausted,-24.098809893935197,-15.875016592057335,8.223793301877862
qwen3-8b,structural,structural:contracts_documents-section_summary-04:sub-operations-first-only:after_first_success,contracts_documents-section_summary-04,resolve_section_summary,contracts_documents,sub-operations-first-only,budget_exhausted,-39.098892232142305,-14.7503925167861,24.348499715356205
qwen3-8b,structural,structural:contracts_documents-section_summary-04:sub-operations-no-first:pre_action,contracts_documents-section_summary-04,resolve_section_summary,contracts_documents,sub-operations-no-first,unavailable,-22.245327503848017,-20.969479159189405,1.2758483446586126
qwen3-8b,structural,structural:contracts_documents-section_summary-04:sub-operations-no-gold:pre_action,contracts_documents-section_summary-04,resolve_section_summary,contracts_documents,sub-operations-no-gold,unavailable,-22.245327503848017,-27.21623339266727,-4.970905888819253
qwen3-8b,structural,structural:contracts_documents-section_summary-04:sub-operations-no-last:after_penultimate_success,contracts_documents-section_summary-04,resolve_section_summary,contracts_documents,sub-operations-no-last,budget_exhausted,-23.098863918462847,-16.875035869794644,6.223828048668203
qwen3-8b,structural,structural:contracts_documents-signature_status-00:sub-operations-first-only:after_first_success,contracts_documents-signature_status-00,resolve_signature_status,contracts_documents,sub-operations-first-only,budget_exhausted,-23.45059970550743,-11.711372890003197,11.739226815504232
qwen3-8b,structural,structural:contracts_documents-signature_status-00:sub-operations-no-first:pre_action,contracts_documents-signature_status-00,resolve_signature_status,contracts_documents,sub-operations-no-first,unavailable,-15.793372441385543,-12.849888581354527,2.943483860031016
qwen3-8b,structural,structural:contracts_documents-signature_status-00:sub-operations-no-gold:pre_action,contracts_documents-signature_status-00,resolve_signature_status,contracts_documents,sub-operations-no-gold,unavailable,-15.793372441385543,-16.38061012738973,-0.5872376860041868
qwen3-8b,structural,structural:contracts_documents-signature_status-00:sub-operations-no-last:after_penultimate_success,contracts_documents-signature_status-00,resolve_signature_status,contracts_documents,sub-operations-no-last,budget_exhausted,-23.97389345039646,-15.00000491521898,8.97388853517748
qwen3-8b,structural,structural:contracts_documents-signature_status-01:sub-operations-first-only:after_first_success,contracts_documents-signature_status-01,resolve_signature_status,contracts_documents,sub-operations-first-only,unavailable,-22.475828758479686,-12.000872407792613,10.474956350687073
qwen3-8b,structural,structural:contracts_documents-signature_status-01:sub-operations-no-first:pre_action,contracts_documents-signature_status-01,resolve_signature_status,contracts_documents,sub-operations-no-first,unavailable,-15.423492730667995,-12.029548751665793,3.393943979002202
qwen3-8b,structural,structural:contracts_documents-signature_status-01:sub-operations-no-gold:pre_action,contracts_documents-signature_status-01,resolve_signature_status,contracts_documents,sub-operations-no-gold,unavailable,-15.423492730667995,-18.829884892781706,-3.406392162113711
qwen3-8b,structural,structural:contracts_documents-signature_status-01:sub-operations-no-last:after_penultimate_success,contracts_documents-signature_status-01,resolve_signature_status,contracts_documents,sub-operations-no-last,budget_exhausted,-17.60079289087023,-14.750002820929211,2.85079006994102
qwen3-8b,structural,structural:contracts_documents-signature_status-03:sub-operations-first-only:after_first_success,contracts_documents-signature_status-03,resolve_signature_status,contracts_documents,sub-operations-first-only,budget_exhausted,-20.352100247665184,-15.538318609050407,4.813781638614778
qwen3-8b,structural,structural:contracts_documents-signature_status-03:sub-operations-no-first:pre_action,contracts_documents-signature_status-03,resolve_signature_status,contracts_documents,sub-operations-no-first,unavailable,-15.186826884935826,-16.090242799048383,-0.9034159141125571
qwen3-8b,structural,structural:contracts_documents-signature_status-03:sub-operations-no-gold:pre_action,contracts_documents-signature_status-03,resolve_signature_status,contracts_documents,sub-operations-no-gold,unavailable,-15.186826884935826,-18.116845410702368,-2.930018525766542
qwen3-8b,structural,structural:contracts_documents-signature_status-03:sub-operations-no-last:after_penultimate_success,contracts_documents-signature_status-03,resolve_signature_status,contracts_documents,sub-operations-no-last,budget_exhausted,-13.59777827174019,-15.625004612613893,-2.0272263408737032
qwen3-8b,structural,structural:contracts_documents-signature_status-04:sub-operations-first-only:after_first_success,contracts_documents-signature_status-04,resolve_signature_status,contracts_documents,sub-operations-first-only,budget_exhausted,-22.72789615279038,-13.661938235929789,9.06595791686059
qwen3-8b,structural,structural:contracts_documents-signature_status-04:sub-operations-no-first:pre_action,contracts_documents-signature_status-04,resolve_signature_status,contracts_documents,sub-operations-no-first,unavailable,-16.578247774471905,-14.364212226891247,2.2140355475806572
qwen3-8b,structural,structural:contracts_documents-signature_status-04:sub-operations-no-gold:pre_action,contracts_documents-signature_status-04,resolve_signature_status,contracts_documents,sub-operations-no-gold,budget_exhausted,-16.578247774471905,-19.894469323942005,-3.3162215494701
qwen3-8b,structural,structural:contracts_documents-signature_status-04:sub-operations-no-last:after_penultimate_success,contracts_documents-signature_status-04,resolve_signature_status,contracts_documents,sub-operations-no-last,budget_exhausted,-22.223869961332873,-15.000006455076083,7.223863506256791
qwen3-8b,structural,structural:customer_support-case_closure-03:sub-operations-first-only:after_first_success,customer_support-case_closure-03,resolve_case_closure,customer_support,sub-operations-first-only,unavailable,-26.598831827385077,-13.625108561152672,12.973723266232405
qwen3-8b,structural,structural:customer_support-case_closure-03:sub-operations-no-first:pre_action,customer_support-case_closure-03,resolve_case_closure,customer_support,sub-operations-no-first,unavailable,-21.195927169965103,-16.488986668128327,4.706940501836776
qwen3-8b,structural,structural:customer_support-case_closure-03:sub-operations-no-gold:pre_action,customer_support-case_closure-03,resolve_case_closure,customer_support,sub-operations-no-gold,unavailable,-21.195927169965103,-2.895983103265941,18.29994406669916
qwen3-8b,structural,structural:customer_support-case_closure-03:sub-operations-no-last:after_penultimate_success,customer_support-case_closure-03,resolve_case_closure,customer_support,sub-operations-no-last,unavailable,-18.604166376426875,-15.125017591877175,3.4791487845497002
qwen3-8b,structural,structural:customer_support-case_closure-04:sub-operations-first-only:after_first_success,customer_support-case_closure-04,resolve_case_closure,customer_support,sub-operations-first-only,unavailable,-15.729718877020886,-14.125108809035595,1.6046100679852913
qwen3-8b,structural,structural:customer_support-case_closure-04:sub-operations-no-first:pre_action,customer_support-case_closure-04,resolve_case_closure,customer_support,sub-operations-no-first,unavailable,-22.80648589756096,-16.62179776070846,6.1846881368525
qwen3-8b,structural,structural:customer_support-case_closure-04:sub-operations-no-gold:pre_action,customer_support-case_closure-04,resolve_case_closure,customer_support,sub-operations-no-gold,budget_exhausted,-22.80648589756096,-7.742369044638046,15.064116852922915
qwen3-8b,structural,structural:customer_support-case_closure-04:sub-operations-no-last:after_penultimate_success,customer_support-case_closure-04,resolve_case_closure,customer_support,sub-operations-no-last,budget_exhausted,-17.73382359190095,-14.62501629960422,3.1088072922967314
qwen3-8b,structural,structural:customer_support-case_owner-02:sub-operations-first-only:after_first_success,customer_support-case_owner-02,resolve_case_owner,customer_support,sub-operations-first-only,budget_exhausted,-39.3492979553882,-24.167651106932894,15.181646848455308
qwen3-8b,structural,structural:customer_support-case_owner-02:sub-operations-no-first:pre_action,customer_support-case_owner-02,resolve_case_owner,customer_support,sub-operations-no-first,unavailable,-19.219894456113074,-21.273142315585247,-2.0532478594721724
qwen3-8b,structural,structural:customer_support-case_owner-02:sub-operations-no-gold:pre_action,customer_support-case_owner-02,resolve_case_owner,customer_support,sub-operations-no-gold,unavailable,-19.219894456113074,-17.00241972735256,2.2174747287605143
qwen3-8b,structural,structural:customer_support-case_owner-02:sub-operations-no-last:after_penultimate_success,customer_support-case_owner-02,resolve_case_owner,customer_support,sub-operations-no-last,budget_exhausted,-34.09900765832008,-23.185589945403095,10.913417712916988
qwen3-8b,structural,structural:customer_support-case_owner-03:sub-operations-first-only:after_first_success,customer_support-case_owner-03,resolve_case_owner,customer_support,sub-operations-first-only,unavailable,-38.2244006994832,-12.878813969832414,25.345586729650783
qwen3-8b,structural,structural:customer_support-case_owner-03:sub-operations-no-first:pre_action,customer_support-case_owner-03,resolve_case_owner,customer_support,sub-operations-no-first,unavailable,-20.190789207800343,-21.015561475893165,-0.824772268092822
qwen3-8b,structural,structural:customer_support-case_owner-03:sub-operations-no-gold:pre_action,customer_support-case_owner-03,resolve_case_owner,customer_support,sub-operations-no-gold,budget_exhausted,-20.190789207800343,-18.95417938085346,1.2366098269468822
qwen3-8b,structural,structural:customer_support-case_owner-03:sub-operations-no-last:after_penultimate_success,customer_support-case_owner-03,resolve_case_owner,customer_support,sub-operations-no-last,budget_exhausted,-33.84892588113963,-24.175138810070415,9.673787071069214
qwen3-8b,structural,structural:customer_support-case_priority-00:sub-operations-first-only:after_first_success,customer_support-case_priority-00,resolve_case_priority,customer_support,sub-operations-first-only,budget_exhausted,-33.47382972359341,-25.54253731330408,7.9312924102893305
qwen3-8b,structural,structural:customer_support-case_priority-00:sub-operations-no-first:pre_action,customer_support-case_priority-00,resolve_case_priority,customer_support,sub-operations-no-first,unavailable,-20.993204639757117,-21.79178232302735,-0.7985776832702314
qwen3-8b,structural,structural:customer_support-case_priority-00:sub-operations-no-gold:pre_action,customer_support-case_priority-00,resolve_case_priority,customer_support,sub-operations-no-gold,budget_exhausted,-20.993204639757117,-21.42962477266385,-0.43642013290673276
qwen3-8b,structural,structural:customer_support-case_priority-00:sub-operations-no-last:after_penultimate_success,customer_support-case_priority-00,resolve_case_priority,customer_support,sub-operations-no-last,budget_exhausted,-29.848841276832076,-16.737497410035495,13.111343866796581
qwen3-8b,structural,structural:customer_support-case_priority-02:sub-operations-first-only:after_first_success,customer_support-case_priority-02,resolve_case_priority,customer_support,sub-operations-first-only,budget_exhausted,-38.5990339995709,-27.840753658294375,10.758280341276524
qwen3-8b,structural,structural:customer_support-case_priority-02:sub-operations-no-first:pre_action,customer_support-case_priority-02,resolve_case_priority,customer_support,sub-operations-no-first,unavailable,-21.304813018491515,-21.599243207508508,-0.29443018901699247
qwen3-8b,structural,structural:customer_support-case_priority-02:sub-operations-no-gold:pre_action,customer_support-case_priority-02,resolve_case_priority,customer_support,sub-operations-no-gold,unavailable,-21.304813018491515,-19.955341814413792,1.349471204077723
qwen3-8b,structural,structural:customer_support-case_priority-02:sub-operations-no-last:after_penultimate_success,customer_support-case_priority-02,resolve_case_priority,customer_support,sub-operations-no-last,unavailable,-28.098802817081875,-14.307492804073597,13.791310013008278
qwen3-8b,structural,structural:customer_support-case_priority-03:sub-operations-first-only:after_first_success,customer_support-case_priority-03,resolve_case_priority,customer_support,sub-operations-first-only,budget_exhausted,-38.974358104688896,-20.54283941973391,18.431518684954987
qwen3-8b,structural,structural:customer_support-case_priority-03:sub-operations-no-first:pre_action,customer_support-case_priority-03,resolve_case_priority,customer_support,sub-operations-no-first,budget_exhausted,-21.393651432090728,-17.051854825928913,4.3417966061618145
qwen3-8b,structural,structural:customer_support-case_priority-03:sub-operations-no-gold:pre_action,customer_support-case_priority-03,resolve_case_priority,customer_support,sub-operations-no-gold,budget_exhausted,-21.393651432090728,-13.578760141472031,7.8148912906186965
qwen3-8b,structural,structural:customer_support-case_priority-03:sub-operations-no-last:after_penultimate_success,customer_support-case_priority-03,resolve_case_priority,customer_support,sub-operations-no-last,budget_exhausted,-32.59881715597357,-15.070511677711721,17.52830547826185
qwen3-8b,structural,structural:customer_support-contact_channel-01:sub-operations-first-only:after_first_success,customer_support-contact_channel-01,resolve_contact_channel,customer_support,sub-operations-first-only,unavailable,-24.598834933931002,-14.500023904546765,10.098811029384237
qwen3-8b,structural,structural:customer_support-contact_channel-01:sub-operations-no-first:pre_action,customer_support-contact_channel-01,resolve_contact_channel,customer_support,sub-operations-no-first,budget_exhausted,-23.510073071663193,-24.638225945912083,-1.1281528742488902
qwen3-8b,structural,structural:customer_support-contact_channel-01:sub-operations-no-gold:pre_action,customer_support-contact_channel-01,resolve_contact_channel,customer_support,sub-operations-no-gold,unavailable,-23.510073071663193,-23.732062454239227,-0.22198938257603373
qwen3-8b,structural,structural:customer_support-contact_channel-01:sub-operations-no-last:after_penultimate_success,customer_support-contact_channel-01,resolve_contact_channel,customer_support,sub-operations-no-last,budget_exhausted,-23.348826205175357,-15.625011241182811,7.723814963992545
qwen3-8b,structural,structural:customer_support-contact_channel-02:sub-operations-first-only:after_first_success,customer_support-contact_channel-02,resolve_contact_channel,customer_support,sub-operations-first-only,budget_exhausted,-25.276089807302164,-14.251239362085201,11.024850445216963
qwen3-8b,structural,structural:customer_support-contact_channel-02:sub-operations-no-first:pre_action,customer_support-contact_channel-02,resolve_contact_channel,customer_support,sub-operations-no-first,budget_exhausted,-21.910254769675973,-23.257187758178958,-1.346932988502985
qwen3-8b,structural,structural:customer_support-contact_channel-02:sub-operations-no-gold:pre_action,customer_support-contact_channel-02,resolve_contact_channel,customer_support,sub-operations-no-gold,budget_exhausted,-21.910254769675973,-23.216837888211273,-1.3065831185353005
qwen3-8b,structural,structural:customer_support-contact_channel-02:sub-operations-no-last:after_penultimate_success,customer_support-contact_channel-02,resolve_contact_channel,customer_support,sub-operations-no-last,budget_exhausted,-22.598820045902777,-16.627478552121993,5.971341493780784
qwen3-8b,structural,structural:customer_support-contact_channel-04:sub-operations-first-only:after_first_success,customer_support-contact_channel-04,resolve_contact_channel,customer_support,sub-operations-first-only,unavailable,-18.225855456358026,-13.729133709598209,4.4967217467598175
qwen3-8b,structural,structural:customer_support-contact_channel-04:sub-operations-no-first:pre_action,customer_support-contact_channel-04,resolve_contact_channel,customer_support,sub-operations-no-first,unavailable,-23.706513507194202,-25.16821469022119,-1.4617011830269888
qwen3-8b,structural,structural:customer_support-contact_channel-04:sub-operations-no-gold:pre_action,customer_support-contact_channel-04,resolve_contact_channel,customer_support,sub-operations-no-gold,budget_exhausted,-23.706513507194202,-20.374212559892086,3.332300947302116
qwen3-8b,structural,structural:customer_support-contact_channel-04:sub-operations-no-last:after_penultimate_success,customer_support-contact_channel-04,resolve_contact_channel,customer_support,sub-operations-no-last,budget_exhausted,-14.378583482837556,-15.500013980580384,-1.1214304977428284
qwen3-8b,structural,structural:customer_support-duplicate_case-01:sub-operations-first-only:after_first_success,customer_support-duplicate_case-01,resolve_duplicate_case,customer_support,sub-operations-first-only,budget_exhausted,-32.72436225137554,-19.380989623593244,13.343372627782294
qwen3-8b,structural,structural:customer_support-duplicate_case-01:sub-operations-no-first:pre_action,customer_support-duplicate_case-01,resolve_duplicate_case,customer_support,sub-operations-no-first,unavailable,-27.757452659132483,-26.2681440737377,1.489308585394781
qwen3-8b,structural,structural:customer_support-duplicate_case-01:sub-operations-no-gold:pre_action,customer_support-duplicate_case-01,resolve_duplicate_case,customer_support,sub-operations-no-gold,unavailable,-27.757452659132483,-12.199603787801962,15.55784887133052
qwen3-8b,structural,structural:customer_support-duplicate_case-01:sub-operations-no-last:after_penultimate_success,customer_support-duplicate_case-01,resolve_duplicate_case,customer_support,sub-operations-no-last,budget_exhausted,-39.223819554159874,-16.375002404465818,22.848817149694057
qwen3-8b,structural,structural:customer_support-duplicate_case-02:sub-operations-first-only:after_first_success,customer_support-duplicate_case-02,resolve_duplicate_case,customer_support,sub-operations-first-only,unavailable,-42.97436479749493,-22.871120701227852,20.103244096267076
qwen3-8b,structural,structural:customer_support-duplicate_case-02:sub-operations-no-first:pre_action,customer_support-duplicate_case-02,resolve_duplicate_case,customer_support,sub-operations-no-first,unavailable,-23.709167603471826,-22.86183640786816,0.8473311956036653
qwen3-8b,structural,structural:customer_support-duplicate_case-02:sub-operations-no-gold:pre_action,customer_support-duplicate_case-02,resolve_duplicate_case,customer_support,sub-operations-no-gold,unavailable,-23.709167603471826,-8.710290815578645,14.998876787893181
qwen3-8b,structural,structural:customer_support-duplicate_case-02:sub-operations-no-last:after_penultimate_success,customer_support-duplicate_case-02,resolve_duplicate_case,customer_support,sub-operations-no-last,budget_exhausted,-38.59881025347135,-17.125011028341405,21.473799225129945
qwen3-8b,structural,structural:customer_support-duplicate_case-03:sub-operations-first-only:after_first_success,customer_support-duplicate_case-03,resolve_duplicate_case,customer_support,sub-operations-first-only,unavailable,-36.97520534070189,-12.134622520016244,24.840582820685647
qwen3-8b,structural,structural:customer_support-duplicate_case-03:sub-operations-no-first:pre_action,customer_support-duplicate_case-03,resolve_duplicate_case,customer_support,sub-operations-no-first,unavailable,-20.077367796340823,-21.952271613240633,-1.8749038168998098
qwen3-8b,structural,structural:customer_support-duplicate_case-03:sub-operations-no-gold:pre_action,customer_support-duplicate_case-03,resolve_duplicate_case,customer_support,sub-operations-no-gold,unavailable,-20.077367796340823,0.4316240177670778,20.5089918141079
qwen3-8b,structural,structural:customer_support-duplicate_case-03:sub-operations-no-last:after_penultimate_success,customer_support-duplicate_case-03,resolve_duplicate_case,customer_support,sub-operations-no-last,budget_exhausted,-37.973830398267665,-14.375019865497123,23.598810532770543
qwen3-8b,structural,structural:customer_support-duplicate_case-04:sub-operations-first-only:after_first_success,customer_support-duplicate_case-04,resolve_duplicate_case,customer_support,sub-operations-first-only,unavailable,-35.59896171327056,-18.81087800694756,16.788083706323
qwen3-8b,structural,structural:customer_support-duplicate_case-04:sub-operations-no-first:pre_action,customer_support-duplicate_case-04,resolve_duplicate_case,customer_support,sub-operations-no-first,unavailable,-22.961122436707996,-23.301854051567844,-0.34073161485984826
qwen3-8b,structural,structural:customer_support-duplicate_case-04:sub-operations-no-gold:pre_action,customer_support-duplicate_case-04,resolve_duplicate_case,customer_support,sub-operations-no-gold,unavailable,-22.961122436707996,-4.314568554047668,18.646553882660328
qwen3-8b,structural,structural:customer_support-duplicate_case-04:sub-operations-no-last:after_penultimate_success,customer_support-duplicate_case-04,resolve_duplicate_case,customer_support,sub-operations-no-last,budget_exhausted,-38.72451978143675,-15.375025879676876,23.34949390175987
qwen3-8b,structural,structural:customer_support-escalation_target-00:sub-operations-first-only:after_first_success,customer_support-escalation_target-00,resolve_escalation_target,customer_support,sub-operations-first-only,unavailable,-24.474446475781342,-13.44997692874663,11.024469547034712
qwen3-8b,structural,structural:customer_support-escalation_target-00:sub-operations-no-first:pre_action,customer_support-escalation_target-00,resolve_escalation_target,customer_support,sub-operations-no-first,budget_exhausted,-20.2992049181467,-18.88942665873317,1.4097782594135282
qwen3-8b,structural,structural:customer_support-escalation_target-00:sub-operations-no-gold:pre_action,customer_support-escalation_target-00,resolve_escalation_target,customer_support,sub-operations-no-gold,unavailable,-20.2992049181467,-15.621814124082725,4.6773907940639745
qwen3-8b,structural,structural:customer_support-escalation_target-00:sub-operations-no-last:after_penultimate_success,customer_support-escalation_target-00,resolve_escalation_target,customer_support,sub-operations-no-last,budget_exhausted,-22.22381658215796,-14.125528133337504,8.098288448820455
qwen3-8b,structural,structural:customer_support-escalation_target-01:sub-operations-first-only:after_first_success,customer_support-escalation_target-01,resolve_escalation_target,customer_support,sub-operations-first-only,unavailable,-33.97411628356156,-35.923142739015674,-1.949026455454117
qwen3-8b,structural,structural:customer_support-escalation_target-01:sub-operations-no-first:pre_action,customer_support-escalation_target-01,resolve_escalation_target,customer_support,sub-operations-no-first,unavailable,-23.604448687091896,-17.636464491023034,5.967984196068862
qwen3-8b,structural,structural:customer_support-escalation_target-01:sub-operations-no-gold:pre_action,customer_support-escalation_target-01,resolve_escalation_target,customer_support,sub-operations-no-gold,unavailable,-23.604448687091896,-15.872530790279512,7.731917896812384
qwen3-8b,structural,structural:customer_support-escalation_target-01:sub-operations-no-last:after_penultimate_success,customer_support-escalation_target-01,resolve_escalation_target,customer_support,sub-operations-no-last,budget_exhausted,-41.47380855727878,-15.38671316505922,26.08709539221956
qwen3-8b,structural,structural:customer_support-escalation_target-02:sub-operations-first-only:after_first_success,customer_support-escalation_target-02,resolve_escalation_target,customer_support,sub-operations-first-only,budget_exhausted,-33.47401921996115,-25.965422610171196,7.508596609789954
qwen3-8b,structural,structural:customer_support-escalation_target-02:sub-operations-no-first:pre_action,customer_support-escalation_target-02,resolve_escalation_target,customer_support,sub-operations-no-first,unavailable,-25.407916927846642,-22.70979303414125,2.698123893705393
qwen3-8b,structural,structural:customer_support-escalation_target-02:sub-operations-no-gold:pre_action,customer_support-escalation_target-02,resolve_escalation_target,customer_support,sub-operations-no-gold,unavailable,-25.407916927846642,-24.191283139183355,1.2166337886632874
qwen3-8b,structural,structural:customer_support-escalation_target-02:sub-operations-no-last:after_penultimate_success,customer_support-escalation_target-02,resolve_escalation_target,customer_support,sub-operations-no-last,budget_exhausted,-39.47383790529207,-20.560374827590167,18.913463077701905
qwen3-8b,structural,structural:customer_support-escalation_target-03:sub-operations-first-only:after_first_success,customer_support-escalation_target-03,resolve_escalation_target,customer_support,sub-operations-first-only,budget_exhausted,-30.849587885087516,-31.51086300298134,-0.6612751178938225
qwen3-8b,structural,structural:customer_support-escalation_target-03:sub-operations-no-first:pre_action,customer_support-escalation_target-03,resolve_escalation_target,customer_support,sub-operations-no-first,unavailable,-19.122742026760733,-19.270660486490215,-0.1479184597294818
qwen3-8b,structural,structural:customer_support-escalation_target-03:sub-operations-no-gold:pre_action,customer_support-escalation_target-03,resolve_escalation_target,customer_support,sub-operations-no-gold,unavailable,-19.122742026760733,-18.709360169431534,0.41338185732919897
qwen3-8b,structural,structural:customer_support-escalation_target-03:sub-operations-no-last:after_penultimate_success,customer_support-escalation_target-03,resolve_escalation_target,customer_support,sub-operations-no-last,budget_exhausted,-30.098810634305302,-18.24483597097371,11.853974663331591
qwen3-8b,structural,structural:customer_support-escalation_target-04:sub-operations-first-only:after_first_success,customer_support-escalation_target-04,resolve_escalation_target,customer_support,sub-operations-first-only,budget_exhausted,-30.09915116228781,-13.991589522608038,16.107561639679773
qwen3-8b,structural,structural:customer_support-escalation_target-04:sub-operations-no-first:pre_action,customer_support-escalation_target-04,resolve_escalation_target,customer_support,sub-operations-no-first,unavailable,-22.461825293913506,-21.163534674787996,1.2982906191255097
qwen3-8b,structural,structural:customer_support-escalation_target-04:sub-operations-no-gold:pre_action,customer_support-escalation_target-04,resolve_escalation_target,customer_support,sub-operations-no-gold,unavailable,-22.461825293913506,-20.251963148948263,2.2098621449652427
qwen3-8b,structural,structural:customer_support-escalation_target-04:sub-operations-no-last:after_penultimate_success,customer_support-escalation_target-04,resolve_escalation_target,customer_support,sub-operations-no-last,unavailable,-27.010072078095497,-22.368370740822698,4.641701337272799
qwen3-8b,structural,structural:customer_support-next_action-01:sub-operations-first-only:after_first_success,customer_support-next_action-01,resolve_next_action,customer_support,sub-operations-first-only,budget_exhausted,-31.991510193212775,-25.66779075015676,6.323719443056014
qwen3-8b,structural,structural:customer_support-next_action-01:sub-operations-no-first:pre_action,customer_support-next_action-01,resolve_next_action,customer_support,sub-operations-no-first,budget_exhausted,-23.6208233199486,-22.252036508714234,1.368786811234365
qwen3-8b,structural,structural:customer_support-next_action-01:sub-operations-no-gold:pre_action,customer_support-next_action-01,resolve_next_action,customer_support,sub-operations-no-gold,budget_exhausted,-23.6208233199486,-21.712793032502134,1.908030287446465
qwen3-8b,structural,structural:customer_support-next_action-01:sub-operations-no-last:after_penultimate_success,customer_support-next_action-01,resolve_next_action,customer_support,sub-operations-no-last,budget_exhausted,-33.59880559863719,-15.750178053857653,17.84862754477954
qwen3-8b,structural,structural:customer_support-next_action-02:sub-operations-first-only:after_first_success,customer_support-next_action-02,resolve_next_action,customer_support,sub-operations-first-only,budget_exhausted,-38.32289685498903,-26.415323033509864,11.907573821479168
qwen3-8b,structural,structural:customer_support-next_action-02:sub-operations-no-first:pre_action,customer_support-next_action-02,resolve_next_action,customer_support,sub-operations-no-first,unavailable,-25.301798037871833,-22.80207818309396,2.4997198547778723
qwen3-8b,structural,structural:customer_support-next_action-02:sub-operations-no-gold:pre_action,customer_support-next_action-02,resolve_next_action,customer_support,sub-operations-no-gold,budget_exhausted,-25.301798037871833,-19.892041139824023,5.40975689804781
qwen3-8b,structural,structural:customer_support-next_action-02:sub-operations-no-last:after_penultimate_success,customer_support-next_action-02,resolve_next_action,customer_support,sub-operations-no-last,budget_exhausted,-30.09881251549379,-14.12606673049109,15.9727457850027
qwen3-8b,structural,structural:customer_support-next_action-04:sub-operations-first-only:after_first_success,customer_support-next_action-04,resolve_next_action,customer_support,sub-operations-first-only,budget_exhausted,-32.522428409562266,-28.533981667196805,3.9884467423654613
qwen3-8b,structural,structural:customer_support-next_action-04:sub-operations-no-first:pre_action,customer_support-next_action-04,resolve_next_action,customer_support,sub-operations-no-first,unavailable,-25.48348583995285,-24.37179484694368,1.1116909930091694
qwen3-8b,structural,structural:customer_support-next_action-04:sub-operations-no-gold:pre_action,customer_support-next_action-04,resolve_next_action,customer_support,sub-operations-no-gold,budget_exhausted,-25.48348583995285,-10.942796132412504,14.540689707540345
qwen3-8b,structural,structural:customer_support-next_action-04:sub-operations-no-last:after_penultimate_success,customer_support-next_action-04,resolve_next_action,customer_support,sub-operations-no-last,budget_exhausted,-35.72413855012518,-17.000004097196623,18.72413445292856
qwen3-8b,structural,structural:customer_support-refund_eligibility-00:sub-operations-first-only:after_first_success,customer_support-refund_eligibility-00,resolve_refund_eligibility,customer_support,sub-operations-first-only,budget_exhausted,-24.84884282583336,-19.293265725458767,5.555577100374592
qwen3-8b,structural,structural:customer_support-refund_eligibility-00:sub-operations-no-first:pre_action,customer_support-refund_eligibility-00,resolve_refund_eligibility,customer_support,sub-operations-no-first,unavailable,-16.395142436439244,-9.993974204448229,6.401168231991015
qwen3-8b,structural,structural:customer_support-refund_eligibility-00:sub-operations-no-gold:pre_action,customer_support-refund_eligibility-00,resolve_refund_eligibility,customer_support,sub-operations-no-gold,unavailable,-16.395142436439244,-3.6576264257456828,12.737516010693561
qwen3-8b,structural,structural:customer_support-refund_eligibility-00:sub-operations-no-last:after_penultimate_success,customer_support-refund_eligibility-00,resolve_refund_eligibility,customer_support,sub-operations-no-last,budget_exhausted,-29.223806912640647,-14.875002275616119,14.348804637024529
qwen3-8b,structural,structural:customer_support-refund_eligibility-01:sub-operations-first-only:after_first_success,customer_support-refund_eligibility-01,resolve_refund_eligibility,customer_support,sub-operations-first-only,unavailable,-36.47380310153721,-14.126627101369209,22.347176000167998
qwen3-8b,structural,structural:customer_support-refund_eligibility-01:sub-operations-no-first:pre_action,customer_support-refund_eligibility-01,resolve_refund_eligibility,customer_support,sub-operations-no-first,unavailable,-18.530512184569936,-16.980468804023708,1.550043380546228
qwen3-8b,structural,structural:customer_support-refund_eligibility-01:sub-operations-no-gold:pre_action,customer_support-refund_eligibility-01,resolve_refund_eligibility,customer_support,sub-operations-no-gold,unavailable,-18.530512184569936,-4.192041832365007,14.33847035220493
qwen3-8b,structural,structural:customer_support-refund_eligibility-01:sub-operations-no-last:after_penultimate_success,customer_support-refund_eligibility-01,resolve_refund_eligibility,customer_support,sub-operations-no-last,budget_exhausted,-27.59881371199765,-14.625226403457326,12.973587308540324
qwen3-8b,structural,structural:customer_support-refund_eligibility-02:sub-operations-first-only:after_first_success,customer_support-refund_eligibility-02,resolve_refund_eligibility,customer_support,sub-operations-first-only,budget_exhausted,-30.34883962786035,-12.742573584708303,17.606266043152047
qwen3-8b,structural,structural:customer_support-refund_eligibility-02:sub-operations-no-first:pre_action,customer_support-refund_eligibility-02,resolve_refund_eligibility,customer_support,sub-operations-no-first,unavailable,-19.825763547502348,-18.90196669628697,0.9237968512153785
qwen3-8b,structural,structural:customer_support-refund_eligibility-02:sub-operations-no-gold:pre_action,customer_support-refund_eligibility-02,resolve_refund_eligibility,customer_support,sub-operations-no-gold,unavailable,-19.825763547502348,-12.905017573375197,6.920745974127151
qwen3-8b,structural,structural:customer_support-refund_eligibility-02:sub-operations-no-last:after_penultimate_success,customer_support-refund_eligibility-02,resolve_refund_eligibility,customer_support,sub-operations-no-last,budget_exhausted,-27.3488398070645,-14.380323784960218,12.968516022104282
qwen3-8b,structural,structural:customer_support-refund_eligibility-03:sub-operations-first-only:after_first_success,customer_support-refund_eligibility-03,resolve_refund_eligibility,customer_support,sub-operations-first-only,unavailable,-34.098767401704556,-12.001541214462613,22.097226187241944
qwen3-8b,structural,structural:customer_support-refund_eligibility-03:sub-operations-no-first:pre_action,customer_support-refund_eligibility-03,resolve_refund_eligibility,customer_support,sub-operations-no-first,budget_exhausted,-18.10549139258749,-12.530476987030092,5.575014405557397
qwen3-8b,structural,structural:customer_support-refund_eligibility-03:sub-operations-no-gold:pre_action,customer_support-refund_eligibility-03,resolve_refund_eligibility,customer_support,sub-operations-no-gold,unavailable,-18.10549139258749,-0.6464170581825925,17.459074334404896
qwen3-8b,structural,structural:customer_support-refund_eligibility-03:sub-operations-no-last:after_penultimate_success,customer_support-refund_eligibility-03,resolve_refund_eligibility,customer_support,sub-operations-no-last,budget_exhausted,-21.348960393728646,-15.25011094685815,6.098849446870496
qwen3-8b,structural,structural:customer_support-refund_eligibility-04:sub-operations-first-only:after_first_success,customer_support-refund_eligibility-04,resolve_refund_eligibility,customer_support,sub-operations-first-only,unavailable,-37.97429871132491,-13.500520373538038,24.473778337786875
qwen3-8b,structural,structural:customer_support-refund_eligibility-04:sub-operations-no-first:pre_action,customer_support-refund_eligibility-04,resolve_refund_eligibility,customer_support,sub-operations-no-first,unavailable,-26.968645856763345,-17.76230256165085,9.206343295112497
qwen3-8b,structural,structural:customer_support-refund_eligibility-04:sub-operations-no-gold:pre_action,customer_support-refund_eligibility-04,resolve_refund_eligibility,customer_support,sub-operations-no-gold,unavailable,-26.968645856763345,-13.813405857144069,13.155239999619276
qwen3-8b,structural,structural:customer_support-refund_eligibility-04:sub-operations-no-last:after_penultimate_success,customer_support-refund_eligibility-04,resolve_refund_eligibility,customer_support,sub-operations-no-last,budget_exhausted,-33.97381048857529,-16.500004127744745,17.473806360830544
qwen3-8b,structural,structural:customer_support-service_entitlement-04:sub-operations-first-only:after_first_success,customer_support-service_entitlement-04,resolve_service_entitlement,customer_support,sub-operations-first-only,budget_exhausted,-32.59998653167104,-23.90612292882596,8.693863602845084
qwen3-8b,structural,structural:customer_support-service_entitlement-04:sub-operations-no-first:pre_action,customer_support-service_entitlement-04,resolve_service_entitlement,customer_support,sub-operations-no-first,unavailable,-23.375267684041262,-25.226589305437678,-1.8513216213964157
qwen3-8b,structural,structural:customer_support-service_entitlement-04:sub-operations-no-gold:pre_action,customer_support-service_entitlement-04,resolve_service_entitlement,customer_support,sub-operations-no-gold,budget_exhausted,-23.375267684041262,-20.359545100326052,3.0157225837152097
qwen3-8b,structural,structural:customer_support-service_entitlement-04:sub-operations-no-last:after_penultimate_success,customer_support-service_entitlement-04,resolve_service_entitlement,customer_support,sub-operations-no-last,budget_exhausted,-35.59896290569436,-23.755441260208734,11.843521645485623
qwen3-8b,structural,structural:customer_support-sla_deadline-00:sub-operations-first-only:after_first_success,customer_support-sla_deadline-00,resolve_sla_deadline,customer_support,sub-operations-first-only,unavailable,-39.34892339424572,-14.754565923951148,24.594357470294575
qwen3-8b,structural,structural:customer_support-sla_deadline-00:sub-operations-no-first:pre_action,customer_support-sla_deadline-00,resolve_sla_deadline,customer_support,sub-operations-no-first,unavailable,-21.566255082539968,-16.144454727121634,5.421800355418334
qwen3-8b,structural,structural:customer_support-sla_deadline-00:sub-operations-no-gold:pre_action,customer_support-sla_deadline-00,resolve_sla_deadline,customer_support,sub-operations-no-gold,budget_exhausted,-21.566255082539968,-15.409458210354948,6.156796872185019
qwen3-8b,structural,structural:customer_support-sla_deadline-00:sub-operations-no-last:after_penultimate_success,customer_support-sla_deadline-00,resolve_sla_deadline,customer_support,sub-operations-no-last,budget_exhausted,-38.3488780861845,-15.889423626241857,22.45945445994264
qwen3-8b,structural,structural:customer_support-sla_deadline-01:sub-operations-first-only:after_first_success,customer_support-sla_deadline-01,resolve_sla_deadline,customer_support,sub-operations-first-only,budget_exhausted,-33.47384888723771,-20.003796207779395,13.470052679458313
qwen3-8b,structural,structural:customer_support-sla_deadline-01:sub-operations-no-first:pre_action,customer_support-sla_deadline-01,resolve_sla_deadline,customer_support,sub-operations-no-first,unavailable,-17.688311568693486,-13.63421145956032,4.0541001091331665
qwen3-8b,structural,structural:customer_support-sla_deadline-01:sub-operations-no-gold:pre_action,customer_support-sla_deadline-01,resolve_sla_deadline,customer_support,sub-operations-no-gold,budget_exhausted,-17.688311568693486,-13.68663667033232,4.001674898361166
qwen3-8b,structural,structural:customer_support-sla_deadline-01:sub-operations-no-last:after_penultimate_success,customer_support-sla_deadline-01,resolve_sla_deadline,customer_support,sub-operations-no-last,unavailable,-35.97381141430278,-26.90699815270795,9.066813261594831
qwen3-8b,structural,structural:customer_support-sla_deadline-02:sub-operations-first-only:after_first_success,customer_support-sla_deadline-02,resolve_sla_deadline,customer_support,sub-operations-first-only,budget_exhausted,-33.60073317644651,-25.136495913619278,8.464237262827233
qwen3-8b,structural,structural:customer_support-sla_deadline-02:sub-operations-no-first:pre_action,customer_support-sla_deadline-02,resolve_sla_deadline,customer_support,sub-operations-no-first,unavailable,-19.630411248461392,-14.761687441835853,4.868723806625539
qwen3-8b,structural,structural:customer_support-sla_deadline-02:sub-operations-no-gold:pre_action,customer_support-sla_deadline-02,resolve_sla_deadline,customer_support,sub-operations-no-gold,budget_exhausted,-19.630411248461392,-16.562655342411915,3.0677559060494772
qwen3-8b,structural,structural:customer_support-sla_deadline-02:sub-operations-no-last:after_penultimate_success,customer_support-sla_deadline-02,resolve_sla_deadline,customer_support,sub-operations-no-last,budget_exhausted,-33.59884867681021,-18.88993650495513,14.708912171855083
qwen3-8b,structural,structural:customer_support-sla_deadline-03:sub-operations-first-only:after_first_success,customer_support-sla_deadline-03,resolve_sla_deadline,customer_support,sub-operations-first-only,unavailable,-34.22414020583666,-16.734805236083538,17.489334969753124
qwen3-8b,structural,structural:customer_support-sla_deadline-03:sub-operations-no-first:pre_action,customer_support-sla_deadline-03,resolve_sla_deadline,customer_support,sub-operations-no-first,budget_exhausted,-19.862362842782126,-12.386527048139556,7.47583579464257
qwen3-8b,structural,structural:customer_support-sla_deadline-03:sub-operations-no-gold:pre_action,customer_support-sla_deadline-03,resolve_sla_deadline,customer_support,sub-operations-no-gold,budget_exhausted,-19.862362842782126,-14.326244014330719,5.536118828451407
qwen3-8b,structural,structural:customer_support-sla_deadline-03:sub-operations-no-last:after_penultimate_success,customer_support-sla_deadline-03,resolve_sla_deadline,customer_support,sub-operations-no-last,budget_exhausted,-32.72383905423567,-31.300007082836217,1.4238319713994514
qwen3-8b,structural,structural:customer_support-sla_deadline-04:sub-operations-first-only:after_first_success,customer_support-sla_deadline-04,resolve_sla_deadline,customer_support,sub-operations-first-only,unavailable,-36.34870061764652,-13.26183277984886,23.086867837797662
qwen3-8b,structural,structural:customer_support-sla_deadline-04:sub-operations-no-first:pre_action,customer_support-sla_deadline-04,resolve_sla_deadline,customer_support,sub-operations-no-first,unavailable,-20.85468452521892,-15.263218373598384,5.591466151620537
qwen3-8b,structural,structural:customer_support-sla_deadline-04:sub-operations-no-gold:pre_action,customer_support-sla_deadline-04,resolve_sla_deadline,customer_support,sub-operations-no-gold,budget_exhausted,-20.85468452521892,-19.207264977822433,1.6474195473964883
qwen3-8b,structural,structural:customer_support-sla_deadline-04:sub-operations-no-last:after_penultimate_success,customer_support-sla_deadline-04,resolve_sla_deadline,customer_support,sub-operations-no-last,budget_exhausted,-35.47387831770711,-16.000223215499638,19.473655102207474
qwen3-8b,structural,structural:finance_ledger-audit_flag-01:sub-operations-first-only:after_first_success,finance_ledger-audit_flag-01,resolve_audit_flag,finance_ledger,sub-operations-first-only,budget_exhausted,-21.09877860069465,-23.263258612682414,-2.164480011987763
qwen3-8b,structural,structural:finance_ledger-audit_flag-01:sub-operations-no-first:pre_action,finance_ledger-audit_flag-01,resolve_audit_flag,finance_ledger,sub-operations-no-first,unavailable,-10.8421685836785,-11.383160453968841,-0.5409918702903411
qwen3-8b,structural,structural:finance_ledger-audit_flag-01:sub-operations-no-gold:pre_action,finance_ledger-audit_flag-01,resolve_audit_flag,finance_ledger,sub-operations-no-gold,unavailable,-10.8421685836785,-0.8281527371970725,10.014015846481428
qwen3-8b,structural,structural:finance_ledger-audit_flag-01:sub-operations-no-last:after_penultimate_success,finance_ledger-audit_flag-01,resolve_audit_flag,finance_ledger,sub-operations-no-last,budget_exhausted,-18.599371502125564,-26.896259924120322,-8.296888421994758
qwen3-8b,structural,structural:finance_ledger-audit_flag-03:sub-operations-first-only:after_first_success,finance_ledger-audit_flag-03,resolve_audit_flag,finance_ledger,sub-operations-first-only,budget_exhausted,-23.848820426118586,-12.75341480496055,11.095405621158037
qwen3-8b,structural,structural:finance_ledger-audit_flag-03:sub-operations-no-first:pre_action,finance_ledger-audit_flag-03,resolve_audit_flag,finance_ledger,sub-operations-no-first,unavailable,-13.316312854781373,-6.388380322364156,6.927932532417216
qwen3-8b,structural,structural:finance_ledger-audit_flag-03:sub-operations-no-gold:pre_action,finance_ledger-audit_flag-03,resolve_audit_flag,finance_ledger,sub-operations-no-gold,unavailable,-13.316312854781373,1.9216028357015844,15.237915690482957
qwen3-8b,structural,structural:finance_ledger-audit_flag-03:sub-operations-no-last:after_penultimate_success,finance_ledger-audit_flag-03,resolve_audit_flag,finance_ledger,sub-operations-no-last,budget_exhausted,-17.852422259657338,-14.2500074216141,3.602414838043238
qwen3-8b,structural,structural:finance_ledger-audit_flag-04:sub-operations-first-only:after_first_success,finance_ledger-audit_flag-04,resolve_audit_flag,finance_ledger,sub-operations-first-only,unavailable,-21.47514899074904,-15.250026850458603,6.225122140290438
qwen3-8b,structural,structural:finance_ledger-audit_flag-04:sub-operations-no-first:pre_action,finance_ledger-audit_flag-04,resolve_audit_flag,finance_ledger,sub-operations-no-first,unavailable,-5.879989003918595,-6.257859321884581,-0.3778703179659857
qwen3-8b,structural,structural:finance_ledger-audit_flag-04:sub-operations-no-gold:pre_action,finance_ledger-audit_flag-04,resolve_audit_flag,finance_ledger,sub-operations-no-gold,unavailable,-5.879989003918595,1.660646777697501,7.540635781616096
qwen3-8b,structural,structural:finance_ledger-audit_flag-04:sub-operations-no-last:after_penultimate_success,finance_ledger-audit_flag-04,resolve_audit_flag,finance_ledger,sub-operations-no-last,budget_exhausted,-14.850737557023074,-12.877140548267889,1.9735970087551848
qwen3-8b,structural,structural:finance_ledger-available_balance-01:sub-operations-first-only:after_first_success,finance_ledger-available_balance-01,resolve_available_balance,finance_ledger,sub-operations-first-only,unavailable,-22.851305529508124,-28.91439899654219,-6.063093467034065
qwen3-8b,structural,structural:finance_ledger-available_balance-01:sub-operations-no-first:pre_action,finance_ledger-available_balance-01,resolve_available_balance,finance_ledger,sub-operations-no-first,budget_exhausted,-14.13666600522204,-9.029445827759154,5.107220177462885
qwen3-8b,structural,structural:finance_ledger-available_balance-01:sub-operations-no-gold:pre_action,finance_ledger-available_balance-01,resolve_available_balance,finance_ledger,sub-operations-no-gold,budget_exhausted,-14.13666600522204,-10.25043903095414,3.886226974267899
qwen3-8b,structural,structural:finance_ledger-available_balance-01:sub-operations-no-last:after_penultimate_success,finance_ledger-available_balance-01,resolve_available_balance,finance_ledger,sub-operations-no-last,budget_exhausted,-24.849902205459635,-14.034488557237161,10.815413648222474
qwen3-8b,structural,structural:finance_ledger-available_balance-02:sub-operations-first-only:after_first_success,finance_ledger-available_balance-02,resolve_available_balance,finance_ledger,sub-operations-first-only,budget_exhausted,-25.474731363487038,-26.89744914853273,-1.4227177850456911
qwen3-8b,structural,structural:finance_ledger-available_balance-02:sub-operations-no-first:pre_action,finance_ledger-available_balance-02,resolve_available_balance,finance_ledger,sub-operations-no-first,unavailable,-13.277137626418956,-11.947582663076922,1.3295549633420336
qwen3-8b,structural,structural:finance_ledger-available_balance-02:sub-operations-no-gold:pre_action,finance_ledger-available_balance-02,resolve_available_balance,finance_ledger,sub-operations-no-gold,budget_exhausted,-13.277137626418956,-12.081900169787176,1.19523745663178
qwen3-8b,structural,structural:finance_ledger-available_balance-02:sub-operations-no-last:after_penultimate_success,finance_ledger-available_balance-02,resolve_available_balance,finance_ledger,sub-operations-no-last,budget_exhausted,-20.84899109099414,-14.37524465203628,6.4737464389578605
qwen3-8b,structural,structural:finance_ledger-available_balance-03:sub-operations-first-only:after_first_success,finance_ledger-available_balance-03,resolve_available_balance,finance_ledger,sub-operations-first-only,unavailable,-28.59919361717803,-30.19861472563654,-1.5994211084585075
qwen3-8b,structural,structural:finance_ledger-available_balance-03:sub-operations-no-first:pre_action,finance_ledger-available_balance-03,resolve_available_balance,finance_ledger,sub-operations-no-first,budget_exhausted,-14.498035445873803,-7.850776727643186,6.647258718230617
qwen3-8b,structural,structural:finance_ledger-available_balance-03:sub-operations-no-gold:pre_action,finance_ledger-available_balance-03,resolve_available_balance,finance_ledger,sub-operations-no-gold,budget_exhausted,-14.498035445873803,-9.347589630071077,5.150445815802726
qwen3-8b,structural,structural:finance_ledger-available_balance-03:sub-operations-no-last:after_penultimate_success,finance_ledger-available_balance-03,resolve_available_balance,finance_ledger,sub-operations-no-last,budget_exhausted,-22.22390992285942,-14.625003672121714,7.598906250737706
qwen3-8b,structural,structural:finance_ledger-available_balance-04:sub-operations-first-only:after_first_success,finance_ledger-available_balance-04,resolve_available_balance,finance_ledger,sub-operations-first-only,unavailable,-25.84897149142281,-25.422135613055154,0.4268358783676547
qwen3-8b,structural,structural:finance_ledger-available_balance-04:sub-operations-no-first:pre_action,finance_ledger-available_balance-04,resolve_available_balance,finance_ledger,sub-operations-no-first,unavailable,-13.999926430997867,-8.252853835532164,5.747072595465703
qwen3-8b,structural,structural:finance_ledger-available_balance-04:sub-operations-no-gold:pre_action,finance_ledger-available_balance-04,resolve_available_balance,finance_ledger,sub-operations-no-gold,budget_exhausted,-13.999926430997867,-13.99478094517599,0.005145485821877571
qwen3-8b,structural,structural:finance_ledger-available_balance-04:sub-operations-no-last:after_penultimate_success,finance_ledger-available_balance-04,resolve_available_balance,finance_ledger,sub-operations-no-last,budget_exhausted,-18.225628179864167,-14.500007965082013,3.725620214782154
qwen3-8b,structural,structural:finance_ledger-book_balance-00:sub-operations-first-only:after_first_success,finance_ledger-book_balance-00,resolve_book_balance,finance_ledger,sub-operations-first-only,unavailable,-28.84909317573978,-20.00561221851563,8.843480957224152
qwen3-8b,structural,structural:finance_ledger-book_balance-00:sub-operations-no-first:pre_action,finance_ledger-book_balance-00,resolve_book_balance,finance_ledger,sub-operations-no-first,unavailable,-10.157007164119001,-10.845340907831364,-0.6883337437123629
qwen3-8b,structural,structural:finance_ledger-book_balance-00:sub-operations-no-gold:pre_action,finance_ledger-book_balance-00,resolve_book_balance,finance_ledger,sub-operations-no-gold,unavailable,-10.157007164119001,-11.291520900557217,-1.1345137364382154
qwen3-8b,structural,structural:finance_ledger-book_balance-00:sub-operations-no-last:after_penultimate_success,finance_ledger-book_balance-00,resolve_book_balance,finance_ledger,sub-operations-no-last,budget_exhausted,-29.72380826837074,-16.500364744354847,13.223443524015892
qwen3-8b,structural,structural:finance_ledger-book_balance-02:sub-operations-first-only:after_first_success,finance_ledger-book_balance-02,resolve_book_balance,finance_ledger,sub-operations-first-only,unavailable,-32.72493953054679,-16.375066427761922,16.34987310278487
qwen3-8b,structural,structural:finance_ledger-book_balance-02:sub-operations-no-first:pre_action,finance_ledger-book_balance-02,resolve_book_balance,finance_ledger,sub-operations-no-first,unavailable,-11.738011483590107,-2.10095862330423,9.637052860285877
qwen3-8b,structural,structural:finance_ledger-book_balance-02:sub-operations-no-gold:pre_action,finance_ledger-book_balance-02,resolve_book_balance,finance_ledger,sub-operations-no-gold,budget_exhausted,-11.738011483590107,-12.056966842913937,-0.3189553593238301
qwen3-8b,structural,structural:finance_ledger-book_balance-02:sub-operations-no-last:after_penultimate_success,finance_ledger-book_balance-02,resolve_book_balance,finance_ledger,sub-operations-no-last,budget_exhausted,-20.22407527993918,-17.375002323354245,2.8490729565849335
qwen3-8b,structural,structural:finance_ledger-book_balance-03:sub-operations-first-only:after_first_success,finance_ledger-book_balance-03,resolve_book_balance,finance_ledger,sub-operations-first-only,budget_exhausted,-42.599196241134116,-15.525023458055827,27.07417278307829
qwen3-8b,structural,structural:finance_ledger-book_balance-03:sub-operations-no-first:pre_action,finance_ledger-book_balance-03,resolve_book_balance,finance_ledger,sub-operations-no-first,unavailable,-16.715586163982593,-14.093748106757474,2.621838057225119
qwen3-8b,structural,structural:finance_ledger-book_balance-03:sub-operations-no-gold:pre_action,finance_ledger-book_balance-03,resolve_book_balance,finance_ledger,sub-operations-no-gold,unavailable,-16.715586163982593,-16.197927731884512,0.5176584320980808
qwen3-8b,structural,structural:finance_ledger-book_balance-03:sub-operations-no-last:after_penultimate_success,finance_ledger-book_balance-03,resolve_book_balance,finance_ledger,sub-operations-no-last,budget_exhausted,-42.8488464157012,-17.62502817069136,25.223818245009845
qwen3-8b,structural,structural:finance_ledger-budget_variance-00:sub-operations-first-only:after_first_success,finance_ledger-budget_variance-00,resolve_budget_variance,finance_ledger,sub-operations-first-only,unavailable,-27.608127110066462,-20.16801483409425,7.440112275972211
qwen3-8b,structural,structural:finance_ledger-budget_variance-00:sub-operations-no-first:pre_action,finance_ledger-budget_variance-00,resolve_budget_variance,finance_ledger,sub-operations-no-first,budget_exhausted,-12.810822210980497,-10.44896116642856,2.3618610445519366
qwen3-8b,structural,structural:finance_ledger-budget_variance-00:sub-operations-no-gold:pre_action,finance_ledger-budget_variance-00,resolve_budget_variance,finance_ledger,sub-operations-no-gold,unavailable,-12.810822210980497,0.6775508357477094,13.488373046728206
qwen3-8b,structural,structural:finance_ledger-budget_variance-00:sub-operations-no-last:after_penultimate_success,finance_ledger-budget_variance-00,resolve_budget_variance,finance_ledger,sub-operations-no-last,budget_exhausted,-32.9741029045302,-15.850705928932705,17.123396975597494
qwen3-8b,structural,structural:finance_ledger-budget_variance-01:sub-operations-first-only:after_first_success,finance_ledger-budget_variance-01,resolve_budget_variance,finance_ledger,sub-operations-first-only,unavailable,-24.72960423190088,-22.540032161401605,2.189572070499274
qwen3-8b,structural,structural:finance_ledger-budget_variance-01:sub-operations-no-first:pre_action,finance_ledger-budget_variance-01,resolve_budget_variance,finance_ledger,sub-operations-no-first,unavailable,-13.661132470205658,-12.941788891018973,0.7193435791866847
qwen3-8b,structural,structural:finance_ledger-budget_variance-01:sub-operations-no-gold:pre_action,finance_ledger-budget_variance-01,resolve_budget_variance,finance_ledger,sub-operations-no-gold,unavailable,-13.661132470205658,-6.572615765392378,7.08851670481328
qwen3-8b,structural,structural:finance_ledger-budget_variance-01:sub-operations-no-last:after_penultimate_success,finance_ledger-budget_variance-01,resolve_budget_variance,finance_ledger,sub-operations-no-last,budget_exhausted,-25.34881881477255,-23.24382971885855,2.104989095914
qwen3-8b,structural,structural:finance_ledger-budget_variance-02:sub-operations-first-only:after_first_success,finance_ledger-budget_variance-02,resolve_budget_variance,finance_ledger,sub-operations-first-only,unavailable,-23.863239494302817,-19.413860327639718,4.4493791666631
qwen3-8b,structural,structural:finance_ledger-budget_variance-02:sub-operations-no-first:pre_action,finance_ledger-budget_variance-02,resolve_budget_variance,finance_ledger,sub-operations-no-first,unavailable,-15.279729993786084,-13.775430845911494,1.5042991478745904
qwen3-8b,structural,structural:finance_ledger-budget_variance-02:sub-operations-no-gold:pre_action,finance_ledger-budget_variance-02,resolve_budget_variance,finance_ledger,sub-operations-no-gold,unavailable,-15.279729993786084,-5.8873037804644355,9.392426213321649
qwen3-8b,structural,structural:finance_ledger-budget_variance-02:sub-operations-no-last:after_penultimate_success,finance_ledger-budget_variance-02,resolve_budget_variance,finance_ledger,sub-operations-no-last,budget_exhausted,-22.59888747213202,-16.494417220238624,6.104470251893396
qwen3-8b,structural,structural:finance_ledger-budget_variance-03:sub-operations-first-only:after_first_success,finance_ledger-budget_variance-03,resolve_budget_variance,finance_ledger,sub-operations-first-only,unavailable,-20.85481972384632,-22.169297665064313,-1.3144779412179943
qwen3-8b,structural,structural:finance_ledger-budget_variance-03:sub-operations-no-first:pre_action,finance_ledger-budget_variance-03,resolve_budget_variance,finance_ledger,sub-operations-no-first,unavailable,-14.91551137327587,-13.068169695962055,1.847341677313814
qwen3-8b,structural,structural:finance_ledger-budget_variance-03:sub-operations-no-gold:pre_action,finance_ledger-budget_variance-03,resolve_budget_variance,finance_ledger,sub-operations-no-gold,budget_exhausted,-14.91551137327587,-1.4880645013776856,13.427446871898184
qwen3-8b,structural,structural:finance_ledger-budget_variance-03:sub-operations-no-last:after_penultimate_success,finance_ledger-budget_variance-03,resolve_budget_variance,finance_ledger,sub-operations-no-last,unavailable,-25.98866839567456,-23.80890374672103,2.1797646489535296
qwen3-8b,structural,structural:finance_ledger-budget_variance-04:sub-operations-first-only:after_first_success,finance_ledger-budget_variance-04,resolve_budget_variance,finance_ledger,sub-operations-first-only,unavailable,-22.85446273690129,-23.792905708950826,-0.9384429720495362
qwen3-8b,structural,structural:finance_ledger-budget_variance-04:sub-operations-no-first:pre_action,finance_ledger-budget_variance-04,resolve_budget_variance,finance_ledger,sub-operations-no-first,unavailable,-12.564833636091258,-10.183312331751964,2.3815213043392944
qwen3-8b,structural,structural:finance_ledger-budget_variance-04:sub-operations-no-gold:pre_action,finance_ledger-budget_variance-04,resolve_budget_variance,finance_ledger,sub-operations-no-gold,budget_exhausted,-12.564833636091258,-2.8986018525008106,9.666231783590447
qwen3-8b,structural,structural:finance_ledger-budget_variance-04:sub-operations-no-last:after_penultimate_success,finance_ledger-budget_variance-04,resolve_budget_variance,finance_ledger,sub-operations-no-last,budget_exhausted,-23.735801953622236,-25.505971327855832,-1.7701693742335962
qwen3-8b,structural,structural:finance_ledger-fx_settlement-00:sub-operations-first-only:after_first_success,finance_ledger-fx_settlement-00,resolve_fx_settlement,finance_ledger,sub-operations-first-only,budget_exhausted,-30.224582152634007,-26.79233626423261,3.432245888401397
qwen3-8b,structural,structural:finance_ledger-fx_settlement-00:sub-operations-no-first:pre_action,finance_ledger-fx_settlement-00,resolve_fx_settlement,finance_ledger,sub-operations-no-first,unavailable,-15.081715648560206,-10.04615774774009,5.035557900820116
qwen3-8b,structural,structural:finance_ledger-fx_settlement-00:sub-operations-no-gold:pre_action,finance_ledger-fx_settlement-00,resolve_fx_settlement,finance_ledger,sub-operations-no-gold,unavailable,-15.081715648560206,-6.198380772417906,8.8833348761423
qwen3-8b,structural,structural:finance_ledger-fx_settlement-00:sub-operations-no-last:after_penultimate_success,finance_ledger-fx_settlement-00,resolve_fx_settlement,finance_ledger,sub-operations-no-last,budget_exhausted,-31.349144989193306,-16.375102400976616,14.97404258821669
qwen3-8b,structural,structural:finance_ledger-fx_settlement-01:sub-operations-first-only:after_first_success,finance_ledger-fx_settlement-01,resolve_fx_settlement,finance_ledger,sub-operations-first-only,budget_exhausted,-22.099389824126284,-15.56209282514449,6.537296998981795
qwen3-8b,structural,structural:finance_ledger-fx_settlement-01:sub-operations-no-first:pre_action,finance_ledger-fx_settlement-01,resolve_fx_settlement,finance_ledger,sub-operations-no-first,unavailable,-16.475400230471152,-11.007845770941906,5.4675544595292465
qwen3-8b,structural,structural:finance_ledger-fx_settlement-01:sub-operations-no-gold:pre_action,finance_ledger-fx_settlement-01,resolve_fx_settlement,finance_ledger,sub-operations-no-gold,unavailable,-16.475400230471152,-10.283234977273857,6.192165253197295
qwen3-8b,structural,structural:finance_ledger-fx_settlement-01:sub-operations-no-last:after_penultimate_success,finance_ledger-fx_settlement-01,resolve_fx_settlement,finance_ledger,sub-operations-no-last,budget_exhausted,-27.348850424837266,-14.895501358309915,12.453349066527352
qwen3-8b,structural,structural:finance_ledger-fx_settlement-02:sub-operations-first-only:after_first_success,finance_ledger-fx_settlement-02,resolve_fx_settlement,finance_ledger,sub-operations-first-only,budget_exhausted,-22.349179411165508,-25.020888665505943,-2.671709254340435
qwen3-8b,structural,structural:finance_ledger-fx_settlement-02:sub-operations-no-first:pre_action,finance_ledger-fx_settlement-02,resolve_fx_settlement,finance_ledger,sub-operations-no-first,unavailable,-17.44779922054441,-9.675278370467474,7.772520850076937
qwen3-8b,structural,structural:finance_ledger-fx_settlement-02:sub-operations-no-gold:pre_action,finance_ledger-fx_settlement-02,resolve_fx_settlement,finance_ledger,sub-operations-no-gold,unavailable,-17.44779922054441,-8.704518295259717,8.743280925284694
qwen3-8b,structural,structural:finance_ledger-fx_settlement-02:sub-operations-no-last:after_penultimate_success,finance_ledger-fx_settlement-02,resolve_fx_settlement,finance_ledger,sub-operations-no-last,budget_exhausted,-28.974374827396446,-29.37410772006959,-0.3997328926731427
qwen3-8b,structural,structural:finance_ledger-fx_settlement-03:sub-operations-first-only:after_first_success,finance_ledger-fx_settlement-03,resolve_fx_settlement,finance_ledger,sub-operations-first-only,budget_exhausted,-24.600891396750036,-24.917594667301522,-0.3167032705514856
qwen3-8b,structural,structural:finance_ledger-fx_settlement-03:sub-operations-no-first:pre_action,finance_ledger-fx_settlement-03,resolve_fx_settlement,finance_ledger,sub-operations-no-first,unavailable,-15.129425472411498,-8.261876193248398,6.8675492791631
qwen3-8b,structural,structural:finance_ledger-fx_settlement-03:sub-operations-no-gold:pre_action,finance_ledger-fx_settlement-03,resolve_fx_settlement,finance_ledger,sub-operations-no-gold,unavailable,-15.129425472411498,-1.6550904143146283,13.47433505809687
qwen3-8b,structural,structural:finance_ledger-fx_settlement-03:sub-operations-no-last:after_penultimate_success,finance_ledger-fx_settlement-03,resolve_fx_settlement,finance_ledger,sub-operations-no-last,budget_exhausted,-25.848849366529883,-15.02267991881208,10.826169447717803
qwen3-8b,structural,structural:finance_ledger-fx_settlement-04:sub-operations-first-only:after_first_success,finance_ledger-fx_settlement-04,resolve_fx_settlement,finance_ledger,sub-operations-first-only,budget_exhausted,-25.099215870359167,-24.78164400627813,0.31757186408103877
qwen3-8b,structural,structural:finance_ledger-fx_settlement-04:sub-operations-no-first:pre_action,finance_ledger-fx_settlement-04,resolve_fx_settlement,finance_ledger,sub-operations-no-first,unavailable,-15.201879519818334,-8.641575323248489,6.560304196569845
qwen3-8b,structural,structural:finance_ledger-fx_settlement-04:sub-operations-no-gold:pre_action,finance_ledger-fx_settlement-04,resolve_fx_settlement,finance_ledger,sub-operations-no-gold,unavailable,-15.201879519818334,-6.947410998793899,8.254468521024435
qwen3-8b,structural,structural:finance_ledger-fx_settlement-04:sub-operations-no-last:after_penultimate_success,finance_ledger-fx_settlement-04,resolve_fx_settlement,finance_ledger,sub-operations-no-last,unavailable,-26.59886143318989,-17.06961261735198,9.52924881583791
qwen3-8b,structural,structural:finance_ledger-journal_total-02:sub-operations-first-only:after_first_success,finance_ledger-journal_total-02,resolve_journal_total,finance_ledger,sub-operations-first-only,unavailable,-43.349062736819334,-40.289244290898715,3.0598184459206195
qwen3-8b,structural,structural:finance_ledger-journal_total-02:sub-operations-no-first:pre_action,finance_ledger-journal_total-02,resolve_journal_total,finance_ledger,sub-operations-no-first,unavailable,-14.42559127058518,-13.543221988930526,0.882369281654654
qwen3-8b,structural,structural:finance_ledger-journal_total-02:sub-operations-no-gold:pre_action,finance_ledger-journal_total-02,resolve_journal_total,finance_ledger,sub-operations-no-gold,unavailable,-14.42559127058518,-11.611786696150347,2.8138045744348332
qwen3-8b,structural,structural:finance_ledger-journal_total-02:sub-operations-no-last:after_penultimate_success,finance_ledger-journal_total-02,resolve_journal_total,finance_ledger,sub-operations-no-last,budget_exhausted,-18.024795685814077,-17.500234510248525,0.5245611755655517
qwen3-8b,structural,structural:finance_ledger-payment_status-01:sub-operations-first-only:after_first_success,finance_ledger-payment_status-01,resolve_payment_status,finance_ledger,sub-operations-first-only,unavailable,-29.724143797523183,-15.750026941446663,13.97411685607652
qwen3-8b,structural,structural:finance_ledger-payment_status-01:sub-operations-no-first:pre_action,finance_ledger-payment_status-01,resolve_payment_status,finance_ledger,sub-operations-no-first,unavailable,-9.193786032658188,-12.790317916094345,-3.596531883436157
qwen3-8b,structural,structural:finance_ledger-payment_status-01:sub-operations-no-gold:pre_action,finance_ledger-payment_status-01,resolve_payment_status,finance_ledger,sub-operations-no-gold,unavailable,-9.193786032658188,-10.907142374091485,-1.7133563414332968
qwen3-8b,structural,structural:finance_ledger-payment_status-01:sub-operations-no-last:after_penultimate_success,finance_ledger-payment_status-01,resolve_payment_status,finance_ledger,sub-operations-no-last,budget_exhausted,-15.976356458323856,-16.12500190300372,-0.14864544467986462
qwen3-8b,structural,structural:finance_ledger-payment_status-02:sub-operations-first-only:after_first_success,finance_ledger-payment_status-02,resolve_payment_status,finance_ledger,sub-operations-first-only,unavailable,-24.470439961580063,-16.250030608241943,8.22040935333812
qwen3-8b,structural,structural:finance_ledger-payment_status-02:sub-operations-no-first:pre_action,finance_ledger-payment_status-02,resolve_payment_status,finance_ledger,sub-operations-no-first,budget_exhausted,-10.30727947926836,-11.907419144365853,-1.600139665097494
qwen3-8b,structural,structural:finance_ledger-payment_status-02:sub-operations-no-gold:pre_action,finance_ledger-payment_status-02,resolve_payment_status,finance_ledger,sub-operations-no-gold,unavailable,-10.30727947926836,-12.194993184176113,-1.8877137049077533
qwen3-8b,structural,structural:finance_ledger-payment_status-02:sub-operations-no-last:after_penultimate_success,finance_ledger-payment_status-02,resolve_payment_status,finance_ledger,sub-operations-no-last,budget_exhausted,-15.733819063784686,-16.37500119590635,-0.6411821321216635
qwen3-8b,structural,structural:finance_ledger-payment_status-03:sub-operations-first-only:after_first_success,finance_ledger-payment_status-03,resolve_payment_status,finance_ledger,sub-operations-first-only,unavailable,-36.450726375926074,-15.125065896595558,21.325660479330516
qwen3-8b,structural,structural:finance_ledger-payment_status-03:sub-operations-no-first:pre_action,finance_ledger-payment_status-03,resolve_payment_status,finance_ledger,sub-operations-no-first,unavailable,-9.981682142970627,-17.011325750931235,-7.029643607960608
qwen3-8b,structural,structural:finance_ledger-payment_status-03:sub-operations-no-gold:pre_action,finance_ledger-payment_status-03,resolve_payment_status,finance_ledger,sub-operations-no-gold,unavailable,-9.981682142970627,-7.379165187027823,2.6025169559428036
qwen3-8b,structural,structural:finance_ledger-payment_status-03:sub-operations-no-last:after_penultimate_success,finance_ledger-payment_status-03,resolve_payment_status,finance_ledger,sub-operations-no-last,budget_exhausted,-17.439998776189853,-17.375001912014454,0.06499686417539863
qwen3-8b,structural,structural:finance_ledger-payment_status-04:sub-operations-first-only:after_first_success,finance_ledger-payment_status-04,resolve_payment_status,finance_ledger,sub-operations-first-only,unavailable,-22.849042354910132,-15.375039111519193,7.474003243390939
qwen3-8b,structural,structural:finance_ledger-payment_status-04:sub-operations-no-first:pre_action,finance_ledger-payment_status-04,resolve_payment_status,finance_ledger,sub-operations-no-first,unavailable,-8.907934549934076,-11.298807591656704,-2.390873041722628
qwen3-8b,structural,structural:finance_ledger-payment_status-04:sub-operations-no-gold:pre_action,finance_ledger-payment_status-04,resolve_payment_status,finance_ledger,sub-operations-no-gold,unavailable,-8.907934549934076,-11.223285476644051,-2.315350926709975
qwen3-8b,structural,structural:finance_ledger-payment_status-04:sub-operations-no-last:after_penultimate_success,finance_ledger-payment_status-04,resolve_payment_status,finance_ledger,sub-operations-no-last,budget_exhausted,-15.849925215803466,-15.375004194041459,0.47492102176200746
qwen3-8b,structural,structural:finance_ledger-reconciliation_status-01:sub-operations-first-only:after_first_success,finance_ledger-reconciliation_status-01,resolve_reconciliation_status,finance_ledger,sub-operations-first-only,unavailable,-22.882434576567228,-15.250100208483595,7.632334368083633
qwen3-8b,structural,structural:finance_ledger-reconciliation_status-01:sub-operations-no-first:pre_action,finance_ledger-reconciliation_status-01,resolve_reconciliation_status,finance_ledger,sub-operations-no-first,unavailable,-4.2280408135118535,-6.133830200544452,-1.9057893870325984
qwen3-8b,structural,structural:finance_ledger-reconciliation_status-01:sub-operations-no-gold:pre_action,finance_ledger-reconciliation_status-01,resolve_reconciliation_status,finance_ledger,sub-operations-no-gold,budget_exhausted,-4.2280408135118535,-4.2804002755244355,-0.052359462012582014
qwen3-8b,structural,structural:finance_ledger-reconciliation_status-01:sub-operations-no-last:after_penultimate_success,finance_ledger-reconciliation_status-01,resolve_reconciliation_status,finance_ledger,sub-operations-no-last,budget_exhausted,-23.473973436910363,-30.359872752781968,-6.885899315871605
qwen3-8b,structural,structural:finance_ledger-reconciliation_status-04:sub-operations-first-only:after_first_success,finance_ledger-reconciliation_status-04,resolve_reconciliation_status,finance_ledger,sub-operations-first-only,unavailable,-25.943426504532397,-15.375510993508435,10.567915511023962
qwen3-8b,structural,structural:finance_ledger-reconciliation_status-04:sub-operations-no-first:pre_action,finance_ledger-reconciliation_status-04,resolve_reconciliation_status,finance_ledger,sub-operations-no-first,unavailable,-11.720218367177125,-9.824857413514408,1.895360953662717
qwen3-8b,structural,structural:finance_ledger-reconciliation_status-04:sub-operations-no-gold:pre_action,finance_ledger-reconciliation_status-04,resolve_reconciliation_status,finance_ledger,sub-operations-no-gold,budget_exhausted,-11.720218367177125,-12.517352501425592,-0.7971341342484664
qwen3-8b,structural,structural:finance_ledger-reconciliation_status-04:sub-operations-no-last:after_penultimate_success,finance_ledger-reconciliation_status-04,resolve_reconciliation_status,finance_ledger,sub-operations-no-last,budget_exhausted,-24.473911662367357,-14.878630372006093,9.595281290361264
qwen3-8b,structural,structural:finance_ledger-tax_basis-00:sub-operations-first-only:after_first_success,finance_ledger-tax_basis-00,resolve_tax_basis,finance_ledger,sub-operations-first-only,budget_exhausted,-28.03923173873479,-27.384832996515556,0.6543987422192359
qwen3-8b,structural,structural:finance_ledger-tax_basis-00:sub-operations-no-first:pre_action,finance_ledger-tax_basis-00,resolve_tax_basis,finance_ledger,sub-operations-no-first,unavailable,-13.793386041091985,-9.463761648941123,4.329624392150862
qwen3-8b,structural,structural:finance_ledger-tax_basis-00:sub-operations-no-gold:pre_action,finance_ledger-tax_basis-00,resolve_tax_basis,finance_ledger,sub-operations-no-gold,unavailable,-13.793386041091985,-9.934933894067058,3.858452147024927
qwen3-8b,structural,structural:finance_ledger-tax_basis-00:sub-operations-no-last:after_penultimate_success,finance_ledger-tax_basis-00,resolve_tax_basis,finance_ledger,sub-operations-no-last,budget_exhausted,-22.973813704530947,-16.000000705422472,6.973812999108475
qwen3-8b,structural,structural:finance_ledger-tax_basis-01:sub-operations-first-only:after_first_success,finance_ledger-tax_basis-01,resolve_tax_basis,finance_ledger,sub-operations-first-only,budget_exhausted,-33.99913744022611,-23.035879148147934,10.963258292078173
qwen3-8b,structural,structural:finance_ledger-tax_basis-01:sub-operations-no-first:pre_action,finance_ledger-tax_basis-01,resolve_tax_basis,finance_ledger,sub-operations-no-first,unavailable,-14.851430998526347,-11.509482849579868,3.3419481489464786
qwen3-8b,structural,structural:finance_ledger-tax_basis-01:sub-operations-no-gold:pre_action,finance_ledger-tax_basis-01,resolve_tax_basis,finance_ledger,sub-operations-no-gold,unavailable,-14.851430998526347,-15.057211346283566,-0.20578034775721932
qwen3-8b,structural,structural:finance_ledger-tax_basis-01:sub-operations-no-last:after_penultimate_success,finance_ledger-tax_basis-01,resolve_tax_basis,finance_ledger,sub-operations-no-last,budget_exhausted,-31.348804532460477,-16.50003300888398,14.848771523576495
qwen3-8b,structural,structural:finance_ledger-tax_basis-02:sub-operations-first-only:after_first_success,finance_ledger-tax_basis-02,resolve_tax_basis,finance_ledger,sub-operations-first-only,budget_exhausted,-27.977054692473672,-25.038028485457403,2.939026207016269
qwen3-8b,structural,structural:finance_ledger-tax_basis-02:sub-operations-no-first:pre_action,finance_ledger-tax_basis-02,resolve_tax_basis,finance_ledger,sub-operations-no-first,unavailable,-13.812119189479994,-9.563704555704597,4.248414633775397
qwen3-8b,structural,structural:finance_ledger-tax_basis-02:sub-operations-no-gold:pre_action,finance_ledger-tax_basis-02,resolve_tax_basis,finance_ledger,sub-operations-no-gold,unavailable,-13.812119189479994,-12.333700876530628,1.4784183129493655
qwen3-8b,structural,structural:finance_ledger-tax_basis-02:sub-operations-no-last:after_penultimate_success,finance_ledger-tax_basis-02,resolve_tax_basis,finance_ledger,sub-operations-no-last,budget_exhausted,-30.973804422521887,-16.625001422543498,14.348802999978389
qwen3-8b,structural,structural:finance_ledger-tax_basis-03:sub-operations-first-only:after_first_success,finance_ledger-tax_basis-03,resolve_tax_basis,finance_ledger,sub-operations-first-only,budget_exhausted,-31.851268923138107,-24.52867895290582,7.322589970232286
qwen3-8b,structural,structural:finance_ledger-tax_basis-03:sub-operations-no-first:pre_action,finance_ledger-tax_basis-03,resolve_tax_basis,finance_ledger,sub-operations-no-first,unavailable,-14.08185499691777,-12.886200385164727,1.1956546117530422
qwen3-8b,structural,structural:finance_ledger-tax_basis-03:sub-operations-no-gold:pre_action,finance_ledger-tax_basis-03,resolve_tax_basis,finance_ledger,sub-operations-no-gold,unavailable,-14.08185499691777,-10.697975188516267,3.3838798084015025
qwen3-8b,structural,structural:finance_ledger-tax_basis-03:sub-operations-no-last:after_penultimate_success,finance_ledger-tax_basis-03,resolve_tax_basis,finance_ledger,sub-operations-no-last,budget_exhausted,-23.723945244030922,-17.25000717425629,6.473938069774633
qwen3-8b,structural,structural:finance_ledger-tax_basis-04:sub-operations-first-only:after_first_success,finance_ledger-tax_basis-04,resolve_tax_basis,finance_ledger,sub-operations-first-only,unavailable,-29.301698772838748,-23.288356527316495,6.013342245522253
qwen3-8b,structural,structural:finance_ledger-tax_basis-04:sub-operations-no-first:pre_action,finance_ledger-tax_basis-04,resolve_tax_basis,finance_ledger,sub-operations-no-first,unavailable,-15.331424823628332,-13.019787305553152,2.3116375180751803
qwen3-8b,structural,structural:finance_ledger-tax_basis-04:sub-operations-no-gold:pre_action,finance_ledger-tax_basis-04,resolve_tax_basis,finance_ledger,sub-operations-no-gold,unavailable,-15.331424823628332,-14.814857401517862,0.5165674221104695
qwen3-8b,structural,structural:finance_ledger-tax_basis-04:sub-operations-no-last:after_penultimate_success,finance_ledger-tax_basis-04,resolve_tax_basis,finance_ledger,sub-operations-no-last,budget_exhausted,-32.5988114469652,-16.37501335635249,16.22379809061271
qwen3-8b,structural,structural:finance_ledger-transaction_fee-00:sub-operations-first-only:after_first_success,finance_ledger-transaction_fee-00,resolve_transaction_fee,finance_ledger,sub-operations-first-only,budget_exhausted,-32.098896147312026,-29.667745578270292,2.4311505690417334
qwen3-8b,structural,structural:finance_ledger-transaction_fee-00:sub-operations-no-first:pre_action,finance_ledger-transaction_fee-00,resolve_transaction_fee,finance_ledger,sub-operations-no-first,unavailable,-18.36190647800197,-15.566821013519565,2.795085464482405
qwen3-8b,structural,structural:finance_ledger-transaction_fee-00:sub-operations-no-gold:pre_action,finance_ledger-transaction_fee-00,resolve_transaction_fee,finance_ledger,sub-operations-no-gold,unavailable,-18.36190647800197,-17.703954728503206,0.6579517494987641
qwen3-8b,structural,structural:finance_ledger-transaction_fee-00:sub-operations-no-last:after_penultimate_success,finance_ledger-transaction_fee-00,resolve_transaction_fee,finance_ledger,sub-operations-no-last,budget_exhausted,-31.098876325729115,-39.11876545957412,-8.019889133845005
qwen3-8b,structural,structural:finance_ledger-transaction_fee-01:sub-operations-first-only:after_first_success,finance_ledger-transaction_fee-01,resolve_transaction_fee,finance_ledger,sub-operations-first-only,budget_exhausted,-34.850709645359636,-25.667755533970265,9.182954111389371
qwen3-8b,structural,structural:finance_ledger-transaction_fee-01:sub-operations-no-first:pre_action,finance_ledger-transaction_fee-01,resolve_transaction_fee,finance_ledger,sub-operations-no-first,unavailable,-22.763703129970594,-13.88827917326904,8.875423956701553
qwen3-8b,structural,structural:finance_ledger-transaction_fee-01:sub-operations-no-gold:pre_action,finance_ledger-transaction_fee-01,resolve_transaction_fee,finance_ledger,sub-operations-no-gold,unavailable,-22.763703129970594,-13.005696513352163,9.758006616618431
qwen3-8b,structural,structural:finance_ledger-transaction_fee-01:sub-operations-no-last:after_penultimate_success,finance_ledger-transaction_fee-01,resolve_transaction_fee,finance_ledger,sub-operations-no-last,budget_exhausted,-30.723805037353202,-20.658573231297765,10.065231806055436
qwen3-8b,structural,structural:finance_ledger-transaction_fee-02:sub-operations-first-only:after_first_success,finance_ledger-transaction_fee-02,resolve_transaction_fee,finance_ledger,sub-operations-first-only,budget_exhausted,-28.27237423861913,-19.927154410078735,8.345219828540394
qwen3-8b,structural,structural:finance_ledger-transaction_fee-02:sub-operations-no-first:pre_action,finance_ledger-transaction_fee-02,resolve_transaction_fee,finance_ledger,sub-operations-no-first,unavailable,-18.498076540596138,-15.72838322115313,2.7696933194430073
qwen3-8b,structural,structural:finance_ledger-transaction_fee-02:sub-operations-no-gold:pre_action,finance_ledger-transaction_fee-02,resolve_transaction_fee,finance_ledger,sub-operations-no-gold,unavailable,-18.498076540596138,-15.283435909312622,3.2146406312835154
qwen3-8b,structural,structural:finance_ledger-transaction_fee-02:sub-operations-no-last:after_penultimate_success,finance_ledger-transaction_fee-02,resolve_transaction_fee,finance_ledger,sub-operations-no-last,budget_exhausted,-26.598809839125693,-33.22247484472891,-6.623665005603215
qwen3-8b,structural,structural:finance_ledger-transaction_fee-03:sub-operations-first-only:after_first_success,finance_ledger-transaction_fee-03,resolve_transaction_fee,finance_ledger,sub-operations-first-only,budget_exhausted,-27.99752473787938,-28.04264842072486,-0.045123682845478186
qwen3-8b,structural,structural:finance_ledger-transaction_fee-03:sub-operations-no-first:pre_action,finance_ledger-transaction_fee-03,resolve_transaction_fee,finance_ledger,sub-operations-no-first,unavailable,-17.34673169786886,-15.223982633045203,2.122749064823658
qwen3-8b,structural,structural:finance_ledger-transaction_fee-03:sub-operations-no-gold:pre_action,finance_ledger-transaction_fee-03,resolve_transaction_fee,finance_ledger,sub-operations-no-gold,unavailable,-17.34673169786886,-15.703348291972993,1.643383405895868
qwen3-8b,structural,structural:finance_ledger-transaction_fee-03:sub-operations-no-last:after_penultimate_success,finance_ledger-transaction_fee-03,resolve_transaction_fee,finance_ledger,sub-operations-no-last,budget_exhausted,-25.848806690701515,-15.502826838676157,10.345979852025359
qwen3-8b,structural,structural:finance_ledger-transaction_fee-04:sub-operations-first-only:after_first_success,finance_ledger-transaction_fee-04,resolve_transaction_fee,finance_ledger,sub-operations-first-only,budget_exhausted,-29.356955672471592,-20.311473470357527,9.045482202114066
qwen3-8b,structural,structural:finance_ledger-transaction_fee-04:sub-operations-no-first:pre_action,finance_ledger-transaction_fee-04,resolve_transaction_fee,finance_ledger,sub-operations-no-first,unavailable,-17.42575007281821,-16.062766339846398,1.3629837329718129
qwen3-8b,structural,structural:finance_ledger-transaction_fee-04:sub-operations-no-gold:pre_action,finance_ledger-transaction_fee-04,resolve_transaction_fee,finance_ledger,sub-operations-no-gold,unavailable,-17.42575007281821,-14.128553681005087,3.2971963918131237
qwen3-8b,structural,structural:finance_ledger-transaction_fee-04:sub-operations-no-last:after_penultimate_success,finance_ledger-transaction_fee-04,resolve_transaction_fee,finance_ledger,sub-operations-no-last,budget_exhausted,-26.97386473629892,-22.587067208151666,4.386797528147255
qwen3-8b,structural,structural:inventory_fulfillment-backorder_priority-00:sub-operations-first-only:after_first_success,inventory_fulfillment-backorder_priority-00,resolve_backorder_priority,inventory_fulfillment,sub-operations-first-only,unavailable,-26.223830919263932,-12.875231557081754,13.348599362182178
qwen3-8b,structural,structural:inventory_fulfillment-backorder_priority-00:sub-operations-no-first:pre_action,inventory_fulfillment-backorder_priority-00,resolve_backorder_priority,inventory_fulfillment,sub-operations-no-first,unavailable,-13.354587536852513,-16.514967446259114,-3.1603799094066005
qwen3-8b,structural,structural:inventory_fulfillment-backorder_priority-00:sub-operations-no-gold:pre_action,inventory_fulfillment-backorder_priority-00,resolve_backorder_priority,inventory_fulfillment,sub-operations-no-gold,budget_exhausted,-13.354587536852513,-16.57918278361074,-3.224595246758227
qwen3-8b,structural,structural:inventory_fulfillment-backorder_priority-00:sub-operations-no-last:after_penultimate_success,inventory_fulfillment-backorder_priority-00,resolve_backorder_priority,inventory_fulfillment,sub-operations-no-last,unavailable,-23.34892203633799,-15.67172550001073,7.6771965363272585
qwen3-8b,structural,structural:inventory_fulfillment-backorder_priority-01:sub-operations-first-only:after_first_success,inventory_fulfillment-backorder_priority-01,resolve_backorder_priority,inventory_fulfillment,sub-operations-first-only,unavailable,-25.324867024623202,-21.667132087983866,3.6577349366393364
qwen3-8b,structural,structural:inventory_fulfillment-backorder_priority-01:sub-operations-no-first:pre_action,inventory_fulfillment-backorder_priority-01,resolve_backorder_priority,inventory_fulfillment,sub-operations-no-first,unavailable,-11.498561605923548,-13.214050823413636,-1.715489217490088
qwen3-8b,structural,structural:inventory_fulfillment-backorder_priority-01:sub-operations-no-gold:pre_action,inventory_fulfillment-backorder_priority-01,resolve_backorder_priority,inventory_fulfillment,sub-operations-no-gold,unavailable,-11.498561605923548,-18.829175951475392,-7.330614345551844
qwen3-8b,structural,structural:inventory_fulfillment-backorder_priority-01:sub-operations-no-last:after_penultimate_success,inventory_fulfillment-backorder_priority-01,resolve_backorder_priority,inventory_fulfillment,sub-operations-no-last,budget_exhausted,-26.849247601689584,-13.973312339876642,12.875935261812941
qwen3-8b,structural,structural:inventory_fulfillment-backorder_priority-02:sub-operations-first-only:after_first_success,inventory_fulfillment-backorder_priority-02,resolve_backorder_priority,inventory_fulfillment,sub-operations-first-only,budget_exhausted,-21.47370705162981,-19.895635141636,1.5780719099938096
qwen3-8b,structural,structural:inventory_fulfillment-backorder_priority-02:sub-operations-no-first:pre_action,inventory_fulfillment-backorder_priority-02,resolve_backorder_priority,inventory_fulfillment,sub-operations-no-first,unavailable,-11.24149273865671,-12.140391982868756,-0.8988992442120463
qwen3-8b,structural,structural:inventory_fulfillment-backorder_priority-02:sub-operations-no-gold:pre_action,inventory_fulfillment-backorder_priority-02,resolve_backorder_priority,inventory_fulfillment,sub-operations-no-gold,unavailable,-11.24149273865671,-16.204344329865158,-4.962851591208448
qwen3-8b,structural,structural:inventory_fulfillment-backorder_priority-02:sub-operations-no-last:after_penultimate_success,inventory_fulfillment-backorder_priority-02,resolve_backorder_priority,inventory_fulfillment,sub-operations-no-last,budget_exhausted,-17.4740408627532,-15.37500428275741,2.09903657999579
qwen3-8b,structural,structural:inventory_fulfillment-backorder_priority-03:sub-operations-first-only:after_first_success,inventory_fulfillment-backorder_priority-03,resolve_backorder_priority,inventory_fulfillment,sub-operations-first-only,budget_exhausted,-24.098802361006598,-12.877031748443514,11.221770612563084
qwen3-8b,structural,structural:inventory_fulfillment-backorder_priority-03:sub-operations-no-first:pre_action,inventory_fulfillment-backorder_priority-03,resolve_backorder_priority,inventory_fulfillment,sub-operations-no-first,unavailable,-10.811806486474886,-11.05121981922452,-0.23941333274963483
qwen3-8b,structural,structural:inventory_fulfillment-backorder_priority-03:sub-operations-no-gold:pre_action,inventory_fulfillment-backorder_priority-03,resolve_backorder_priority,inventory_fulfillment,sub-operations-no-gold,budget_exhausted,-10.811806486474886,-11.704497785920346,-0.8926912994454597
qwen3-8b,structural,structural:inventory_fulfillment-backorder_priority-03:sub-operations-no-last:after_penultimate_success,inventory_fulfillment-backorder_priority-03,resolve_backorder_priority,inventory_fulfillment,sub-operations-no-last,budget_exhausted,-23.724084599033482,-14.14841018399828,9.575674415035202
qwen3-8b,structural,structural:inventory_fulfillment-backorder_priority-04:sub-operations-first-only:after_first_success,inventory_fulfillment-backorder_priority-04,resolve_backorder_priority,inventory_fulfillment,sub-operations-first-only,unavailable,-25.097448607475876,-13.610353919024078,11.487094688451798
qwen3-8b,structural,structural:inventory_fulfillment-backorder_priority-04:sub-operations-no-first:pre_action,inventory_fulfillment-backorder_priority-04,resolve_backorder_priority,inventory_fulfillment,sub-operations-no-first,unavailable,-12.264286785778268,-15.122873958546428,-2.8585871727681607
qwen3-8b,structural,structural:inventory_fulfillment-backorder_priority-04:sub-operations-no-gold:pre_action,inventory_fulfillment-backorder_priority-04,resolve_backorder_priority,inventory_fulfillment,sub-operations-no-gold,budget_exhausted,-12.264286785778268,-15.954918330369871,-3.6906315445916036
qwen3-8b,structural,structural:inventory_fulfillment-backorder_priority-04:sub-operations-no-last:after_penultimate_success,inventory_fulfillment-backorder_priority-04,resolve_backorder_priority,inventory_fulfillment,sub-operations-no-last,budget_exhausted,-25.47396546978836,-14.559472312809639,10.914493156978722
qwen3-8b,structural,structural:inventory_fulfillment-capacity_utilization-00:sub-operations-first-only:after_first_success,inventory_fulfillment-capacity_utilization-00,resolve_capacity_utilization,inventory_fulfillment,sub-operations-first-only,unavailable,-31.37215599671749,-14.500337226679704,16.871818770037784
qwen3-8b,structural,structural:inventory_fulfillment-capacity_utilization-00:sub-operations-no-first:pre_action,inventory_fulfillment-capacity_utilization-00,resolve_capacity_utilization,inventory_fulfillment,sub-operations-no-first,unavailable,-22.364073698956517,-21.03583257818468,1.3282411207718354
qwen3-8b,structural,structural:inventory_fulfillment-capacity_utilization-00:sub-operations-no-gold:pre_action,inventory_fulfillment-capacity_utilization-00,resolve_capacity_utilization,inventory_fulfillment,sub-operations-no-gold,budget_exhausted,-22.364073698956517,-13.11419717799562,9.249876520960896
qwen3-8b,structural,structural:inventory_fulfillment-capacity_utilization-00:sub-operations-no-last:after_penultimate_success,inventory_fulfillment-capacity_utilization-00,resolve_capacity_utilization,inventory_fulfillment,sub-operations-no-last,budget_exhausted,-28.476995521025465,-15.75000037995759,12.726995141067874
qwen3-8b,structural,structural:inventory_fulfillment-capacity_utilization-01:sub-operations-first-only:after_first_success,inventory_fulfillment-capacity_utilization-01,resolve_capacity_utilization,inventory_fulfillment,sub-operations-first-only,unavailable,-33.473913603410296,-13.625323135974192,19.848590467436104
qwen3-8b,structural,structural:inventory_fulfillment-capacity_utilization-01:sub-operations-no-first:pre_action,inventory_fulfillment-capacity_utilization-01,resolve_capacity_utilization,inventory_fulfillment,sub-operations-no-first,unavailable,-16.384166205775543,-20.31774958582558,-3.933583380050038
qwen3-8b,structural,structural:inventory_fulfillment-capacity_utilization-01:sub-operations-no-gold:pre_action,inventory_fulfillment-capacity_utilization-01,resolve_capacity_utilization,inventory_fulfillment,sub-operations-no-gold,unavailable,-16.384166205775543,-14.918481229626138,1.4656849761494044
qwen3-8b,structural,structural:inventory_fulfillment-capacity_utilization-01:sub-operations-no-last:after_penultimate_success,inventory_fulfillment-capacity_utilization-01,resolve_capacity_utilization,inventory_fulfillment,sub-operations-no-last,budget_exhausted,-26.099353982971643,-15.500000681998216,10.599353300973426
qwen3-8b,structural,structural:inventory_fulfillment-capacity_utilization-02:sub-operations-first-only:after_first_success,inventory_fulfillment-capacity_utilization-02,resolve_capacity_utilization,inventory_fulfillment,sub-operations-first-only,unavailable,-27.977395604145855,-14.250305447625486,13.727090156520369
qwen3-8b,structural,structural:inventory_fulfillment-capacity_utilization-02:sub-operations-no-first:pre_action,inventory_fulfillment-capacity_utilization-02,resolve_capacity_utilization,inventory_fulfillment,sub-operations-no-first,unavailable,-11.865215867529592,-15.516378220093891,-3.651162352564299
qwen3-8b,structural,structural:inventory_fulfillment-capacity_utilization-02:sub-operations-no-gold:pre_action,inventory_fulfillment-capacity_utilization-02,resolve_capacity_utilization,inventory_fulfillment,sub-operations-no-gold,unavailable,-11.865215867529592,-17.76957006428325,-5.904354196753658
qwen3-8b,structural,structural:inventory_fulfillment-capacity_utilization-02:sub-operations-no-last:after_penultimate_success,inventory_fulfillment-capacity_utilization-02,resolve_capacity_utilization,inventory_fulfillment,sub-operations-no-last,budget_exhausted,-29.09881454516946,-15.250001365568558,13.848813179600903
qwen3-8b,structural,structural:inventory_fulfillment-capacity_utilization-03:sub-operations-first-only:after_first_success,inventory_fulfillment-capacity_utilization-03,resolve_capacity_utilization,inventory_fulfillment,sub-operations-first-only,budget_exhausted,-29.61705758683972,-14.00012293916216,15.61693464767756
qwen3-8b,structural,structural:inventory_fulfillment-capacity_utilization-03:sub-operations-no-first:pre_action,inventory_fulfillment-capacity_utilization-03,resolve_capacity_utilization,inventory_fulfillment,sub-operations-no-first,unavailable,-17.57279741243071,-23.084449936475508,-5.511652524044798
qwen3-8b,structural,structural:inventory_fulfillment-capacity_utilization-03:sub-operations-no-gold:pre_action,inventory_fulfillment-capacity_utilization-03,resolve_capacity_utilization,inventory_fulfillment,sub-operations-no-gold,unavailable,-17.57279741243071,-19.067136966265394,-1.4943395538346849
qwen3-8b,structural,structural:inventory_fulfillment-capacity_utilization-03:sub-operations-no-last:after_penultimate_success,inventory_fulfillment-capacity_utilization-03,resolve_capacity_utilization,inventory_fulfillment,sub-operations-no-last,budget_exhausted,-27.35748762254351,-14.875000908222724,12.482486714320785
qwen3-8b,structural,structural:inventory_fulfillment-capacity_utilization-04:sub-operations-first-only:after_first_success,inventory_fulfillment-capacity_utilization-04,resolve_capacity_utilization,inventory_fulfillment,sub-operations-first-only,unavailable,-28.84899984008615,-15.375075694431239,13.473924145654912
qwen3-8b,structural,structural:inventory_fulfillment-capacity_utilization-04:sub-operations-no-first:pre_action,inventory_fulfillment-capacity_utilization-04,resolve_capacity_utilization,inventory_fulfillment,sub-operations-no-first,unavailable,-15.882443078018468,-16.088000789461645,-0.20555771144317703
qwen3-8b,structural,structural:inventory_fulfillment-capacity_utilization-04:sub-operations-no-gold:pre_action,inventory_fulfillment-capacity_utilization-04,resolve_capacity_utilization,inventory_fulfillment,sub-operations-no-gold,unavailable,-15.882443078018468,-9.957461949326095,5.924981128692373
qwen3-8b,structural,structural:inventory_fulfillment-capacity_utilization-04:sub-operations-no-last:after_penultimate_success,inventory_fulfillment-capacity_utilization-04,resolve_capacity_utilization,inventory_fulfillment,sub-operations-no-last,budget_exhausted,-26.601996365650407,-16.62500143848073,9.976994927169677
qwen3-8b,structural,structural:inventory_fulfillment-cycle_count_variance-00:sub-operations-first-only:after_first_success,inventory_fulfillment-cycle_count_variance-00,resolve_cycle_count_variance,inventory_fulfillment,sub-operations-first-only,unavailable,-32.224491786830065,-12.667333871180475,19.55715791564959
qwen3-8b,structural,structural:inventory_fulfillment-cycle_count_variance-00:sub-operations-no-first:pre_action,inventory_fulfillment-cycle_count_variance-00,resolve_cycle_count_variance,inventory_fulfillment,sub-operations-no-first,budget_exhausted,-17.21016100743887,-17.8689601375932,-0.6587991301543283
qwen3-8b,structural,structural:inventory_fulfillment-cycle_count_variance-00:sub-operations-no-gold:pre_action,inventory_fulfillment-cycle_count_variance-00,resolve_cycle_count_variance,inventory_fulfillment,sub-operations-no-gold,unavailable,-17.21016100743887,-23.375787439024904,-6.165626431586034
qwen3-8b,structural,structural:inventory_fulfillment-cycle_count_variance-00:sub-operations-no-last:after_penultimate_success,inventory_fulfillment-cycle_count_variance-00,resolve_cycle_count_variance,inventory_fulfillment,sub-operations-no-last,budget_exhausted,-33.848833020126825,-15.75000033339142,18.098832686735406
qwen3-8b,structural,structural:inventory_fulfillment-cycle_count_variance-01:sub-operations-first-only:after_first_success,inventory_fulfillment-cycle_count_variance-01,resolve_cycle_count_variance,inventory_fulfillment,sub-operations-first-only,unavailable,-33.35068105227638,-14.567724275958419,18.78295677631796
qwen3-8b,structural,structural:inventory_fulfillment-cycle_count_variance-01:sub-operations-no-first:pre_action,inventory_fulfillment-cycle_count_variance-01,resolve_cycle_count_variance,inventory_fulfillment,sub-operations-no-first,unavailable,-17.375397627618483,-13.818133740092506,3.557263887525977
qwen3-8b,structural,structural:inventory_fulfillment-cycle_count_variance-01:sub-operations-no-gold:pre_action,inventory_fulfillment-cycle_count_variance-01,resolve_cycle_count_variance,inventory_fulfillment,sub-operations-no-gold,budget_exhausted,-17.375397627618483,-18.21126765877642,-0.8358700311579383
qwen3-8b,structural,structural:inventory_fulfillment-cycle_count_variance-01:sub-operations-no-last:after_penultimate_success,inventory_fulfillment-cycle_count_variance-01,resolve_cycle_count_variance,inventory_fulfillment,sub-operations-no-last,budget_exhausted,-26.098803114834517,-16.125000166194,9.973802948640518
qwen3-8b,structural,structural:inventory_fulfillment-cycle_count_variance-02:sub-operations-first-only:after_first_success,inventory_fulfillment-cycle_count_variance-02,resolve_cycle_count_variance,inventory_fulfillment,sub-operations-first-only,unavailable,-28.975856159079775,-12.922932916863843,16.052923242215932
qwen3-8b,structural,structural:inventory_fulfillment-cycle_count_variance-02:sub-operations-no-first:pre_action,inventory_fulfillment-cycle_count_variance-02,resolve_cycle_count_variance,inventory_fulfillment,sub-operations-no-first,unavailable,-16.691274763663635,-12.649076717618442,4.042198046045193
qwen3-8b,structural,structural:inventory_fulfillment-cycle_count_variance-02:sub-operations-no-gold:pre_action,inventory_fulfillment-cycle_count_variance-02,resolve_cycle_count_variance,inventory_fulfillment,sub-operations-no-gold,unavailable,-16.691274763663635,-19.99274318923098,-3.301468425567343
qwen3-8b,structural,structural:inventory_fulfillment-cycle_count_variance-02:sub-operations-no-last:after_penultimate_success,inventory_fulfillment-cycle_count_variance-02,resolve_cycle_count_variance,inventory_fulfillment,sub-operations-no-last,budget_exhausted,-29.973865692107474,-14.250002638870342,15.723863053237132
qwen3-8b,structural,structural:inventory_fulfillment-cycle_count_variance-03:sub-operations-first-only:after_first_success,inventory_fulfillment-cycle_count_variance-03,resolve_cycle_count_variance,inventory_fulfillment,sub-operations-first-only,unavailable,-31.599906734932645,-13.030506821733773,18.569399913198872
qwen3-8b,structural,structural:inventory_fulfillment-cycle_count_variance-03:sub-operations-no-first:pre_action,inventory_fulfillment-cycle_count_variance-03,resolve_cycle_count_variance,inventory_fulfillment,sub-operations-no-first,unavailable,-17.153797454816655,-12.959497450417715,4.19430000439894
qwen3-8b,structural,structural:inventory_fulfillment-cycle_count_variance-03:sub-operations-no-gold:pre_action,inventory_fulfillment-cycle_count_variance-03,resolve_cycle_count_variance,inventory_fulfillment,sub-operations-no-gold,unavailable,-17.153797454816655,-21.356522420856535,-4.202724966039881
qwen3-8b,structural,structural:inventory_fulfillment-cycle_count_variance-03:sub-operations-no-last:after_penultimate_success,inventory_fulfillment-cycle_count_variance-03,resolve_cycle_count_variance,inventory_fulfillment,sub-operations-no-last,budget_exhausted,-31.599160246523027,-15.625000394408389,15.974159852114639
qwen3-8b,structural,structural:inventory_fulfillment-cycle_count_variance-04:sub-operations-first-only:after_first_success,inventory_fulfillment-cycle_count_variance-04,resolve_cycle_count_variance,inventory_fulfillment,sub-operations-first-only,unavailable,-32.47381504895782,-14.709437382519852,17.764377666437966
qwen3-8b,structural,structural:inventory_fulfillment-cycle_count_variance-04:sub-operations-no-first:pre_action,inventory_fulfillment-cycle_count_variance-04,resolve_cycle_count_variance,inventory_fulfillment,sub-operations-no-first,budget_exhausted,-14.880244246797737,-15.516211073398381,-0.6359668266006437
qwen3-8b,structural,structural:inventory_fulfillment-cycle_count_variance-04:sub-operations-no-gold:pre_action,inventory_fulfillment-cycle_count_variance-04,resolve_cycle_count_variance,inventory_fulfillment,sub-operations-no-gold,unavailable,-14.880244246797737,-22.27884425563372,-7.3986000088359845
qwen3-8b,structural,structural:inventory_fulfillment-cycle_count_variance-04:sub-operations-no-last:after_penultimate_success,inventory_fulfillment-cycle_count_variance-04,resolve_cycle_count_variance,inventory_fulfillment,sub-operations-no-last,budget_exhausted,-33.223807030285414,-17.37499978787624,15.848807242409173
qwen3-8b,structural,structural:inventory_fulfillment-expiry_risk-01:sub-operations-first-only:after_first_success,inventory_fulfillment-expiry_risk-01,resolve_expiry_risk,inventory_fulfillment,sub-operations-first-only,budget_exhausted,-33.47387734027858,-16.846111079758494,16.627766260520083
qwen3-8b,structural,structural:inventory_fulfillment-expiry_risk-01:sub-operations-no-first:pre_action,inventory_fulfillment-expiry_risk-01,resolve_expiry_risk,inventory_fulfillment,sub-operations-no-first,budget_exhausted,-16.14318232635923,-14.973406440461517,1.1697758858977139
qwen3-8b,structural,structural:inventory_fulfillment-expiry_risk-01:sub-operations-no-gold:pre_action,inventory_fulfillment-expiry_risk-01,resolve_expiry_risk,inventory_fulfillment,sub-operations-no-gold,unavailable,-16.14318232635923,-4.130994613767861,12.01218771259137
qwen3-8b,structural,structural:inventory_fulfillment-expiry_risk-01:sub-operations-no-last:after_penultimate_success,inventory_fulfillment-expiry_risk-01,resolve_expiry_risk,inventory_fulfillment,sub-operations-no-last,budget_exhausted,-23.97418481282304,-13.901164279356657,10.073020533466384
qwen3-8b,structural,structural:inventory_fulfillment-expiry_risk-02:sub-operations-first-only:after_first_success,inventory_fulfillment-expiry_risk-02,resolve_expiry_risk,inventory_fulfillment,sub-operations-first-only,budget_exhausted,-31.97409183874533,-22.791160632337245,9.182931206408085
qwen3-8b,structural,structural:inventory_fulfillment-expiry_risk-02:sub-operations-no-first:pre_action,inventory_fulfillment-expiry_risk-02,resolve_expiry_risk,inventory_fulfillment,sub-operations-no-first,unavailable,-17.500329532606223,-15.966536422662578,1.5337931099436446
qwen3-8b,structural,structural:inventory_fulfillment-expiry_risk-02:sub-operations-no-gold:pre_action,inventory_fulfillment-expiry_risk-02,resolve_expiry_risk,inventory_fulfillment,sub-operations-no-gold,unavailable,-17.500329532606223,-13.513186222563753,3.9871433100424696
qwen3-8b,structural,structural:inventory_fulfillment-expiry_risk-02:sub-operations-no-last:after_penultimate_success,inventory_fulfillment-expiry_risk-02,resolve_expiry_risk,inventory_fulfillment,sub-operations-no-last,budget_exhausted,-24.77542316200703,-20.813276757611007,3.962146404396023
qwen3-8b,structural,structural:inventory_fulfillment-expiry_risk-04:sub-operations-first-only:after_first_success,inventory_fulfillment-expiry_risk-04,resolve_expiry_risk,inventory_fulfillment,sub-operations-first-only,unavailable,-33.84881073481986,-21.381833824737313,12.466976910082543
qwen3-8b,structural,structural:inventory_fulfillment-expiry_risk-04:sub-operations-no-first:pre_action,inventory_fulfillment-expiry_risk-04,resolve_expiry_risk,inventory_fulfillment,sub-operations-no-first,unavailable,-18.792369072709533,-19.49260559783687,-0.7002365251273375
qwen3-8b,structural,structural:inventory_fulfillment-expiry_risk-04:sub-operations-no-gold:pre_action,inventory_fulfillment-expiry_risk-04,resolve_expiry_risk,inventory_fulfillment,sub-operations-no-gold,unavailable,-18.792369072709533,-14.012075712216216,4.780293360493317
qwen3-8b,structural,structural:inventory_fulfillment-expiry_risk-04:sub-operations-no-last:after_penultimate_success,inventory_fulfillment-expiry_risk-04,resolve_expiry_risk,inventory_fulfillment,sub-operations-no-last,unavailable,-27.349383857059173,-15.345187323356512,12.004196533702661
qwen3-8b,structural,structural:inventory_fulfillment-fulfillment_feasibility-00:sub-operations-first-only:after_first_success,inventory_fulfillment-fulfillment_feasibility-00,resolve_fulfillment_feasibility,inventory_fulfillment,sub-operations-first-only,unavailable,-33.098846726713596,-18.05084598759276,15.048000739120837
qwen3-8b,structural,structural:inventory_fulfillment-fulfillment_feasibility-00:sub-operations-no-first:pre_action,inventory_fulfillment-fulfillment_feasibility-00,resolve_fulfillment_feasibility,inventory_fulfillment,sub-operations-no-first,budget_exhausted,-17.76299907110637,-15.414331041388891,2.34866802971748
qwen3-8b,structural,structural:inventory_fulfillment-fulfillment_feasibility-00:sub-operations-no-gold:pre_action,inventory_fulfillment-fulfillment_feasibility-00,resolve_fulfillment_feasibility,inventory_fulfillment,sub-operations-no-gold,budget_exhausted,-17.76299907110637,-14.456615801129665,3.306383269976706
qwen3-8b,structural,structural:inventory_fulfillment-fulfillment_feasibility-00:sub-operations-no-last:after_penultimate_success,inventory_fulfillment-fulfillment_feasibility-00,resolve_fulfillment_feasibility,inventory_fulfillment,sub-operations-no-last,unavailable,-34.598822228865856,-21.485263645363915,13.113558583501941
qwen3-8b,structural,structural:inventory_fulfillment-fulfillment_feasibility-01:sub-operations-first-only:after_first_success,inventory_fulfillment-fulfillment_feasibility-01,resolve_fulfillment_feasibility,inventory_fulfillment,sub-operations-first-only,unavailable,-28.97403397303578,-21.1190140375802,7.85501993545558
qwen3-8b,structural,structural:inventory_fulfillment-fulfillment_feasibility-01:sub-operations-no-first:pre_action,inventory_fulfillment-fulfillment_feasibility-01,resolve_fulfillment_feasibility,inventory_fulfillment,sub-operations-no-first,budget_exhausted,-15.338349482053637,-15.418786949522975,-0.08043746746933778
qwen3-8b,structural,structural:inventory_fulfillment-fulfillment_feasibility-01:sub-operations-no-gold:pre_action,inventory_fulfillment-fulfillment_feasibility-01,resolve_fulfillment_feasibility,inventory_fulfillment,sub-operations-no-gold,unavailable,-15.338349482053637,-15.917621572609278,-0.5792720905556408
qwen3-8b,structural,structural:inventory_fulfillment-fulfillment_feasibility-01:sub-operations-no-last:after_penultimate_success,inventory_fulfillment-fulfillment_feasibility-01,resolve_fulfillment_feasibility,inventory_fulfillment,sub-operations-no-last,budget_exhausted,-31.098802214497,-25.886417441303095,5.212384773193904
qwen3-8b,structural,structural:inventory_fulfillment-fulfillment_feasibility-02:sub-operations-first-only:after_first_success,inventory_fulfillment-fulfillment_feasibility-02,resolve_fulfillment_feasibility,inventory_fulfillment,sub-operations-first-only,budget_exhausted,-30.84882694240072,-25.042736921597744,5.806090020802976
qwen3-8b,structural,structural:inventory_fulfillment-fulfillment_feasibility-02:sub-operations-no-first:pre_action,inventory_fulfillment-fulfillment_feasibility-02,resolve_fulfillment_feasibility,inventory_fulfillment,sub-operations-no-first,budget_exhausted,-14.529080988312494,-14.412811138842486,0.11626984947000807
qwen3-8b,structural,structural:inventory_fulfillment-fulfillment_feasibility-02:sub-operations-no-gold:pre_action,inventory_fulfillment-fulfillment_feasibility-02,resolve_fulfillment_feasibility,inventory_fulfillment,sub-operations-no-gold,budget_exhausted,-14.529080988312494,-17.894096971448214,-3.36501598313572
qwen3-8b,structural,structural:inventory_fulfillment-fulfillment_feasibility-02:sub-operations-no-last:after_penultimate_success,inventory_fulfillment-fulfillment_feasibility-02,resolve_fulfillment_feasibility,inventory_fulfillment,sub-operations-no-last,budget_exhausted,-25.473807279936977,-18.500001400900835,6.973805879036142
qwen3-8b,structural,structural:inventory_fulfillment-fulfillment_feasibility-03:sub-operations-first-only:after_first_success,inventory_fulfillment-fulfillment_feasibility-03,resolve_fulfillment_feasibility,inventory_fulfillment,sub-operations-first-only,budget_exhausted,-29.72380731127194,-23.81374557986065,5.9100617314112895
qwen3-8b,structural,structural:inventory_fulfillment-fulfillment_feasibility-03:sub-operations-no-first:pre_action,inventory_fulfillment-fulfillment_feasibility-03,resolve_fulfillment_feasibility,inventory_fulfillment,sub-operations-no-first,budget_exhausted,-14.375814089385877,-14.772479524812276,-0.3966654354263994
qwen3-8b,structural,structural:inventory_fulfillment-fulfillment_feasibility-03:sub-operations-no-gold:pre_action,inventory_fulfillment-fulfillment_feasibility-03,resolve_fulfillment_feasibility,inventory_fulfillment,sub-operations-no-gold,budget_exhausted,-14.375814089385877,-21.083048748354223,-6.707234658968346
qwen3-8b,structural,structural:inventory_fulfillment-fulfillment_feasibility-03:sub-operations-no-last:after_penultimate_success,inventory_fulfillment-fulfillment_feasibility-03,resolve_fulfillment_feasibility,inventory_fulfillment,sub-operations-no-last,budget_exhausted,-26.223829827246284,-16.8750849685445,9.348744858701785
qwen3-8b,structural,structural:inventory_fulfillment-fulfillment_feasibility-04:sub-operations-first-only:after_first_success,inventory_fulfillment-fulfillment_feasibility-04,resolve_fulfillment_feasibility,inventory_fulfillment,sub-operations-first-only,budget_exhausted,-35.7238364654932,-29.348063001459153,6.375773464034047
qwen3-8b,structural,structural:inventory_fulfillment-fulfillment_feasibility-04:sub-operations-no-first:pre_action,inventory_fulfillment-fulfillment_feasibility-04,resolve_fulfillment_feasibility,inventory_fulfillment,sub-operations-no-first,budget_exhausted,-20.790499955870963,-20.34829686206873,0.44220309380223455
qwen3-8b,structural,structural:inventory_fulfillment-fulfillment_feasibility-04:sub-operations-no-gold:pre_action,inventory_fulfillment-fulfillment_feasibility-04,resolve_fulfillment_feasibility,inventory_fulfillment,sub-operations-no-gold,unavailable,-20.790499955870963,-21.330593525728673,-0.5400935698577101
qwen3-8b,structural,structural:inventory_fulfillment-fulfillment_feasibility-04:sub-operations-no-last:after_penultimate_success,inventory_fulfillment-fulfillment_feasibility-04,resolve_fulfillment_feasibility,inventory_fulfillment,sub-operations-no-last,budget_exhausted,-29.3488187957241,-19.47834238901423,9.87047640670987
qwen3-8b,structural,structural:inventory_fulfillment-pick_location-01:sub-operations-first-only:after_first_success,inventory_fulfillment-pick_location-01,resolve_pick_location,inventory_fulfillment,sub-operations-first-only,budget_exhausted,-34.59882354591125,-13.517030240059228,21.081793305852024
qwen3-8b,structural,structural:inventory_fulfillment-pick_location-01:sub-operations-no-first:pre_action,inventory_fulfillment-pick_location-01,resolve_pick_location,inventory_fulfillment,sub-operations-no-first,unavailable,-17.691864297913476,-15.763282093131053,1.9285822047824226
qwen3-8b,structural,structural:inventory_fulfillment-pick_location-01:sub-operations-no-gold:pre_action,inventory_fulfillment-pick_location-01,resolve_pick_location,inventory_fulfillment,sub-operations-no-gold,budget_exhausted,-17.691864297913476,-26.646753758555583,-8.954889460642107
qwen3-8b,structural,structural:inventory_fulfillment-pick_location-01:sub-operations-no-last:after_penultimate_success,inventory_fulfillment-pick_location-01,resolve_pick_location,inventory_fulfillment,sub-operations-no-last,budget_exhausted,-36.223859960346246,-16.75000348909108,19.473856471255168
qwen3-8b,structural,structural:inventory_fulfillment-pick_location-02:sub-operations-first-only:after_first_success,inventory_fulfillment-pick_location-02,resolve_pick_location,inventory_fulfillment,sub-operations-first-only,budget_exhausted,-38.848819599626694,-13.80823003115512,25.040589568471574
qwen3-8b,structural,structural:inventory_fulfillment-pick_location-02:sub-operations-no-first:pre_action,inventory_fulfillment-pick_location-02,resolve_pick_location,inventory_fulfillment,sub-operations-no-first,unavailable,-23.760673709470687,-19.933130551853147,3.8275431576175407
qwen3-8b,structural,structural:inventory_fulfillment-pick_location-02:sub-operations-no-gold:pre_action,inventory_fulfillment-pick_location-02,resolve_pick_location,inventory_fulfillment,sub-operations-no-gold,unavailable,-23.760673709470687,-24.704207015310374,-0.9435333058396864
qwen3-8b,structural,structural:inventory_fulfillment-pick_location-02:sub-operations-no-last:after_penultimate_success,inventory_fulfillment-pick_location-02,resolve_pick_location,inventory_fulfillment,sub-operations-no-last,budget_exhausted,-29.09880670577452,-16.125012197958114,12.973794507816407
qwen3-8b,structural,structural:inventory_fulfillment-pick_location-03:sub-operations-first-only:after_first_success,inventory_fulfillment-pick_location-03,resolve_pick_location,inventory_fulfillment,sub-operations-first-only,budget_exhausted,-34.97396189544649,-13.875142144226125,21.09881975122037
qwen3-8b,structural,structural:inventory_fulfillment-pick_location-03:sub-operations-no-first:pre_action,inventory_fulfillment-pick_location-03,resolve_pick_location,inventory_fulfillment,sub-operations-no-first,unavailable,-16.80495904216501,-17.244700854924126,-0.4397418127591166
qwen3-8b,structural,structural:inventory_fulfillment-pick_location-03:sub-operations-no-gold:pre_action,inventory_fulfillment-pick_location-03,resolve_pick_location,inventory_fulfillment,sub-operations-no-gold,unavailable,-16.80495904216501,-22.148333480586942,-5.343374438421932
qwen3-8b,structural,structural:inventory_fulfillment-pick_location-03:sub-operations-no-last:after_penultimate_success,inventory_fulfillment-pick_location-03,resolve_pick_location,inventory_fulfillment,sub-operations-no-last,budget_exhausted,-26.473808491373944,-16.000012292485103,10.473796198888842
qwen3-8b,structural,structural:inventory_fulfillment-pick_location-04:sub-operations-first-only:after_first_success,inventory_fulfillment-pick_location-04,resolve_pick_location,inventory_fulfillment,sub-operations-first-only,unavailable,-37.72381300734748,-13.87503530859398,23.8487776987535
qwen3-8b,structural,structural:inventory_fulfillment-pick_location-04:sub-operations-no-first:pre_action,inventory_fulfillment-pick_location-04,resolve_pick_location,inventory_fulfillment,sub-operations-no-first,unavailable,-19.482288681062315,-17.53431333439103,1.947975346671285
qwen3-8b,structural,structural:inventory_fulfillment-pick_location-04:sub-operations-no-gold:pre_action,inventory_fulfillment-pick_location-04,resolve_pick_location,inventory_fulfillment,sub-operations-no-gold,unavailable,-19.482288681062315,-30.19192863111168,-10.709639950049365
qwen3-8b,structural,structural:inventory_fulfillment-pick_location-04:sub-operations-no-last:after_penultimate_success,inventory_fulfillment-pick_location-04,resolve_pick_location,inventory_fulfillment,sub-operations-no-last,budget_exhausted,-31.973804446214473,-16.50000581296741,15.473798633247064
qwen3-8b,structural,structural:inventory_fulfillment-reorder_quantity-00:sub-operations-first-only:after_first_success,inventory_fulfillment-reorder_quantity-00,resolve_reorder_quantity,inventory_fulfillment,sub-operations-first-only,unavailable,-30.065666982089716,-29.797832905719353,0.26783407637036305
qwen3-8b,structural,structural:inventory_fulfillment-reorder_quantity-00:sub-operations-no-first:pre_action,inventory_fulfillment-reorder_quantity-00,resolve_reorder_quantity,inventory_fulfillment,sub-operations-no-first,unavailable,-18.405216360102415,-12.001626731286244,6.403589628816171
qwen3-8b,structural,structural:inventory_fulfillment-reorder_quantity-00:sub-operations-no-gold:pre_action,inventory_fulfillment-reorder_quantity-00,resolve_reorder_quantity,inventory_fulfillment,sub-operations-no-gold,unavailable,-18.405216360102415,-12.085763805374384,6.319452554728031
qwen3-8b,structural,structural:inventory_fulfillment-reorder_quantity-00:sub-operations-no-last:after_penultimate_success,inventory_fulfillment-reorder_quantity-00,resolve_reorder_quantity,inventory_fulfillment,sub-operations-no-last,budget_exhausted,-35.72380381503579,-24.281952711476464,11.441851103559323
qwen3-8b,structural,structural:inventory_fulfillment-reorder_quantity-01:sub-operations-first-only:after_first_success,inventory_fulfillment-reorder_quantity-01,resolve_reorder_quantity,inventory_fulfillment,sub-operations-first-only,budget_exhausted,-30.223890666819287,-33.92762124262739,-3.703730575808102
qwen3-8b,structural,structural:inventory_fulfillment-reorder_quantity-01:sub-operations-no-first:pre_action,inventory_fulfillment-reorder_quantity-01,resolve_reorder_quantity,inventory_fulfillment,sub-operations-no-first,unavailable,-23.190762732051773,-19.757807786271734,3.4329549457800397
qwen3-8b,structural,structural:inventory_fulfillment-reorder_quantity-01:sub-operations-no-gold:pre_action,inventory_fulfillment-reorder_quantity-01,resolve_reorder_quantity,inventory_fulfillment,sub-operations-no-gold,unavailable,-23.190762732051773,-16.57918520113266,6.611577530919114
qwen3-8b,structural,structural:inventory_fulfillment-reorder_quantity-01:sub-operations-no-last:after_penultimate_success,inventory_fulfillment-reorder_quantity-01,resolve_reorder_quantity,inventory_fulfillment,sub-operations-no-last,budget_exhausted,-37.84880619468814,-24.386936747288246,13.461869447399891
qwen3-8b,structural,structural:inventory_fulfillment-reorder_quantity-02:sub-operations-first-only:after_first_success,inventory_fulfillment-reorder_quantity-02,resolve_reorder_quantity,inventory_fulfillment,sub-operations-first-only,unavailable,-27.47802352762543,-29.769939048007117,-2.2919155203816857
qwen3-8b,structural,structural:inventory_fulfillment-reorder_quantity-02:sub-operations-no-first:pre_action,inventory_fulfillment-reorder_quantity-02,resolve_reorder_quantity,inventory_fulfillment,sub-operations-no-first,unavailable,-21.47572346909582,-15.655728746538095,5.819994722557723
qwen3-8b,structural,structural:inventory_fulfillment-reorder_quantity-02:sub-operations-no-gold:pre_action,inventory_fulfillment-reorder_quantity-02,resolve_reorder_quantity,inventory_fulfillment,sub-operations-no-gold,unavailable,-21.47572346909582,-12.216622650633326,9.259100818462493
qwen3-8b,structural,structural:inventory_fulfillment-reorder_quantity-02:sub-operations-no-last:after_penultimate_success,inventory_fulfillment-reorder_quantity-02,resolve_reorder_quantity,inventory_fulfillment,sub-operations-no-last,unavailable,-35.47380530753569,-30.611728877937317,4.862076429598375
qwen3-8b,structural,structural:inventory_fulfillment-reorder_quantity-03:sub-operations-first-only:after_first_success,inventory_fulfillment-reorder_quantity-03,resolve_reorder_quantity,inventory_fulfillment,sub-operations-first-only,budget_exhausted,-23.9743912688772,-28.399152437421556,-4.424761168544357
qwen3-8b,structural,structural:inventory_fulfillment-reorder_quantity-03:sub-operations-no-first:pre_action,inventory_fulfillment-reorder_quantity-03,resolve_reorder_quantity,inventory_fulfillment,sub-operations-no-first,unavailable,-16.853266835746474,-15.902746118696214,0.9505207170502601
qwen3-8b,structural,structural:inventory_fulfillment-reorder_quantity-03:sub-operations-no-gold:pre_action,inventory_fulfillment-reorder_quantity-03,resolve_reorder_quantity,inventory_fulfillment,sub-operations-no-gold,unavailable,-16.853266835746474,-17.455147792078343,-0.6018809563318683
qwen3-8b,structural,structural:inventory_fulfillment-reorder_quantity-03:sub-operations-no-last:after_penultimate_success,inventory_fulfillment-reorder_quantity-03,resolve_reorder_quantity,inventory_fulfillment,sub-operations-no-last,budget_exhausted,-35.473804580431356,-19.26814831943051,16.205656261000847
qwen3-8b,structural,structural:inventory_fulfillment-replenishment_source-00:sub-operations-first-only:after_first_success,inventory_fulfillment-replenishment_source-00,resolve_replenishment_source,inventory_fulfillment,sub-operations-first-only,unavailable,-32.8831943558564,-14.250059991286236,18.633134364570168
qwen3-8b,structural,structural:inventory_fulfillment-replenishment_source-00:sub-operations-no-first:pre_action,inventory_fulfillment-replenishment_source-00,resolve_replenishment_source,inventory_fulfillment,sub-operations-no-first,unavailable,-14.974975144724084,-13.50835344070969,1.4666217040143934
qwen3-8b,structural,structural:inventory_fulfillment-replenishment_source-00:sub-operations-no-gold:pre_action,inventory_fulfillment-replenishment_source-00,resolve_replenishment_source,inventory_fulfillment,sub-operations-no-gold,unavailable,-14.974975144724084,-2.4811959259122744,12.49377921881181
qwen3-8b,structural,structural:inventory_fulfillment-replenishment_source-00:sub-operations-no-last:after_penultimate_success,inventory_fulfillment-replenishment_source-00,resolve_replenishment_source,inventory_fulfillment,sub-operations-no-last,budget_exhausted,-13.214276911109046,-13.625061996484334,-0.4107850853752879
qwen3-8b,structural,structural:inventory_fulfillment-replenishment_source-01:sub-operations-first-only:after_first_success,inventory_fulfillment-replenishment_source-01,resolve_replenishment_source,inventory_fulfillment,sub-operations-first-only,unavailable,-27.357427866314985,-14.125066969530835,13.23236089678415
qwen3-8b,structural,structural:inventory_fulfillment-replenishment_source-01:sub-operations-no-first:pre_action,inventory_fulfillment-replenishment_source-01,resolve_replenishment_source,inventory_fulfillment,sub-operations-no-first,unavailable,-15.3543772671351,-14.64768888142703,0.7066883857080697
qwen3-8b,structural,structural:inventory_fulfillment-replenishment_source-01:sub-operations-no-gold:pre_action,inventory_fulfillment-replenishment_source-01,resolve_replenishment_source,inventory_fulfillment,sub-operations-no-gold,unavailable,-15.3543772671351,-4.971395280755743,10.382981986379356
qwen3-8b,structural,structural:inventory_fulfillment-replenishment_source-01:sub-operations-no-last:after_penultimate_success,inventory_fulfillment-replenishment_source-01,resolve_replenishment_source,inventory_fulfillment,sub-operations-no-last,budget_exhausted,-22.22388428878046,-14.375041922370052,7.848842366410409
qwen3-8b,structural,structural:inventory_fulfillment-replenishment_source-02:sub-operations-first-only:after_first_success,inventory_fulfillment-replenishment_source-02,resolve_replenishment_source,inventory_fulfillment,sub-operations-first-only,unavailable,-31.848839114713257,-15.500084226076176,16.34875488863708
qwen3-8b,structural,structural:inventory_fulfillment-replenishment_source-02:sub-operations-no-first:pre_action,inventory_fulfillment-replenishment_source-02,resolve_replenishment_source,inventory_fulfillment,sub-operations-no-first,unavailable,-12.865586539030474,-15.650665044913701,-2.7850785058832273
qwen3-8b,structural,structural:inventory_fulfillment-replenishment_source-02:sub-operations-no-gold:pre_action,inventory_fulfillment-replenishment_source-02,resolve_replenishment_source,inventory_fulfillment,sub-operations-no-gold,budget_exhausted,-12.865586539030474,-5.818749725999098,7.046836813031376
qwen3-8b,structural,structural:inventory_fulfillment-replenishment_source-02:sub-operations-no-last:after_penultimate_success,inventory_fulfillment-replenishment_source-02,resolve_replenishment_source,inventory_fulfillment,sub-operations-no-last,budget_exhausted,-26.348848231076225,-15.000004421970019,11.348843809106206
qwen3-8b,structural,structural:inventory_fulfillment-replenishment_source-03:sub-operations-first-only:after_first_success,inventory_fulfillment-replenishment_source-03,resolve_replenishment_source,inventory_fulfillment,sub-operations-first-only,unavailable,-33.348853976124296,-14.75014180921925,18.598712166905045
qwen3-8b,structural,structural:inventory_fulfillment-replenishment_source-03:sub-operations-no-first:pre_action,inventory_fulfillment-replenishment_source-03,resolve_replenishment_source,inventory_fulfillment,sub-operations-no-first,unavailable,-15.611484459681769,-15.185948612820212,0.4255358468615569
qwen3-8b,structural,structural:inventory_fulfillment-replenishment_source-03:sub-operations-no-gold:pre_action,inventory_fulfillment-replenishment_source-03,resolve_replenishment_source,inventory_fulfillment,sub-operations-no-gold,unavailable,-15.611484459681769,-3.862262807976755,11.749221651705014
qwen3-8b,structural,structural:inventory_fulfillment-replenishment_source-03:sub-operations-no-last:after_penultimate_success,inventory_fulfillment-replenishment_source-03,resolve_replenishment_source,inventory_fulfillment,sub-operations-no-last,budget_exhausted,-38.59880905276702,-15.62552342445683,22.973285628310187
qwen3-8b,structural,structural:inventory_fulfillment-replenishment_source-04:sub-operations-first-only:after_first_success,inventory_fulfillment-replenishment_source-04,resolve_replenishment_source,inventory_fulfillment,sub-operations-first-only,unavailable,-16.325922307736526,-16.000014150554534,0.32590815718199195
qwen3-8b,structural,structural:inventory_fulfillment-replenishment_source-04:sub-operations-no-first:pre_action,inventory_fulfillment-replenishment_source-04,resolve_replenishment_source,inventory_fulfillment,sub-operations-no-first,unavailable,-17.732308016284023,-23.855036168452052,-6.12272815216803
qwen3-8b,structural,structural:inventory_fulfillment-replenishment_source-04:sub-operations-no-gold:pre_action,inventory_fulfillment-replenishment_source-04,resolve_replenishment_source,inventory_fulfillment,sub-operations-no-gold,budget_exhausted,-17.732308016284023,-15.210735042319307,2.521572973964716
qwen3-8b,structural,structural:inventory_fulfillment-replenishment_source-04:sub-operations-no-last:after_penultimate_success,inventory_fulfillment-replenishment_source-04,resolve_replenishment_source,inventory_fulfillment,sub-operations-no-last,budget_exhausted,-24.34883520247582,-17.25014054890333,7.098694653572487
qwen3-8b,structural,structural:inventory_fulfillment-sellable_units-00:sub-operations-first-only:after_first_success,inventory_fulfillment-sellable_units-00,resolve_sellable_units,inventory_fulfillment,sub-operations-first-only,budget_exhausted,-37.09909600650984,-25.29270517931478,11.80639082719506
qwen3-8b,structural,structural:inventory_fulfillment-sellable_units-00:sub-operations-no-first:pre_action,inventory_fulfillment-sellable_units-00,resolve_sellable_units,inventory_fulfillment,sub-operations-no-first,budget_exhausted,-21.179485650056044,-14.166793140151029,7.0126925099050155
qwen3-8b,structural,structural:inventory_fulfillment-sellable_units-00:sub-operations-no-gold:pre_action,inventory_fulfillment-sellable_units-00,resolve_sellable_units,inventory_fulfillment,sub-operations-no-gold,budget_exhausted,-21.179485650056044,-17.242326838383832,3.9371588116722123
qwen3-8b,structural,structural:inventory_fulfillment-sellable_units-00:sub-operations-no-last:after_penultimate_success,inventory_fulfillment-sellable_units-00,resolve_sellable_units,inventory_fulfillment,sub-operations-no-last,budget_exhausted,-27.848802548285434,-15.250002927330435,12.598799620954999
qwen3-8b,structural,structural:inventory_fulfillment-sellable_units-01:sub-operations-first-only:after_first_success,inventory_fulfillment-sellable_units-01,resolve_sellable_units,inventory_fulfillment,sub-operations-first-only,budget_exhausted,-37.258987284666695,-37.93130306216086,-0.6723157774941626
qwen3-8b,structural,structural:inventory_fulfillment-sellable_units-01:sub-operations-no-first:pre_action,inventory_fulfillment-sellable_units-01,resolve_sellable_units,inventory_fulfillment,sub-operations-no-first,unavailable,-21.594103944161922,-14.791678477810187,6.802425466351735
qwen3-8b,structural,structural:inventory_fulfillment-sellable_units-01:sub-operations-no-gold:pre_action,inventory_fulfillment-sellable_units-01,resolve_sellable_units,inventory_fulfillment,sub-operations-no-gold,budget_exhausted,-21.594103944161922,-18.53841583263744,3.055688111524482
qwen3-8b,structural,structural:inventory_fulfillment-sellable_units-01:sub-operations-no-last:after_penultimate_success,inventory_fulfillment-sellable_units-01,resolve_sellable_units,inventory_fulfillment,sub-operations-no-last,budget_exhausted,-43.47383156377527,-18.045608569186932,25.42822299458834
qwen3-8b,structural,structural:inventory_fulfillment-sellable_units-02:sub-operations-first-only:after_first_success,inventory_fulfillment-sellable_units-02,resolve_sellable_units,inventory_fulfillment,sub-operations-first-only,budget_exhausted,-38.4738289804026,-14.189096494131476,24.284732486271125
qwen3-8b,structural,structural:inventory_fulfillment-sellable_units-02:sub-operations-no-first:pre_action,inventory_fulfillment-sellable_units-02,resolve_sellable_units,inventory_fulfillment,sub-operations-no-first,unavailable,-23.513933596863765,-16.965748842146184,6.548184754717582
qwen3-8b,structural,structural:inventory_fulfillment-sellable_units-02:sub-operations-no-gold:pre_action,inventory_fulfillment-sellable_units-02,resolve_sellable_units,inventory_fulfillment,sub-operations-no-gold,unavailable,-23.513933596863765,-17.591184173206152,5.9227494236576135
qwen3-8b,structural,structural:inventory_fulfillment-sellable_units-02:sub-operations-no-last:after_penultimate_success,inventory_fulfillment-sellable_units-02,resolve_sellable_units,inventory_fulfillment,sub-operations-no-last,budget_exhausted,-39.098929255462416,-14.000007729336481,25.098921526125935
qwen3-8b,structural,structural:inventory_fulfillment-sellable_units-03:sub-operations-first-only:after_first_success,inventory_fulfillment-sellable_units-03,resolve_sellable_units,inventory_fulfillment,sub-operations-first-only,budget_exhausted,-43.59704203606286,-41.09928683044714,2.497755205615718
qwen3-8b,structural,structural:inventory_fulfillment-sellable_units-03:sub-operations-no-first:pre_action,inventory_fulfillment-sellable_units-03,resolve_sellable_units,inventory_fulfillment,sub-operations-no-first,budget_exhausted,-21.120818998636054,-17.6869267832909,3.4338922153451534
qwen3-8b,structural,structural:inventory_fulfillment-sellable_units-03:sub-operations-no-gold:pre_action,inventory_fulfillment-sellable_units-03,resolve_sellable_units,inventory_fulfillment,sub-operations-no-gold,budget_exhausted,-21.120818998636054,-20.105519998822217,1.0152989998138366
qwen3-8b,structural,structural:inventory_fulfillment-sellable_units-03:sub-operations-no-last:after_penultimate_success,inventory_fulfillment-sellable_units-03,resolve_sellable_units,inventory_fulfillment,sub-operations-no-last,budget_exhausted,-22.723859936461196,-15.37500360270083,7.3488563337603665
qwen3-8b,structural,structural:inventory_fulfillment-sellable_units-04:sub-operations-first-only:after_first_success,inventory_fulfillment-sellable_units-04,resolve_sellable_units,inventory_fulfillment,sub-operations-first-only,budget_exhausted,-40.778700803197424,-42.63099105506014,-1.8522902518627191
qwen3-8b,structural,structural:inventory_fulfillment-sellable_units-04:sub-operations-no-first:pre_action,inventory_fulfillment-sellable_units-04,resolve_sellable_units,inventory_fulfillment,sub-operations-no-first,budget_exhausted,-24.236297305883284,-19.489830380157656,4.746466925725628
qwen3-8b,structural,structural:inventory_fulfillment-sellable_units-04:sub-operations-no-gold:pre_action,inventory_fulfillment-sellable_units-04,resolve_sellable_units,inventory_fulfillment,sub-operations-no-gold,unavailable,-24.236297305883284,-29.126536855999476,-4.890239550116192
qwen3-8b,structural,structural:inventory_fulfillment-sellable_units-04:sub-operations-no-last:after_penultimate_success,inventory_fulfillment-sellable_units-04,resolve_sellable_units,inventory_fulfillment,sub-operations-no-last,budget_exhausted,-46.598820477487045,-16.625003260933347,29.973817216553698
qwen3-8b,structural,structural:inventory_fulfillment-transferable_units-04:sub-operations-first-only:after_first_success,inventory_fulfillment-transferable_units-04,resolve_transferable_units,inventory_fulfillment,sub-operations-first-only,budget_exhausted,-35.62015853269046,-30.41782948126913,5.20232905142133
qwen3-8b,structural,structural:inventory_fulfillment-transferable_units-04:sub-operations-no-first:pre_action,inventory_fulfillment-transferable_units-04,resolve_transferable_units,inventory_fulfillment,sub-operations-no-first,unavailable,-18.741496557387897,-14.894672890833483,3.846823666554414
qwen3-8b,structural,structural:inventory_fulfillment-transferable_units-04:sub-operations-no-gold:pre_action,inventory_fulfillment-transferable_units-04,resolve_transferable_units,inventory_fulfillment,sub-operations-no-gold,budget_exhausted,-18.741496557387897,-13.285894725059293,5.455601832328604
qwen3-8b,structural,structural:inventory_fulfillment-transferable_units-04:sub-operations-no-last:after_penultimate_success,inventory_fulfillment-transferable_units-04,resolve_transferable_units,inventory_fulfillment,sub-operations-no-last,budget_exhausted,-39.72381947540001,-27.24753366786487,12.476285807535142
qwen3-8b,structural,structural:pricing_billing-contract_price-00:sub-operations-first-only:after_first_success,pricing_billing-contract_price-00,resolve_contract_price,pricing_billing,sub-operations-first-only,unavailable,-39.79329846566853,-13.630903808738424,26.162394656930104
qwen3-8b,structural,structural:pricing_billing-contract_price-00:sub-operations-no-first:pre_action,pricing_billing-contract_price-00,resolve_contract_price,pricing_billing,sub-operations-no-first,unavailable,-14.234033503460005,-8.977827815957383,5.2562056875026215
qwen3-8b,structural,structural:pricing_billing-contract_price-00:sub-operations-no-gold:pre_action,pricing_billing-contract_price-00,resolve_contract_price,pricing_billing,sub-operations-no-gold,budget_exhausted,-14.234033503460005,-10.405468620695032,3.8285648827649723
qwen3-8b,structural,structural:pricing_billing-contract_price-00:sub-operations-no-last:after_penultimate_success,pricing_billing-contract_price-00,resolve_contract_price,pricing_billing,sub-operations-no-last,budget_exhausted,-31.91779398613474,-14.25017797717814,17.6676160089566
qwen3-8b,structural,structural:pricing_billing-contract_price-02:sub-operations-first-only:after_first_success,pricing_billing-contract_price-02,resolve_contract_price,pricing_billing,sub-operations-first-only,budget_exhausted,-33.79283626036839,-24.98052606607125,8.81231019429714
qwen3-8b,structural,structural:pricing_billing-contract_price-02:sub-operations-no-first:pre_action,pricing_billing-contract_price-02,resolve_contract_price,pricing_billing,sub-operations-no-first,unavailable,-17.59830905881281,-19.254719023731035,-1.6564099649182253
qwen3-8b,structural,structural:pricing_billing-contract_price-02:sub-operations-no-gold:pre_action,pricing_billing-contract_price-02,resolve_contract_price,pricing_billing,sub-operations-no-gold,unavailable,-17.59830905881281,-16.562204229176885,1.0361048296359243
qwen3-8b,structural,structural:pricing_billing-contract_price-02:sub-operations-no-last:after_penultimate_success,pricing_billing-contract_price-02,resolve_contract_price,pricing_billing,sub-operations-no-last,unavailable,-30.042808864909205,-22.031528745630204,8.011280119279
qwen3-8b,structural,structural:pricing_billing-credit_adjustment-00:sub-operations-first-only:after_first_success,pricing_billing-credit_adjustment-00,resolve_credit_adjustment,pricing_billing,sub-operations-first-only,unavailable,-27.04286776998743,-14.000059049300496,13.042808720686935
qwen3-8b,structural,structural:pricing_billing-credit_adjustment-00:sub-operations-no-first:pre_action,pricing_billing-credit_adjustment-00,resolve_credit_adjustment,pricing_billing,sub-operations-no-first,unavailable,-13.391486622199935,-10.469478931526154,2.92200769067378
qwen3-8b,structural,structural:pricing_billing-credit_adjustment-00:sub-operations-no-gold:pre_action,pricing_billing-credit_adjustment-00,resolve_credit_adjustment,pricing_billing,sub-operations-no-gold,unavailable,-13.391486622199935,4.228668218893901,17.620154841093836
qwen3-8b,structural,structural:pricing_billing-credit_adjustment-00:sub-operations-no-last:after_penultimate_success,pricing_billing-credit_adjustment-00,resolve_credit_adjustment,pricing_billing,sub-operations-no-last,budget_exhausted,-13.484206423253035,-13.000050575137095,0.4841558481159396
qwen3-8b,structural,structural:pricing_billing-credit_adjustment-01:sub-operations-first-only:after_first_success,pricing_billing-credit_adjustment-01,resolve_credit_adjustment,pricing_billing,sub-operations-first-only,unavailable,-28.426466246881667,-13.875039634121109,14.551426612760558
qwen3-8b,structural,structural:pricing_billing-credit_adjustment-01:sub-operations-no-first:pre_action,pricing_billing-credit_adjustment-01,resolve_credit_adjustment,pricing_billing,sub-operations-no-first,unavailable,-12.836029339278994,-9.036004223287726,3.800025115991268
qwen3-8b,structural,structural:pricing_billing-credit_adjustment-01:sub-operations-no-gold:pre_action,pricing_billing-credit_adjustment-01,resolve_credit_adjustment,pricing_billing,sub-operations-no-gold,unavailable,-12.836029339278994,9.137314465676383,21.973343804955377
qwen3-8b,structural,structural:pricing_billing-credit_adjustment-01:sub-operations-no-last:after_penultimate_success,pricing_billing-credit_adjustment-01,resolve_credit_adjustment,pricing_billing,sub-operations-no-last,budget_exhausted,-28.667795149216204,-14.5000029544697,14.167792194746504
qwen3-8b,structural,structural:pricing_billing-credit_adjustment-02:sub-operations-first-only:after_first_success,pricing_billing-credit_adjustment-02,resolve_credit_adjustment,pricing_billing,sub-operations-first-only,unavailable,-30.292939724974687,-12.750296628699601,17.542643096275086
qwen3-8b,structural,structural:pricing_billing-credit_adjustment-02:sub-operations-no-first:pre_action,pricing_billing-credit_adjustment-02,resolve_credit_adjustment,pricing_billing,sub-operations-no-first,unavailable,-11.534375644817963,-9.829793051082397,1.7045825937355659
qwen3-8b,structural,structural:pricing_billing-credit_adjustment-02:sub-operations-no-gold:pre_action,pricing_billing-credit_adjustment-02,resolve_credit_adjustment,pricing_billing,sub-operations-no-gold,unavailable,-11.534375644817963,8.573058091522256,20.10743373634022
qwen3-8b,structural,structural:pricing_billing-credit_adjustment-02:sub-operations-no-last:after_penultimate_success,pricing_billing-credit_adjustment-02,resolve_credit_adjustment,pricing_billing,sub-operations-no-last,budget_exhausted,-31.54298466381116,-13.375038974348861,18.1679456894623
qwen3-8b,structural,structural:pricing_billing-credit_adjustment-03:sub-operations-first-only:after_first_success,pricing_billing-credit_adjustment-03,resolve_credit_adjustment,pricing_billing,sub-operations-first-only,budget_exhausted,-25.62120836584399,-13.87506700587469,11.7461413599693
qwen3-8b,structural,structural:pricing_billing-credit_adjustment-03:sub-operations-no-first:pre_action,pricing_billing-credit_adjustment-03,resolve_credit_adjustment,pricing_billing,sub-operations-no-first,unavailable,-10.625453054274665,-9.96368512060728,0.6617679336673845
qwen3-8b,structural,structural:pricing_billing-credit_adjustment-03:sub-operations-no-gold:pre_action,pricing_billing-credit_adjustment-03,resolve_credit_adjustment,pricing_billing,sub-operations-no-gold,unavailable,-10.625453054274665,9.284791979928421,19.910245034203086
qwen3-8b,structural,structural:pricing_billing-credit_adjustment-03:sub-operations-no-last:after_penultimate_success,pricing_billing-credit_adjustment-03,resolve_credit_adjustment,pricing_billing,sub-operations-no-last,budget_exhausted,-32.292773323768785,-14.875012408397687,17.417760915371097
qwen3-8b,structural,structural:pricing_billing-currency_amount-00:sub-operations-first-only:after_first_success,pricing_billing-currency_amount-00,resolve_currency_amount,pricing_billing,sub-operations-first-only,unavailable,-28.79289815281824,-16.398123390290976,12.394774762527263
qwen3-8b,structural,structural:pricing_billing-currency_amount-00:sub-operations-no-first:pre_action,pricing_billing-currency_amount-00,resolve_currency_amount,pricing_billing,sub-operations-no-first,unavailable,-11.543232378160596,-10.456542604102417,1.0866897740581791
qwen3-8b,structural,structural:pricing_billing-currency_amount-00:sub-operations-no-gold:pre_action,pricing_billing-currency_amount-00,resolve_currency_amount,pricing_billing,sub-operations-no-gold,unavailable,-11.543232378160596,-9.783657641761373,1.7595747363992231
qwen3-8b,structural,structural:pricing_billing-currency_amount-00:sub-operations-no-last:after_penultimate_success,pricing_billing-currency_amount-00,resolve_currency_amount,pricing_billing,sub-operations-no-last,budget_exhausted,-19.793252712297594,-17.250003033734032,2.543249678563562
qwen3-8b,structural,structural:pricing_billing-currency_amount-01:sub-operations-first-only:after_first_success,pricing_billing-currency_amount-01,resolve_currency_amount,pricing_billing,sub-operations-first-only,budget_exhausted,-30.235139399716928,-13.94641036858669,16.288729031130238
qwen3-8b,structural,structural:pricing_billing-currency_amount-01:sub-operations-no-first:pre_action,pricing_billing-currency_amount-01,resolve_currency_amount,pricing_billing,sub-operations-no-first,unavailable,-13.095679504903451,-15.45015222836254,-2.3544727234590894
qwen3-8b,structural,structural:pricing_billing-currency_amount-01:sub-operations-no-gold:pre_action,pricing_billing-currency_amount-01,resolve_currency_amount,pricing_billing,sub-operations-no-gold,unavailable,-13.095679504903451,-7.66676845321453,5.428911051688921
qwen3-8b,structural,structural:pricing_billing-currency_amount-01:sub-operations-no-last:after_penultimate_success,pricing_billing-currency_amount-01,resolve_currency_amount,pricing_billing,sub-operations-no-last,budget_exhausted,-20.168553487715073,-16.50000145414233,3.6685520335727446
qwen3-8b,structural,structural:pricing_billing-currency_amount-03:sub-operations-first-only:after_first_success,pricing_billing-currency_amount-03,resolve_currency_amount,pricing_billing,sub-operations-first-only,budget_exhausted,-23.66688845422876,-12.500444717496073,11.166443736732688
qwen3-8b,structural,structural:pricing_billing-currency_amount-03:sub-operations-no-first:pre_action,pricing_billing-currency_amount-03,resolve_currency_amount,pricing_billing,sub-operations-no-first,unavailable,-9.793179517846212,-11.021097146514784,-1.2279176286685711
qwen3-8b,structural,structural:pricing_billing-currency_amount-03:sub-operations-no-gold:pre_action,pricing_billing-currency_amount-03,resolve_currency_amount,pricing_billing,sub-operations-no-gold,unavailable,-9.793179517846212,-9.445598831893264,0.34758068595294844
qwen3-8b,structural,structural:pricing_billing-currency_amount-03:sub-operations-no-last:after_penultimate_success,pricing_billing-currency_amount-03,resolve_currency_amount,pricing_billing,sub-operations-no-last,budget_exhausted,-20.605673948264567,-16.750001408262875,3.8556725400016916
qwen3-8b,structural,structural:pricing_billing-currency_amount-04:sub-operations-first-only:after_first_success,pricing_billing-currency_amount-04,resolve_currency_amount,pricing_billing,sub-operations-first-only,unavailable,-23.293335580532457,-13.375809433109737,9.91752614742272
qwen3-8b,structural,structural:pricing_billing-currency_amount-04:sub-operations-no-first:pre_action,pricing_billing-currency_amount-04,resolve_currency_amount,pricing_billing,sub-operations-no-first,unavailable,-11.31240253736226,-10.979489363657954,0.3329131737043056
qwen3-8b,structural,structural:pricing_billing-currency_amount-04:sub-operations-no-gold:pre_action,pricing_billing-currency_amount-04,resolve_currency_amount,pricing_billing,sub-operations-no-gold,unavailable,-11.31240253736226,-14.413813357801637,-3.1014108204393764
qwen3-8b,structural,structural:pricing_billing-currency_amount-04:sub-operations-no-last:after_penultimate_success,pricing_billing-currency_amount-04,resolve_currency_amount,pricing_billing,sub-operations-no-last,budget_exhausted,-22.543241589784614,-17.750000339151477,4.793241250633137
qwen3-8b,structural,structural:pricing_billing-list_price-00:sub-operations-first-only:after_first_success,pricing_billing-list_price-00,resolve_list_price,pricing_billing,sub-operations-first-only,unavailable,-33.417967657058576,-27.199302004165567,6.218665652893009
qwen3-8b,structural,structural:pricing_billing-list_price-00:sub-operations-no-first:pre_action,pricing_billing-list_price-00,resolve_list_price,pricing_billing,sub-operations-no-first,unavailable,-14.606731016146881,-15.842114332902376,-1.2353833167554953
qwen3-8b,structural,structural:pricing_billing-list_price-00:sub-operations-no-gold:pre_action,pricing_billing-list_price-00,resolve_list_price,pricing_billing,sub-operations-no-gold,unavailable,-14.606731016146881,-12.024833939741931,2.5818970764049496
qwen3-8b,structural,structural:pricing_billing-list_price-01:sub-operations-first-only:after_first_success,pricing_billing-list_price-01,resolve_list_price,pricing_billing,sub-operations-first-only,budget_exhausted,-33.16782119529245,-40.2022417304676,-7.034420535175151
qwen3-8b,structural,structural:pricing_billing-list_price-01:sub-operations-no-first:pre_action,pricing_billing-list_price-01,resolve_list_price,pricing_billing,sub-operations-no-first,unavailable,-18.053121602468302,-15.712661821225822,2.3404597812424797
qwen3-8b,structural,structural:pricing_billing-list_price-01:sub-operations-no-gold:pre_action,pricing_billing-list_price-01,resolve_list_price,pricing_billing,sub-operations-no-gold,budget_exhausted,-18.053121602468302,-16.878456790544213,1.1746648119240888
qwen3-8b,structural,structural:pricing_billing-list_price-02:sub-operations-first-only:after_first_success,pricing_billing-list_price-02,resolve_list_price,pricing_billing,sub-operations-first-only,unavailable,-33.292915773837095,-30.578168524308133,2.714747249528962
qwen3-8b,structural,structural:pricing_billing-list_price-02:sub-operations-no-first:pre_action,pricing_billing-list_price-02,resolve_list_price,pricing_billing,sub-operations-no-first,unavailable,-12.774221012707315,-9.54835903086925,3.225861981838065
qwen3-8b,structural,structural:pricing_billing-list_price-02:sub-operations-no-gold:pre_action,pricing_billing-list_price-02,resolve_list_price,pricing_billing,sub-operations-no-gold,unavailable,-12.774221012707315,-16.29331736447466,-3.5190963517673453
qwen3-8b,structural,structural:pricing_billing-list_price-03:sub-operations-first-only:after_first_success,pricing_billing-list_price-03,resolve_list_price,pricing_billing,sub-operations-first-only,unavailable,-35.79288633086506,-13.142465462471336,22.650420868393724
qwen3-8b,structural,structural:pricing_billing-list_price-03:sub-operations-no-first:pre_action,pricing_billing-list_price-03,resolve_list_price,pricing_billing,sub-operations-no-first,unavailable,-19.5012464103132,-12.982317453769937,6.518928956543263
qwen3-8b,structural,structural:pricing_billing-list_price-03:sub-operations-no-gold:pre_action,pricing_billing-list_price-03,resolve_list_price,pricing_billing,sub-operations-no-gold,budget_exhausted,-19.5012464103132,-21.031693440953454,-1.5304470306402536
qwen3-8b,structural,structural:pricing_billing-list_price-04:sub-operations-first-only:after_first_success,pricing_billing-list_price-04,resolve_list_price,pricing_billing,sub-operations-first-only,unavailable,-35.04284940774412,-29.576111204360657,5.466738203383464
qwen3-8b,structural,structural:pricing_billing-list_price-04:sub-operations-no-first:pre_action,pricing_billing-list_price-04,resolve_list_price,pricing_billing,sub-operations-no-first,unavailable,-18.992336488308105,-18.145441365293678,0.846895123014427
qwen3-8b,structural,structural:pricing_billing-list_price-04:sub-operations-no-gold:pre_action,pricing_billing-list_price-04,resolve_list_price,pricing_billing,sub-operations-no-gold,unavailable,-18.992336488308105,-12.505582437456574,6.4867540508515305
qwen3-8b,structural,structural:pricing_billing-margin_floor-00:sub-operations-first-only:after_first_success,pricing_billing-margin_floor-00,resolve_margin_floor,pricing_billing,sub-operations-first-only,budget_exhausted,-25.93899972907981,-33.00450018028329,-7.0655004512034765
qwen3-8b,structural,structural:pricing_billing-margin_floor-00:sub-operations-no-first:pre_action,pricing_billing-margin_floor-00,resolve_margin_floor,pricing_billing,sub-operations-no-first,budget_exhausted,-14.065598655520269,-13.30628588557439,0.759312769945879
qwen3-8b,structural,structural:pricing_billing-margin_floor-00:sub-operations-no-gold:pre_action,pricing_billing-margin_floor-00,resolve_margin_floor,pricing_billing,sub-operations-no-gold,unavailable,-14.065598655520269,-13.660264489331965,0.40533416618830387
qwen3-8b,structural,structural:pricing_billing-margin_floor-00:sub-operations-no-last:after_penultimate_success,pricing_billing-margin_floor-00,resolve_margin_floor,pricing_billing,sub-operations-no-last,budget_exhausted,-26.792902831380495,-14.386693125017963,12.406209706362532
qwen3-8b,structural,structural:pricing_billing-margin_floor-01:sub-operations-first-only:after_first_success,pricing_billing-margin_floor-01,resolve_margin_floor,pricing_billing,sub-operations-first-only,budget_exhausted,-24.30006584901473,-27.54114295851047,-3.241077109495741
qwen3-8b,structural,structural:pricing_billing-margin_floor-01:sub-operations-no-first:pre_action,pricing_billing-margin_floor-01,resolve_margin_floor,pricing_billing,sub-operations-no-first,unavailable,-12.620475374743378,-9.773729755529565,2.846745619213813
qwen3-8b,structural,structural:pricing_billing-margin_floor-01:sub-operations-no-gold:pre_action,pricing_billing-margin_floor-01,resolve_margin_floor,pricing_billing,sub-operations-no-gold,unavailable,-12.620475374743378,-10.548170830739423,2.0723045440039556
qwen3-8b,structural,structural:pricing_billing-margin_floor-01:sub-operations-no-last:after_penultimate_success,pricing_billing-margin_floor-01,resolve_margin_floor,pricing_billing,sub-operations-no-last,budget_exhausted,-31.792802762076455,-16.06465925919764,15.728143502878815
qwen3-8b,structural,structural:pricing_billing-margin_floor-02:sub-operations-first-only:after_first_success,pricing_billing-margin_floor-02,resolve_margin_floor,pricing_billing,sub-operations-first-only,unavailable,-25.39304526954747,-26.614243938157927,-1.2211986686104552
qwen3-8b,structural,structural:pricing_billing-margin_floor-02:sub-operations-no-first:pre_action,pricing_billing-margin_floor-02,resolve_margin_floor,pricing_billing,sub-operations-no-first,unavailable,-13.670606678306385,-11.365724204079356,2.3048824742270284
qwen3-8b,structural,structural:pricing_billing-margin_floor-02:sub-operations-no-gold:pre_action,pricing_billing-margin_floor-02,resolve_margin_floor,pricing_billing,sub-operations-no-gold,unavailable,-13.670606678306385,-11.4649895381012,2.2056171402051845
qwen3-8b,structural,structural:pricing_billing-margin_floor-02:sub-operations-no-last:after_penultimate_success,pricing_billing-margin_floor-02,resolve_margin_floor,pricing_billing,sub-operations-no-last,budget_exhausted,-25.04300751154731,-13.753333874246188,11.28967363730112
qwen3-8b,structural,structural:pricing_billing-margin_floor-04:sub-operations-first-only:after_first_success,pricing_billing-margin_floor-04,resolve_margin_floor,pricing_billing,sub-operations-first-only,budget_exhausted,-22.793109705350354,-28.489069985167596,-5.695960279817243
qwen3-8b,structural,structural:pricing_billing-margin_floor-04:sub-operations-no-first:pre_action,pricing_billing-margin_floor-04,resolve_margin_floor,pricing_billing,sub-operations-no-first,unavailable,-11.328836853203406,-10.06018104351628,1.2686558096871252
qwen3-8b,structural,structural:pricing_billing-margin_floor-04:sub-operations-no-gold:pre_action,pricing_billing-margin_floor-04,resolve_margin_floor,pricing_billing,sub-operations-no-gold,unavailable,-11.328836853203406,-7.923071509544172,3.4057653436592332
qwen3-8b,structural,structural:pricing_billing-margin_floor-04:sub-operations-no-last:after_penultimate_success,pricing_billing-margin_floor-04,resolve_margin_floor,pricing_billing,sub-operations-no-last,budget_exhausted,-29.667757231336857,-18.952377300740473,10.715379930596384
qwen3-8b,structural,structural:pricing_billing-order_total-00:sub-operations-first-only:after_first_success,pricing_billing-order_total-00,resolve_order_total,pricing_billing,sub-operations-first-only,budget_exhausted,-19.169825430212867,-22.59026823071769,-3.420442800504823
qwen3-8b,structural,structural:pricing_billing-order_total-00:sub-operations-no-first:pre_action,pricing_billing-order_total-00,resolve_order_total,pricing_billing,sub-operations-no-first,unavailable,-9.123508677006676,-6.106421780702178,3.017086896304498
qwen3-8b,structural,structural:pricing_billing-order_total-00:sub-operations-no-gold:pre_action,pricing_billing-order_total-00,resolve_order_total,pricing_billing,sub-operations-no-gold,unavailable,-9.123508677006676,-9.143307746430338,-0.019799069423662274
qwen3-8b,structural,structural:pricing_billing-order_total-00:sub-operations-no-last:after_penultimate_success,pricing_billing-order_total-00,resolve_order_total,pricing_billing,sub-operations-no-last,budget_exhausted,-19.297468306236546,-19.328915008963435,-0.031446702726888986
qwen3-8b,structural,structural:pricing_billing-order_total-01:sub-operations-first-only:after_first_success,pricing_billing-order_total-01,resolve_order_total,pricing_billing,sub-operations-first-only,budget_exhausted,-20.607886249185626,-35.73942867169291,-15.131542422507287
qwen3-8b,structural,structural:pricing_billing-order_total-01:sub-operations-no-first:pre_action,pricing_billing-order_total-01,resolve_order_total,pricing_billing,sub-operations-no-first,unavailable,-12.58148902871475,-5.524879548719603,7.056609479995146
qwen3-8b,structural,structural:pricing_billing-order_total-01:sub-operations-no-gold:pre_action,pricing_billing-order_total-01,resolve_order_total,pricing_billing,sub-operations-no-gold,unavailable,-12.58148902871475,-10.346327129336593,2.2351618993781557
qwen3-8b,structural,structural:pricing_billing-order_total-01:sub-operations-no-last:after_penultimate_success,pricing_billing-order_total-01,resolve_order_total,pricing_billing,sub-operations-no-last,budget_exhausted,-19.858812657240733,-16.13182222530707,3.7269904319336646
qwen3-8b,structural,structural:pricing_billing-order_total-02:sub-operations-first-only:after_first_success,pricing_billing-order_total-02,resolve_order_total,pricing_billing,sub-operations-first-only,budget_exhausted,-19.918676576147632,-30.990815536260676,-11.072138960113044
qwen3-8b,structural,structural:pricing_billing-order_total-02:sub-operations-no-first:pre_action,pricing_billing-order_total-02,resolve_order_total,pricing_billing,sub-operations-no-first,unavailable,-14.836294500662014,-11.476961117323448,3.3593333833385657
qwen3-8b,structural,structural:pricing_billing-order_total-02:sub-operations-no-gold:pre_action,pricing_billing-order_total-02,resolve_order_total,pricing_billing,sub-operations-no-gold,unavailable,-14.836294500662014,-13.46914525483011,1.3671492458319037
qwen3-8b,structural,structural:pricing_billing-order_total-02:sub-operations-no-last:after_penultimate_success,pricing_billing-order_total-02,resolve_order_total,pricing_billing,sub-operations-no-last,budget_exhausted,-19.043170930583713,-17.000007806053326,2.0431631245303876
qwen3-8b,structural,structural:pricing_billing-order_total-03:sub-operations-first-only:after_first_success,pricing_billing-order_total-03,resolve_order_total,pricing_billing,sub-operations-first-only,budget_exhausted,-21.54285761829893,-28.991208413575173,-7.448350795276241
qwen3-8b,structural,structural:pricing_billing-order_total-03:sub-operations-no-first:pre_action,pricing_billing-order_total-03,resolve_order_total,pricing_billing,sub-operations-no-first,unavailable,-13.087431553843302,-6.918813844180136,6.168617709663167
qwen3-8b,structural,structural:pricing_billing-order_total-03:sub-operations-no-gold:pre_action,pricing_billing-order_total-03,resolve_order_total,pricing_billing,sub-operations-no-gold,unavailable,-13.087431553843302,-10.785118060072193,2.302313493771109
qwen3-8b,structural,structural:pricing_billing-order_total-03:sub-operations-no-last:after_penultimate_success,pricing_billing-order_total-03,resolve_order_total,pricing_billing,sub-operations-no-last,budget_exhausted,-22.06305476010609,-19.460134674004685,2.602920086101406
qwen3-8b,structural,structural:pricing_billing-order_total-04:sub-operations-first-only:after_first_success,pricing_billing-order_total-04,resolve_order_total,pricing_billing,sub-operations-first-only,budget_exhausted,-20.292781179753582,-17.27363095667792,3.0191502230756626
qwen3-8b,structural,structural:pricing_billing-order_total-04:sub-operations-no-first:pre_action,pricing_billing-order_total-04,resolve_order_total,pricing_billing,sub-operations-no-first,unavailable,-17.457685541291355,-9.154487555361534,8.30319798592982
qwen3-8b,structural,structural:pricing_billing-order_total-04:sub-operations-no-gold:pre_action,pricing_billing-order_total-04,resolve_order_total,pricing_billing,sub-operations-no-gold,unavailable,-17.457685541291355,-9.157573643684565,8.30011189760679
qwen3-8b,structural,structural:pricing_billing-order_total-04:sub-operations-no-last:after_penultimate_success,pricing_billing-order_total-04,resolve_order_total,pricing_billing,sub-operations-no-last,budget_exhausted,-18.55106233905053,-18.109285926612444,0.4417764124380881
qwen3-8b,structural,structural:pricing_billing-promotional_price-00:sub-operations-first-only:after_first_success,pricing_billing-promotional_price-00,resolve_promotional_price,pricing_billing,sub-operations-first-only,unavailable,-29.54287621633368,-42.16403317324071,-12.62115695690703
qwen3-8b,structural,structural:pricing_billing-promotional_price-00:sub-operations-no-first:pre_action,pricing_billing-promotional_price-00,resolve_promotional_price,pricing_billing,sub-operations-no-first,unavailable,-14.055329344944838,-14.00549766478273,0.04983168016210726
qwen3-8b,structural,structural:pricing_billing-promotional_price-00:sub-operations-no-gold:pre_action,pricing_billing-promotional_price-00,resolve_promotional_price,pricing_billing,sub-operations-no-gold,unavailable,-14.055329344944838,-11.874225854340132,2.1811034906047055
qwen3-8b,structural,structural:pricing_billing-promotional_price-00:sub-operations-no-last:after_penultimate_success,pricing_billing-promotional_price-00,resolve_promotional_price,pricing_billing,sub-operations-no-last,budget_exhausted,-29.29288508917515,-27.05815510347552,2.23472998569963
qwen3-8b,structural,structural:pricing_billing-promotional_price-02:sub-operations-first-only:after_first_success,pricing_billing-promotional_price-02,resolve_promotional_price,pricing_billing,sub-operations-first-only,unavailable,-30.545478296120848,-29.494365639178874,1.0511126569419744
qwen3-8b,structural,structural:pricing_billing-promotional_price-02:sub-operations-no-first:pre_action,pricing_billing-promotional_price-02,resolve_promotional_price,pricing_billing,sub-operations-no-first,unavailable,-13.393955498525955,-12.306211252260951,1.0877442462650038
qwen3-8b,structural,structural:pricing_billing-promotional_price-02:sub-operations-no-gold:pre_action,pricing_billing-promotional_price-02,resolve_promotional_price,pricing_billing,sub-operations-no-gold,unavailable,-13.393955498525955,-17.93124484108842,-4.537289342562467
qwen3-8b,structural,structural:pricing_billing-promotional_price-02:sub-operations-no-last:after_penultimate_success,pricing_billing-promotional_price-02,resolve_promotional_price,pricing_billing,sub-operations-no-last,budget_exhausted,-29.667817119167665,-31.19488498247142,-1.5270678633037562
qwen3-8b,structural,structural:pricing_billing-service_fee-00:sub-operations-first-only:after_first_success,pricing_billing-service_fee-00,resolve_service_fee,pricing_billing,sub-operations-first-only,unavailable,-17.668920160042404,-13.46032086177145,4.208599298270954
qwen3-8b,structural,structural:pricing_billing-service_fee-00:sub-operations-no-first:pre_action,pricing_billing-service_fee-00,resolve_service_fee,pricing_billing,sub-operations-no-first,unavailable,-13.55597488925897,-6.352717562350939,7.20325732690803
qwen3-8b,structural,structural:pricing_billing-service_fee-00:sub-operations-no-gold:pre_action,pricing_billing-service_fee-00,resolve_service_fee,pricing_billing,sub-operations-no-gold,unavailable,-13.55597488925897,-7.875361091114733,5.680613798144236
qwen3-8b,structural,structural:pricing_billing-service_fee-01:sub-operations-first-only:after_first_success,pricing_billing-service_fee-01,resolve_service_fee,pricing_billing,sub-operations-first-only,unavailable,-24.04284600317449,-13.142426081012182,10.900419922162307
qwen3-8b,structural,structural:pricing_billing-service_fee-01:sub-operations-no-first:pre_action,pricing_billing-service_fee-01,resolve_service_fee,pricing_billing,sub-operations-no-first,unavailable,-16.18708805121647,-8.715933312550845,7.471154738665625
qwen3-8b,structural,structural:pricing_billing-service_fee-01:sub-operations-no-gold:pre_action,pricing_billing-service_fee-01,resolve_service_fee,pricing_billing,sub-operations-no-gold,unavailable,-16.18708805121647,-12.227583645490888,3.959504405725582
qwen3-8b,structural,structural:pricing_billing-service_fee-02:sub-operations-first-only:after_first_success,pricing_billing-service_fee-02,resolve_service_fee,pricing_billing,sub-operations-first-only,unavailable,-18.0453354281995,-13.325760387997285,4.719575040202216
qwen3-8b,structural,structural:pricing_billing-service_fee-02:sub-operations-no-first:pre_action,pricing_billing-service_fee-02,resolve_service_fee,pricing_billing,sub-operations-no-first,unavailable,-12.55195074497398,-9.83267117284516,2.719279572128819
qwen3-8b,structural,structural:pricing_billing-service_fee-02:sub-operations-no-gold:pre_action,pricing_billing-service_fee-02,resolve_service_fee,pricing_billing,sub-operations-no-gold,unavailable,-12.55195074497398,-10.27402289913708,2.2779278458368992
qwen3-8b,structural,structural:pricing_billing-service_fee-03:sub-operations-first-only:after_first_success,pricing_billing-service_fee-03,resolve_service_fee,pricing_billing,sub-operations-first-only,unavailable,-15.04982262220156,-13.028542363833715,2.0212802583678453
qwen3-8b,structural,structural:pricing_billing-service_fee-03:sub-operations-no-first:pre_action,pricing_billing-service_fee-03,resolve_service_fee,pricing_billing,sub-operations-no-first,unavailable,-14.868045117600047,-13.228401006170472,1.6396441114295754
qwen3-8b,structural,structural:pricing_billing-service_fee-03:sub-operations-no-gold:pre_action,pricing_billing-service_fee-03,resolve_service_fee,pricing_billing,sub-operations-no-gold,unavailable,-14.868045117600047,-13.779269617840079,1.0887754997599686
qwen3-8b,structural,structural:pricing_billing-service_fee-04:sub-operations-first-only:after_first_success,pricing_billing-service_fee-04,resolve_service_fee,pricing_billing,sub-operations-first-only,unavailable,-13.34080806451719,-13.534681058632898,-0.1938729941157078
qwen3-8b,structural,structural:pricing_billing-service_fee-04:sub-operations-no-first:pre_action,pricing_billing-service_fee-04,resolve_service_fee,pricing_billing,sub-operations-no-first,unavailable,-11.548242050282525,-8.982536157657727,2.5657058926247984
qwen3-8b,structural,structural:pricing_billing-service_fee-04:sub-operations-no-gold:pre_action,pricing_billing-service_fee-04,resolve_service_fee,pricing_billing,sub-operations-no-gold,unavailable,-11.548242050282525,-7.503154011906368,4.045088038376157
qwen3-8b,structural,structural:pricing_billing-shipping_charge-00:sub-operations-first-only:after_first_success,pricing_billing-shipping_charge-00,resolve_shipping_charge,pricing_billing,sub-operations-first-only,unavailable,-31.667886544494273,-13.936347542690235,17.731539001804038
qwen3-8b,structural,structural:pricing_billing-shipping_charge-00:sub-operations-no-first:pre_action,pricing_billing-shipping_charge-00,resolve_shipping_charge,pricing_billing,sub-operations-no-first,unavailable,-17.431330379463823,-13.505114409858635,3.926215969605188
qwen3-8b,structural,structural:pricing_billing-shipping_charge-00:sub-operations-no-gold:pre_action,pricing_billing-shipping_charge-00,resolve_shipping_charge,pricing_billing,sub-operations-no-gold,unavailable,-17.431330379463823,-10.031087545019467,7.400242834444356
qwen3-8b,structural,structural:pricing_billing-shipping_charge-00:sub-operations-no-last:after_penultimate_success,pricing_billing-shipping_charge-00,resolve_shipping_charge,pricing_billing,sub-operations-no-last,unavailable,-34.66779778017818,-17.15552501960397,17.512272760574206
qwen3-8b,structural,structural:pricing_billing-shipping_charge-01:sub-operations-first-only:after_first_success,pricing_billing-shipping_charge-01,resolve_shipping_charge,pricing_billing,sub-operations-first-only,unavailable,-27.66718655753526,-14.875051956649592,12.792134600885667
qwen3-8b,structural,structural:pricing_billing-shipping_charge-01:sub-operations-no-first:pre_action,pricing_billing-shipping_charge-01,resolve_shipping_charge,pricing_billing,sub-operations-no-first,unavailable,-18.191450770408167,-18.647331308294532,-0.4558805378863653
qwen3-8b,structural,structural:pricing_billing-shipping_charge-01:sub-operations-no-gold:pre_action,pricing_billing-shipping_charge-01,resolve_shipping_charge,pricing_billing,sub-operations-no-gold,unavailable,-18.191450770408167,-6.519444219835492,11.672006550572675
qwen3-8b,structural,structural:pricing_billing-shipping_charge-01:sub-operations-no-last:after_penultimate_success,pricing_billing-shipping_charge-01,resolve_shipping_charge,pricing_billing,sub-operations-no-last,budget_exhausted,-28.042788795435698,-17.771830664208508,10.27095813122719
qwen3-8b,structural,structural:pricing_billing-shipping_charge-02:sub-operations-first-only:after_first_success,pricing_billing-shipping_charge-02,resolve_shipping_charge,pricing_billing,sub-operations-first-only,budget_exhausted,-27.16798659167317,-14.750475658984179,12.417510932688991
qwen3-8b,structural,structural:pricing_billing-shipping_charge-02:sub-operations-no-first:pre_action,pricing_billing-shipping_charge-02,resolve_shipping_charge,pricing_billing,sub-operations-no-first,unavailable,-14.37233824168461,-12.783551920003326,1.5887863216812832
qwen3-8b,structural,structural:pricing_billing-shipping_charge-02:sub-operations-no-gold:pre_action,pricing_billing-shipping_charge-02,resolve_shipping_charge,pricing_billing,sub-operations-no-gold,unavailable,-14.37233824168461,-6.899308481233341,7.4730297604512685
qwen3-8b,structural,structural:pricing_billing-shipping_charge-02:sub-operations-no-last:after_penultimate_success,pricing_billing-shipping_charge-02,resolve_shipping_charge,pricing_billing,sub-operations-no-last,budget_exhausted,-34.542792513500565,-15.900512734643954,18.64227977885661
qwen3-8b,structural,structural:pricing_billing-shipping_charge-03:sub-operations-first-only:after_first_success,pricing_billing-shipping_charge-03,resolve_shipping_charge,pricing_billing,sub-operations-first-only,unavailable,-29.667802243220862,-14.770602878838318,14.897199364382544
qwen3-8b,structural,structural:pricing_billing-shipping_charge-03:sub-operations-no-first:pre_action,pricing_billing-shipping_charge-03,resolve_shipping_charge,pricing_billing,sub-operations-no-first,unavailable,-17.619945774061144,-13.908269347465712,3.7116764265954316
qwen3-8b,structural,structural:pricing_billing-shipping_charge-03:sub-operations-no-gold:pre_action,pricing_billing-shipping_charge-03,resolve_shipping_charge,pricing_billing,sub-operations-no-gold,unavailable,-17.619945774061144,-10.97193640817978,6.648009365881364
qwen3-8b,structural,structural:pricing_billing-shipping_charge-03:sub-operations-no-last:after_penultimate_success,pricing_billing-shipping_charge-03,resolve_shipping_charge,pricing_billing,sub-operations-no-last,budget_exhausted,-34.0427934732613,-15.250203000028272,18.792590473233027
qwen3-8b,structural,structural:pricing_billing-shipping_charge-04:sub-operations-first-only:after_first_success,pricing_billing-shipping_charge-04,resolve_shipping_charge,pricing_billing,sub-operations-first-only,unavailable,-29.792708337848694,-15.12507202768117,14.667636310167524
qwen3-8b,structural,structural:pricing_billing-shipping_charge-04:sub-operations-no-first:pre_action,pricing_billing-shipping_charge-04,resolve_shipping_charge,pricing_billing,sub-operations-no-first,unavailable,-16.866087147650312,-17.208747290747723,-0.34266014309741166
qwen3-8b,structural,structural:pricing_billing-shipping_charge-04:sub-operations-no-gold:pre_action,pricing_billing-shipping_charge-04,resolve_shipping_charge,pricing_billing,sub-operations-no-gold,unavailable,-16.866087147650312,-9.623529922187387,7.2425572254629245
qwen3-8b,structural,structural:pricing_billing-shipping_charge-04:sub-operations-no-last:after_penultimate_success,pricing_billing-shipping_charge-04,resolve_shipping_charge,pricing_billing,sub-operations-no-last,budget_exhausted,-32.54278824221405,-15.503902171613795,17.038886070600256
qwen3-8b,structural,structural:pricing_billing-tax_amount-00:sub-operations-first-only:after_first_success,pricing_billing-tax_amount-00,resolve_tax_amount,pricing_billing,sub-operations-first-only,unavailable,-28.16392457632618,-13.375324785652111,14.78859979067407
qwen3-8b,structural,structural:pricing_billing-tax_amount-00:sub-operations-no-first:pre_action,pricing_billing-tax_amount-00,resolve_tax_amount,pricing_billing,sub-operations-no-first,unavailable,-9.172519373551332,-11.083437834680588,-1.9109184611292562
qwen3-8b,structural,structural:pricing_billing-tax_amount-00:sub-operations-no-gold:pre_action,pricing_billing-tax_amount-00,resolve_tax_amount,pricing_billing,sub-operations-no-gold,unavailable,-9.172519373551332,-9.671853731240802,-0.4993343576894702
qwen3-8b,structural,structural:pricing_billing-tax_amount-00:sub-operations-no-last:after_penultimate_success,pricing_billing-tax_amount-00,resolve_tax_amount,pricing_billing,sub-operations-no-last,budget_exhausted,-28.042780992287092,-14.125019467599131,13.917761524687961
qwen3-8b,structural,structural:pricing_billing-tax_amount-01:sub-operations-first-only:after_first_success,pricing_billing-tax_amount-01,resolve_tax_amount,pricing_billing,sub-operations-first-only,unavailable,-24.917817169808963,-13.87541201731873,11.042405152490232
qwen3-8b,structural,structural:pricing_billing-tax_amount-01:sub-operations-no-first:pre_action,pricing_billing-tax_amount-01,resolve_tax_amount,pricing_billing,sub-operations-no-first,budget_exhausted,-14.669058131703338,-12.580734014136347,2.088324117566991
qwen3-8b,structural,structural:pricing_billing-tax_amount-01:sub-operations-no-gold:pre_action,pricing_billing-tax_amount-01,resolve_tax_amount,pricing_billing,sub-operations-no-gold,unavailable,-14.669058131703338,-5.532725468543212,9.136332663160125
qwen3-8b,structural,structural:pricing_billing-tax_amount-01:sub-operations-no-last:after_penultimate_success,pricing_billing-tax_amount-01,resolve_tax_amount,pricing_billing,sub-operations-no-last,budget_exhausted,-28.417786567065804,-14.003901708204012,14.413884858861792
qwen3-8b,structural,structural:pricing_billing-tax_amount-03:sub-operations-first-only:after_first_success,pricing_billing-tax_amount-03,resolve_tax_amount,pricing_billing,sub-operations-first-only,unavailable,-24.472736842938787,-12.500713602847668,11.972023240091119
qwen3-8b,structural,structural:pricing_billing-tax_amount-03:sub-operations-no-first:pre_action,pricing_billing-tax_amount-03,resolve_tax_amount,pricing_billing,sub-operations-no-first,unavailable,-14.893176814975988,-15.404441063687813,-0.5112642487118251
qwen3-8b,structural,structural:pricing_billing-tax_amount-03:sub-operations-no-gold:pre_action,pricing_billing-tax_amount-03,resolve_tax_amount,pricing_billing,sub-operations-no-gold,unavailable,-14.893176814975988,-9.787830524768083,5.105346290207905
qwen3-8b,structural,structural:pricing_billing-tax_amount-03:sub-operations-no-last:after_penultimate_success,pricing_billing-tax_amount-03,resolve_tax_amount,pricing_billing,sub-operations-no-last,budget_exhausted,-28.66779304619825,-13.875023493373789,14.79276955282446
qwen3-8b,structural,structural:pricing_billing-tax_amount-04:sub-operations-first-only:after_first_success,pricing_billing-tax_amount-04,resolve_tax_amount,pricing_billing,sub-operations-first-only,unavailable,-23.129838248425756,-13.250309363148418,9.879528885277338
qwen3-8b,structural,structural:pricing_billing-tax_amount-04:sub-operations-no-first:pre_action,pricing_billing-tax_amount-04,resolve_tax_amount,pricing_billing,sub-operations-no-first,unavailable,-16.18707079352322,-14.039013900360473,2.148056893162746
qwen3-8b,structural,structural:pricing_billing-tax_amount-04:sub-operations-no-gold:pre_action,pricing_billing-tax_amount-04,resolve_tax_amount,pricing_billing,sub-operations-no-gold,unavailable,-16.18707079352322,-8.657000879760673,7.530069913762546
qwen3-8b,structural,structural:pricing_billing-tax_amount-04:sub-operations-no-last:after_penultimate_success,pricing_billing-tax_amount-04,resolve_tax_amount,pricing_billing,sub-operations-no-last,budget_exhausted,-30.042787042185978,-13.750087636796366,16.292699405389612
qwen3-8b,structural,structural:procurement_suppliers-contract_compliance-00:sub-operations-first-only:after_first_success,procurement_suppliers-contract_compliance-00,resolve_contract_compliance,procurement_suppliers,sub-operations-first-only,budget_exhausted,-39.473837366190835,-20.553383835317774,18.92045353087306
qwen3-8b,structural,structural:procurement_suppliers-contract_compliance-00:sub-operations-no-first:pre_action,procurement_suppliers-contract_compliance-00,resolve_contract_compliance,procurement_suppliers,sub-operations-no-first,unavailable,-20.738662024864134,-12.550264248196292,8.188397776667841
qwen3-8b,structural,structural:procurement_suppliers-contract_compliance-00:sub-operations-no-gold:pre_action,procurement_suppliers-contract_compliance-00,resolve_contract_compliance,procurement_suppliers,sub-operations-no-gold,unavailable,-20.738662024864134,-10.20060146105586,10.538060563808273
qwen3-8b,structural,structural:procurement_suppliers-contract_compliance-00:sub-operations-no-last:after_penultimate_success,procurement_suppliers-contract_compliance-00,resolve_contract_compliance,procurement_suppliers,sub-operations-no-last,budget_exhausted,-37.47384634702224,-17.75000280400048,19.723843543021758
qwen3-8b,structural,structural:procurement_suppliers-contract_compliance-02:sub-operations-first-only:after_first_success,procurement_suppliers-contract_compliance-02,resolve_contract_compliance,procurement_suppliers,sub-operations-first-only,unavailable,-41.22387454304553,-15.646533367764242,25.57734117528129
qwen3-8b,structural,structural:procurement_suppliers-contract_compliance-02:sub-operations-no-first:pre_action,procurement_suppliers-contract_compliance-02,resolve_contract_compliance,procurement_suppliers,sub-operations-no-first,unavailable,-20.701631667271457,-13.361840434935083,7.339791232336374
qwen3-8b,structural,structural:procurement_suppliers-contract_compliance-02:sub-operations-no-gold:pre_action,procurement_suppliers-contract_compliance-02,resolve_contract_compliance,procurement_suppliers,sub-operations-no-gold,unavailable,-20.701631667271457,-17.897438493738385,2.804193173533072
qwen3-8b,structural,structural:procurement_suppliers-contract_compliance-02:sub-operations-no-last:after_penultimate_success,procurement_suppliers-contract_compliance-02,resolve_contract_compliance,procurement_suppliers,sub-operations-no-last,budget_exhausted,-39.22384683813406,-18.125004693205305,21.098842144928753
qwen3-8b,structural,structural:procurement_suppliers-contract_compliance-03:sub-operations-first-only:after_first_success,procurement_suppliers-contract_compliance-03,resolve_contract_compliance,procurement_suppliers,sub-operations-first-only,unavailable,-41.821570966496516,-15.500126634449757,26.32144433204676
qwen3-8b,structural,structural:procurement_suppliers-contract_compliance-03:sub-operations-no-first:pre_action,procurement_suppliers-contract_compliance-03,resolve_contract_compliance,procurement_suppliers,sub-operations-no-first,unavailable,-23.239796726684446,-17.358505955020163,5.881290771664283
qwen3-8b,structural,structural:procurement_suppliers-contract_compliance-03:sub-operations-no-gold:pre_action,procurement_suppliers-contract_compliance-03,resolve_contract_compliance,procurement_suppliers,sub-operations-no-gold,unavailable,-23.239796726684446,-18.337716194799555,4.9020805318848915
qwen3-8b,structural,structural:procurement_suppliers-contract_compliance-03:sub-operations-no-last:after_penultimate_success,procurement_suppliers-contract_compliance-03,resolve_contract_compliance,procurement_suppliers,sub-operations-no-last,budget_exhausted,-36.59952306010782,-18.875007888198702,17.72451517190912
qwen3-8b,structural,structural:procurement_suppliers-contract_compliance-04:sub-operations-first-only:after_first_success,procurement_suppliers-contract_compliance-04,resolve_contract_compliance,procurement_suppliers,sub-operations-first-only,unavailable,-52.34503181256976,-16.750063415082586,35.59496839748717
qwen3-8b,structural,structural:procurement_suppliers-contract_compliance-04:sub-operations-no-first:pre_action,procurement_suppliers-contract_compliance-04,resolve_contract_compliance,procurement_suppliers,sub-operations-no-first,unavailable,-24.588339757267036,-20.117604680733834,4.470735076533202
qwen3-8b,structural,structural:procurement_suppliers-contract_compliance-04:sub-operations-no-gold:pre_action,procurement_suppliers-contract_compliance-04,resolve_contract_compliance,procurement_suppliers,sub-operations-no-gold,unavailable,-24.588339757267036,-15.028000382353198,9.560339374913838
qwen3-8b,structural,structural:procurement_suppliers-contract_compliance-04:sub-operations-no-last:after_penultimate_success,procurement_suppliers-contract_compliance-04,resolve_contract_compliance,procurement_suppliers,sub-operations-no-last,budget_exhausted,-49.47380332393107,-19.561247136020462,29.91255618791061
qwen3-8b,structural,structural:procurement_suppliers-expedite_decision-00:sub-operations-first-only:after_first_success,procurement_suppliers-expedite_decision-00,resolve_expedite_decision,procurement_suppliers,sub-operations-first-only,budget_exhausted,-32.72421074722788,-24.665665540282312,8.058545206945567
qwen3-8b,structural,structural:procurement_suppliers-expedite_decision-00:sub-operations-no-first:pre_action,procurement_suppliers-expedite_decision-00,resolve_expedite_decision,procurement_suppliers,sub-operations-no-first,budget_exhausted,-16.985048512459947,-14.152327117040954,2.832721395418993
qwen3-8b,structural,structural:procurement_suppliers-expedite_decision-00:sub-operations-no-gold:pre_action,procurement_suppliers-expedite_decision-00,resolve_expedite_decision,procurement_suppliers,sub-operations-no-gold,budget_exhausted,-16.985048512459947,-11.73002655128267,5.2550219611772775
qwen3-8b,structural,structural:procurement_suppliers-expedite_decision-00:sub-operations-no-last:after_penultimate_success,procurement_suppliers-expedite_decision-00,resolve_expedite_decision,procurement_suppliers,sub-operations-no-last,budget_exhausted,-29.723793913663116,-16.158526433926255,13.56526747973686
qwen3-8b,structural,structural:procurement_suppliers-expedite_decision-01:sub-operations-first-only:after_first_success,procurement_suppliers-expedite_decision-01,resolve_expedite_decision,procurement_suppliers,sub-operations-first-only,unavailable,-30.349455500744163,-25.50625222913481,4.8432032716093545
qwen3-8b,structural,structural:procurement_suppliers-expedite_decision-01:sub-operations-no-first:pre_action,procurement_suppliers-expedite_decision-01,resolve_expedite_decision,procurement_suppliers,sub-operations-no-first,unavailable,-14.022456966448026,-14.681381687359519,-0.658924720911493
qwen3-8b,structural,structural:procurement_suppliers-expedite_decision-01:sub-operations-no-gold:pre_action,procurement_suppliers-expedite_decision-01,resolve_expedite_decision,procurement_suppliers,sub-operations-no-gold,budget_exhausted,-14.022456966448026,-14.433635412064945,-0.41117844561691896
qwen3-8b,structural,structural:procurement_suppliers-expedite_decision-01:sub-operations-no-last:after_penultimate_success,procurement_suppliers-expedite_decision-01,resolve_expedite_decision,procurement_suppliers,sub-operations-no-last,budget_exhausted,-30.09889631793773,-20.14912355869884,9.94977275923889
qwen3-8b,structural,structural:procurement_suppliers-expedite_decision-02:sub-operations-first-only:after_first_success,procurement_suppliers-expedite_decision-02,resolve_expedite_decision,procurement_suppliers,sub-operations-first-only,unavailable,-26.740041881074248,-24.441623446537946,2.298418434536302
qwen3-8b,structural,structural:procurement_suppliers-expedite_decision-02:sub-operations-no-first:pre_action,procurement_suppliers-expedite_decision-02,resolve_expedite_decision,procurement_suppliers,sub-operations-no-first,budget_exhausted,-12.78059492464375,-13.353161280737702,-0.5725663560939509
qwen3-8b,structural,structural:procurement_suppliers-expedite_decision-02:sub-operations-no-gold:pre_action,procurement_suppliers-expedite_decision-02,resolve_expedite_decision,procurement_suppliers,sub-operations-no-gold,unavailable,-12.78059492464375,-14.950514538986596,-2.169919614342845
qwen3-8b,structural,structural:procurement_suppliers-expedite_decision-02:sub-operations-no-last:after_penultimate_success,procurement_suppliers-expedite_decision-02,resolve_expedite_decision,procurement_suppliers,sub-operations-no-last,budget_exhausted,-27.848853340506707,-16.75001121339531,11.098842127111396
qwen3-8b,structural,structural:procurement_suppliers-expedite_decision-03:sub-operations-first-only:after_first_success,procurement_suppliers-expedite_decision-03,resolve_expedite_decision,procurement_suppliers,sub-operations-first-only,unavailable,-25.474023484611514,-19.64285476382542,5.831168720786096
qwen3-8b,structural,structural:procurement_suppliers-expedite_decision-03:sub-operations-no-first:pre_action,procurement_suppliers-expedite_decision-03,resolve_expedite_decision,procurement_suppliers,sub-operations-no-first,unavailable,-15.31290439413879,-13.147126907220645,2.165777486918145
qwen3-8b,structural,structural:procurement_suppliers-expedite_decision-03:sub-operations-no-gold:pre_action,procurement_suppliers-expedite_decision-03,resolve_expedite_decision,procurement_suppliers,sub-operations-no-gold,unavailable,-15.31290439413879,-6.989124218072,8.32378017606679
qwen3-8b,structural,structural:procurement_suppliers-expedite_decision-03:sub-operations-no-last:after_penultimate_success,procurement_suppliers-expedite_decision-03,resolve_expedite_decision,procurement_suppliers,sub-operations-no-last,budget_exhausted,-27.973791365495565,-21.482252550643537,6.491538814852028
qwen3-8b,structural,structural:procurement_suppliers-expedite_decision-04:sub-operations-first-only:after_first_success,procurement_suppliers-expedite_decision-04,resolve_expedite_decision,procurement_suppliers,sub-operations-first-only,budget_exhausted,-31.602416401092924,-32.50955834730336,-0.9071419462104373
qwen3-8b,structural,structural:procurement_suppliers-expedite_decision-04:sub-operations-no-first:pre_action,procurement_suppliers-expedite_decision-04,resolve_expedite_decision,procurement_suppliers,sub-operations-no-first,unavailable,-16.618015427234525,-15.503907646059737,1.1141077811747877
qwen3-8b,structural,structural:procurement_suppliers-expedite_decision-04:sub-operations-no-gold:pre_action,procurement_suppliers-expedite_decision-04,resolve_expedite_decision,procurement_suppliers,sub-operations-no-gold,unavailable,-16.618015427234525,-12.434855187141608,4.183160240092917
qwen3-8b,structural,structural:procurement_suppliers-expedite_decision-04:sub-operations-no-last:after_penultimate_success,procurement_suppliers-expedite_decision-04,resolve_expedite_decision,procurement_suppliers,sub-operations-no-last,budget_exhausted,-29.22378533988516,-16.25133019675046,12.972455143134702
qwen3-8b,structural,structural:procurement_suppliers-lead_time-00:sub-operations-first-only:after_first_success,procurement_suppliers-lead_time-00,resolve_lead_time,procurement_suppliers,sub-operations-first-only,unavailable,-28.59917027265132,-16.727579164250557,11.871591108400764
qwen3-8b,structural,structural:procurement_suppliers-lead_time-00:sub-operations-no-first:pre_action,procurement_suppliers-lead_time-00,resolve_lead_time,procurement_suppliers,sub-operations-no-first,unavailable,-15.59955729117717,-8.50917098670331,7.09038630447386
qwen3-8b,structural,structural:procurement_suppliers-lead_time-00:sub-operations-no-gold:pre_action,procurement_suppliers-lead_time-00,resolve_lead_time,procurement_suppliers,sub-operations-no-gold,unavailable,-15.59955729117717,-10.454458313000437,5.145098978176733
qwen3-8b,structural,structural:procurement_suppliers-lead_time-00:sub-operations-no-last:after_penultimate_success,procurement_suppliers-lead_time-00,resolve_lead_time,procurement_suppliers,sub-operations-no-last,budget_exhausted,-29.34997087045395,-14.010386306628469,15.339584563825483
qwen3-8b,structural,structural:procurement_suppliers-lead_time-01:sub-operations-first-only:after_first_success,procurement_suppliers-lead_time-01,resolve_lead_time,procurement_suppliers,sub-operations-first-only,budget_exhausted,-31.290811222978938,-23.792986610931358,7.49782461204758
qwen3-8b,structural,structural:procurement_suppliers-lead_time-01:sub-operations-no-first:pre_action,procurement_suppliers-lead_time-01,resolve_lead_time,procurement_suppliers,sub-operations-no-first,unavailable,-17.349123546387446,-17.007914739654474,0.34120880673297194
qwen3-8b,structural,structural:procurement_suppliers-lead_time-01:sub-operations-no-gold:pre_action,procurement_suppliers-lead_time-01,resolve_lead_time,procurement_suppliers,sub-operations-no-gold,unavailable,-17.349123546387446,-12.402977751035309,4.9461457953521375
qwen3-8b,structural,structural:procurement_suppliers-lead_time-01:sub-operations-no-last:after_penultimate_success,procurement_suppliers-lead_time-01,resolve_lead_time,procurement_suppliers,sub-operations-no-last,budget_exhausted,-29.848924571320495,-15.513236048035203,14.335688523285292
qwen3-8b,structural,structural:procurement_suppliers-lead_time-02:sub-operations-first-only:after_first_success,procurement_suppliers-lead_time-02,resolve_lead_time,procurement_suppliers,sub-operations-first-only,budget_exhausted,-27.608873506456064,-19.11798706140123,8.490886445054834
qwen3-8b,structural,structural:procurement_suppliers-lead_time-02:sub-operations-no-first:pre_action,procurement_suppliers-lead_time-02,resolve_lead_time,procurement_suppliers,sub-operations-no-first,unavailable,-10.605769405151541,-10.513980283738718,0.09178912141282325
qwen3-8b,structural,structural:procurement_suppliers-lead_time-02:sub-operations-no-gold:pre_action,procurement_suppliers-lead_time-02,resolve_lead_time,procurement_suppliers,sub-operations-no-gold,budget_exhausted,-10.605769405151541,-11.605225342732489,-0.9994559375809473
qwen3-8b,structural,structural:procurement_suppliers-lead_time-02:sub-operations-no-last:after_penultimate_success,procurement_suppliers-lead_time-02,resolve_lead_time,procurement_suppliers,sub-operations-no-last,budget_exhausted,-32.473961762829276,-16.29299803910346,16.180963723725817
qwen3-8b,structural,structural:procurement_suppliers-lead_time-03:sub-operations-first-only:after_first_success,procurement_suppliers-lead_time-03,resolve_lead_time,procurement_suppliers,sub-operations-first-only,budget_exhausted,-28.848859739850802,-22.79275437947858,6.0561053603722215
qwen3-8b,structural,structural:procurement_suppliers-lead_time-03:sub-operations-no-first:pre_action,procurement_suppliers-lead_time-03,resolve_lead_time,procurement_suppliers,sub-operations-no-first,unavailable,-14.351375559758957,-10.94960414732094,3.4017714124380163
qwen3-8b,structural,structural:procurement_suppliers-lead_time-03:sub-operations-no-gold:pre_action,procurement_suppliers-lead_time-03,resolve_lead_time,procurement_suppliers,sub-operations-no-gold,unavailable,-14.351375559758957,-11.093530441062548,3.257845118696409
qwen3-8b,structural,structural:procurement_suppliers-lead_time-03:sub-operations-no-last:after_penultimate_success,procurement_suppliers-lead_time-03,resolve_lead_time,procurement_suppliers,sub-operations-no-last,budget_exhausted,-29.473859015035316,-23.762230171264378,5.711628843770939
qwen3-8b,structural,structural:procurement_suppliers-lead_time-04:sub-operations-first-only:after_first_success,procurement_suppliers-lead_time-04,resolve_lead_time,procurement_suppliers,sub-operations-first-only,unavailable,-28.84885337151544,-22.54118214062268,6.307671230892758
qwen3-8b,structural,structural:procurement_suppliers-lead_time-04:sub-operations-no-first:pre_action,procurement_suppliers-lead_time-04,resolve_lead_time,procurement_suppliers,sub-operations-no-first,unavailable,-16.602750885739603,-13.16869708816197,3.434053797577633
qwen3-8b,structural,structural:procurement_suppliers-lead_time-04:sub-operations-no-gold:pre_action,procurement_suppliers-lead_time-04,resolve_lead_time,procurement_suppliers,sub-operations-no-gold,budget_exhausted,-16.602750885739603,-14.163757740779658,2.4389931449599445
qwen3-8b,structural,structural:procurement_suppliers-lead_time-04:sub-operations-no-last:after_penultimate_success,procurement_suppliers-lead_time-04,resolve_lead_time,procurement_suppliers,sub-operations-no-last,budget_exhausted,-32.97380476592265,-16.750068633048357,16.223736132874294
qwen3-8b,structural,structural:procurement_suppliers-order_split-00:sub-operations-first-only:after_first_success,procurement_suppliers-order_split-00,resolve_order_split,procurement_suppliers,sub-operations-first-only,budget_exhausted,-35.47389753767856,-25.89773374726083,9.57616379041773
qwen3-8b,structural,structural:procurement_suppliers-order_split-00:sub-operations-no-first:pre_action,procurement_suppliers-order_split-00,resolve_order_split,procurement_suppliers,sub-operations-no-first,budget_exhausted,-12.713184523172103,-13.887949981548864,-1.1747654583767613
qwen3-8b,structural,structural:procurement_suppliers-order_split-00:sub-operations-no-gold:pre_action,procurement_suppliers-order_split-00,resolve_order_split,procurement_suppliers,sub-operations-no-gold,unavailable,-12.713184523172103,-12.705455941263025,0.007728581909077548
qwen3-8b,structural,structural:procurement_suppliers-order_split-00:sub-operations-no-last:after_penultimate_success,procurement_suppliers-order_split-00,resolve_order_split,procurement_suppliers,sub-operations-no-last,budget_exhausted,-32.22381430303645,-24.632602589116885,7.591211713919563
qwen3-8b,structural,structural:procurement_suppliers-order_split-03:sub-operations-first-only:after_first_success,procurement_suppliers-order_split-03,resolve_order_split,procurement_suppliers,sub-operations-first-only,unavailable,-40.59889894619401,-19.53269393165671,21.066205014537303
qwen3-8b,structural,structural:procurement_suppliers-order_split-03:sub-operations-no-first:pre_action,procurement_suppliers-order_split-03,resolve_order_split,procurement_suppliers,sub-operations-no-first,unavailable,-18.54654975067345,-17.272412541576166,1.2741372090972831
qwen3-8b,structural,structural:procurement_suppliers-order_split-03:sub-operations-no-gold:pre_action,procurement_suppliers-order_split-03,resolve_order_split,procurement_suppliers,sub-operations-no-gold,unavailable,-18.54654975067345,-14.025196932110518,4.5213528185629315
qwen3-8b,structural,structural:procurement_suppliers-order_split-03:sub-operations-no-last:after_penultimate_success,procurement_suppliers-order_split-03,resolve_order_split,procurement_suppliers,sub-operations-no-last,unavailable,-30.098802786073527,-23.008001204853457,7.09080158122007
qwen3-8b,structural,structural:procurement_suppliers-order_split-04:sub-operations-first-only:after_first_success,procurement_suppliers-order_split-04,resolve_order_split,procurement_suppliers,sub-operations-first-only,unavailable,-38.223834347691565,-19.0196411423402,19.204193205351366
qwen3-8b,structural,structural:procurement_suppliers-order_split-04:sub-operations-no-first:pre_action,procurement_suppliers-order_split-04,resolve_order_split,procurement_suppliers,sub-operations-no-first,unavailable,-13.843036773663442,-10.915498545891658,2.927538227771784
qwen3-8b,structural,structural:procurement_suppliers-order_split-04:sub-operations-no-gold:pre_action,procurement_suppliers-order_split-04,resolve_order_split,procurement_suppliers,sub-operations-no-gold,unavailable,-13.843036773663442,-11.70573844402385,2.1372983296395915
qwen3-8b,structural,structural:procurement_suppliers-order_split-04:sub-operations-no-last:after_penultimate_success,procurement_suppliers-order_split-04,resolve_order_split,procurement_suppliers,sub-operations-no-last,unavailable,-36.09885341193515,-17.02485629037737,19.07399712155778
qwen3-8b,structural,structural:procurement_suppliers-purchase_limit-00:sub-operations-first-only:after_first_success,procurement_suppliers-purchase_limit-00,resolve_purchase_limit,procurement_suppliers,sub-operations-first-only,unavailable,-28.974360848968615,-15.000031478936023,13.974329370032592
qwen3-8b,structural,structural:procurement_suppliers-purchase_limit-00:sub-operations-no-first:pre_action,procurement_suppliers-purchase_limit-00,resolve_purchase_limit,procurement_suppliers,sub-operations-no-first,budget_exhausted,-13.748581619112514,-11.853445815063829,1.8951358040486852
qwen3-8b,structural,structural:procurement_suppliers-purchase_limit-00:sub-operations-no-gold:pre_action,procurement_suppliers-purchase_limit-00,resolve_purchase_limit,procurement_suppliers,sub-operations-no-gold,unavailable,-13.748581619112514,-3.830244573682485,9.918337045430029
qwen3-8b,structural,structural:procurement_suppliers-purchase_limit-00:sub-operations-no-last:after_penultimate_success,procurement_suppliers-purchase_limit-00,resolve_purchase_limit,procurement_suppliers,sub-operations-no-last,budget_exhausted,-29.85407246882928,-19.38695615186981,10.46711631695947
qwen3-8b,structural,structural:procurement_suppliers-purchase_limit-01:sub-operations-first-only:after_first_success,procurement_suppliers-purchase_limit-01,resolve_purchase_limit,procurement_suppliers,sub-operations-first-only,unavailable,-30.224095197104916,-15.875019521755107,14.349075675349809
qwen3-8b,structural,structural:procurement_suppliers-purchase_limit-01:sub-operations-no-first:pre_action,procurement_suppliers-purchase_limit-01,resolve_purchase_limit,procurement_suppliers,sub-operations-no-first,unavailable,-11.88872205356558,-11.966534585414124,-0.07781253184854364
qwen3-8b,structural,structural:procurement_suppliers-purchase_limit-01:sub-operations-no-gold:pre_action,procurement_suppliers-purchase_limit-01,resolve_purchase_limit,procurement_suppliers,sub-operations-no-gold,unavailable,-11.88872205356558,-10.452577225595547,1.4361448279700326
qwen3-8b,structural,structural:procurement_suppliers-purchase_limit-01:sub-operations-no-last:after_penultimate_success,procurement_suppliers-purchase_limit-01,resolve_purchase_limit,procurement_suppliers,sub-operations-no-last,budget_exhausted,-32.59999037560529,-15.38320723052405,17.216783145081237
qwen3-8b,structural,structural:procurement_suppliers-purchase_limit-02:sub-operations-first-only:after_first_success,procurement_suppliers-purchase_limit-02,resolve_purchase_limit,procurement_suppliers,sub-operations-first-only,unavailable,-31.17907902530706,-15.750051540960179,15.429027484346882
qwen3-8b,structural,structural:procurement_suppliers-purchase_limit-02:sub-operations-no-first:pre_action,procurement_suppliers-purchase_limit-02,resolve_purchase_limit,procurement_suppliers,sub-operations-no-first,unavailable,-15.511916866435847,-12.643453856151709,2.868463010284138
qwen3-8b,structural,structural:procurement_suppliers-purchase_limit-02:sub-operations-no-gold:pre_action,procurement_suppliers-purchase_limit-02,resolve_purchase_limit,procurement_suppliers,sub-operations-no-gold,unavailable,-15.511916866435847,-9.519426486873279,5.992490379562568
qwen3-8b,structural,structural:procurement_suppliers-purchase_limit-02:sub-operations-no-last:after_penultimate_success,procurement_suppliers-purchase_limit-02,resolve_purchase_limit,procurement_suppliers,sub-operations-no-last,budget_exhausted,-23.723808907642997,-15.500001526086109,8.223807381556888
qwen3-8b,structural,structural:procurement_suppliers-purchase_limit-03:sub-operations-first-only:after_first_success,procurement_suppliers-purchase_limit-03,resolve_purchase_limit,procurement_suppliers,sub-operations-first-only,budget_exhausted,-27.372174588861412,-14.125096482634447,13.247078106226965
qwen3-8b,structural,structural:procurement_suppliers-purchase_limit-03:sub-operations-no-first:pre_action,procurement_suppliers-purchase_limit-03,resolve_purchase_limit,procurement_suppliers,sub-operations-no-first,unavailable,-20.68366049145724,-15.324516684386396,5.3591438070708435
qwen3-8b,structural,structural:procurement_suppliers-purchase_limit-03:sub-operations-no-gold:pre_action,procurement_suppliers-purchase_limit-03,resolve_purchase_limit,procurement_suppliers,sub-operations-no-gold,unavailable,-20.68366049145724,-4.007314635865079,16.67634585559216
qwen3-8b,structural,structural:procurement_suppliers-purchase_limit-03:sub-operations-no-last:after_penultimate_success,procurement_suppliers-purchase_limit-03,resolve_purchase_limit,procurement_suppliers,sub-operations-no-last,budget_exhausted,-27.0991408498682,-14.375003793141218,12.724137056726981
qwen3-8b,structural,structural:procurement_suppliers-purchase_limit-04:sub-operations-first-only:after_first_success,procurement_suppliers-purchase_limit-04,resolve_purchase_limit,procurement_suppliers,sub-operations-first-only,budget_exhausted,-32.684816640781946,-15.250025138133196,17.43479150264875
qwen3-8b,structural,structural:procurement_suppliers-purchase_limit-04:sub-operations-no-first:pre_action,procurement_suppliers-purchase_limit-04,resolve_purchase_limit,procurement_suppliers,sub-operations-no-first,unavailable,-19.90745003721188,-16.07698040811323,3.8304696290986513
qwen3-8b,structural,structural:procurement_suppliers-purchase_limit-04:sub-operations-no-gold:pre_action,procurement_suppliers-purchase_limit-04,resolve_purchase_limit,procurement_suppliers,sub-operations-no-gold,unavailable,-19.90745003721188,-7.187564357219394,12.719885679992487
qwen3-8b,structural,structural:procurement_suppliers-purchase_limit-04:sub-operations-no-last:after_penultimate_success,procurement_suppliers-purchase_limit-04,resolve_purchase_limit,procurement_suppliers,sub-operations-no-last,budget_exhausted,-26.22380323907298,-15.250001538584627,10.973801700488352
qwen3-8b,structural,structural:procurement_suppliers-quote_rank-00:sub-operations-first-only:after_first_success,procurement_suppliers-quote_rank-00,resolve_quote_rank,procurement_suppliers,sub-operations-first-only,budget_exhausted,-49.02047397364846,-21.40964982163686,27.610824152011595
qwen3-8b,structural,structural:procurement_suppliers-quote_rank-00:sub-operations-no-first:pre_action,procurement_suppliers-quote_rank-00,resolve_quote_rank,procurement_suppliers,sub-operations-no-first,unavailable,-14.415641925293933,-12.447511763450152,1.9681301618437814
qwen3-8b,structural,structural:procurement_suppliers-quote_rank-00:sub-operations-no-gold:pre_action,procurement_suppliers-quote_rank-00,resolve_quote_rank,procurement_suppliers,sub-operations-no-gold,unavailable,-14.415641925293933,-8.512266841325484,5.903375083968449
qwen3-8b,structural,structural:procurement_suppliers-quote_rank-00:sub-operations-no-last:after_penultimate_success,procurement_suppliers-quote_rank-00,resolve_quote_rank,procurement_suppliers,sub-operations-no-last,budget_exhausted,-41.47379904257101,-20.00676214665321,21.4670368959178
qwen3-8b,structural,structural:procurement_suppliers-quote_rank-01:sub-operations-first-only:after_first_success,procurement_suppliers-quote_rank-01,resolve_quote_rank,procurement_suppliers,sub-operations-first-only,budget_exhausted,-41.76848604336247,-19.16514703229599,22.60333901106648
qwen3-8b,structural,structural:procurement_suppliers-quote_rank-01:sub-operations-no-first:pre_action,procurement_suppliers-quote_rank-01,resolve_quote_rank,procurement_suppliers,sub-operations-no-first,unavailable,-20.99312940437133,-20.727866578593662,0.26526282577766835
qwen3-8b,structural,structural:procurement_suppliers-quote_rank-01:sub-operations-no-gold:pre_action,procurement_suppliers-quote_rank-01,resolve_quote_rank,procurement_suppliers,sub-operations-no-gold,unavailable,-20.99312940437133,-14.105826159214736,6.887303245156595
qwen3-8b,structural,structural:procurement_suppliers-quote_rank-01:sub-operations-no-last:after_penultimate_success,procurement_suppliers-quote_rank-01,resolve_quote_rank,procurement_suppliers,sub-operations-no-last,unavailable,-41.34880024053698,-31.066082544574343,10.282717695962639
qwen3-8b,structural,structural:procurement_suppliers-quote_rank-02:sub-operations-first-only:after_first_success,procurement_suppliers-quote_rank-02,resolve_quote_rank,procurement_suppliers,sub-operations-first-only,budget_exhausted,-45.84881669412374,-19.078489045605586,26.770327648518155
qwen3-8b,structural,structural:procurement_suppliers-quote_rank-02:sub-operations-no-first:pre_action,procurement_suppliers-quote_rank-02,resolve_quote_rank,procurement_suppliers,sub-operations-no-first,unavailable,-19.986461556223922,-17.73565254394812,2.250809012275802
qwen3-8b,structural,structural:procurement_suppliers-quote_rank-02:sub-operations-no-gold:pre_action,procurement_suppliers-quote_rank-02,resolve_quote_rank,procurement_suppliers,sub-operations-no-gold,unavailable,-19.986461556223922,-15.473591300378843,4.51287025584508
qwen3-8b,structural,structural:procurement_suppliers-quote_rank-02:sub-operations-no-last:after_penultimate_success,procurement_suppliers-quote_rank-02,resolve_quote_rank,procurement_suppliers,sub-operations-no-last,budget_exhausted,-35.9737967799151,-31.114878131694624,4.858918648220474
qwen3-8b,structural,structural:procurement_suppliers-quote_rank-03:sub-operations-first-only:after_first_success,procurement_suppliers-quote_rank-03,resolve_quote_rank,procurement_suppliers,sub-operations-first-only,budget_exhausted,-48.53634808766559,-18.05265156314352,30.483696524522067
qwen3-8b,structural,structural:procurement_suppliers-quote_rank-03:sub-operations-no-first:pre_action,procurement_suppliers-quote_rank-03,resolve_quote_rank,procurement_suppliers,sub-operations-no-first,budget_exhausted,-16.623932567730733,-16.8669505433756,-0.24301797564486805
qwen3-8b,structural,structural:procurement_suppliers-quote_rank-03:sub-operations-no-gold:pre_action,procurement_suppliers-quote_rank-03,resolve_quote_rank,procurement_suppliers,sub-operations-no-gold,unavailable,-16.623932567730733,-9.707536484856291,6.916396082874442
qwen3-8b,structural,structural:procurement_suppliers-quote_rank-03:sub-operations-no-last:after_penultimate_success,procurement_suppliers-quote_rank-03,resolve_quote_rank,procurement_suppliers,sub-operations-no-last,budget_exhausted,-43.973799519008246,-29.83547737787822,14.138322141130025
qwen3-8b,structural,structural:procurement_suppliers-quote_rank-04:sub-operations-first-only:after_first_success,procurement_suppliers-quote_rank-04,resolve_quote_rank,procurement_suppliers,sub-operations-first-only,budget_exhausted,-42.34875860918185,-21.8228397497069,20.52591885947495
qwen3-8b,structural,structural:procurement_suppliers-quote_rank-04:sub-operations-no-first:pre_action,procurement_suppliers-quote_rank-04,resolve_quote_rank,procurement_suppliers,sub-operations-no-first,unavailable,-19.002163104151812,-20.768583775865835,-1.7664206717140232
qwen3-8b,structural,structural:procurement_suppliers-quote_rank-04:sub-operations-no-gold:pre_action,procurement_suppliers-quote_rank-04,resolve_quote_rank,procurement_suppliers,sub-operations-no-gold,unavailable,-19.002163104151812,-15.376753361252213,3.625409742899599
qwen3-8b,structural,structural:procurement_suppliers-quote_rank-04:sub-operations-no-last:after_penultimate_success,procurement_suppliers-quote_rank-04,resolve_quote_rank,procurement_suppliers,sub-operations-no-last,budget_exhausted,-38.723799566739274,-19.125005208203795,19.59879435853548
qwen3-8b,structural,structural:procurement_suppliers-receipt_variance-01:sub-operations-first-only:after_first_success,procurement_suppliers-receipt_variance-01,resolve_receipt_variance,procurement_suppliers,sub-operations-first-only,unavailable,-37.97410916596434,-24.756807864966397,13.217301300997946
qwen3-8b,structural,structural:procurement_suppliers-receipt_variance-01:sub-operations-no-first:pre_action,procurement_suppliers-receipt_variance-01,resolve_receipt_variance,procurement_suppliers,sub-operations-no-first,unavailable,-19.59733908677208,-17.805045595322206,1.7922934914498754
qwen3-8b,structural,structural:procurement_suppliers-receipt_variance-01:sub-operations-no-gold:pre_action,procurement_suppliers-receipt_variance-01,resolve_receipt_variance,procurement_suppliers,sub-operations-no-gold,budget_exhausted,-19.59733908677208,-16.069440613528087,3.5278984732439937
qwen3-8b,structural,structural:procurement_suppliers-receipt_variance-01:sub-operations-no-last:after_penultimate_success,procurement_suppliers-receipt_variance-01,resolve_receipt_variance,procurement_suppliers,sub-operations-no-last,budget_exhausted,-44.09882073857214,-18.12500011977346,25.973820618798676
qwen3-8b,structural,structural:procurement_suppliers-receipt_variance-02:sub-operations-first-only:after_first_success,procurement_suppliers-receipt_variance-02,resolve_receipt_variance,procurement_suppliers,sub-operations-first-only,unavailable,-46.22376220418575,-14.151353385266447,32.07240881891931
qwen3-8b,structural,structural:procurement_suppliers-receipt_variance-02:sub-operations-no-first:pre_action,procurement_suppliers-receipt_variance-02,resolve_receipt_variance,procurement_suppliers,sub-operations-no-first,unavailable,-22.446715689659335,-21.45945938202359,0.9872563076357466
qwen3-8b,structural,structural:procurement_suppliers-receipt_variance-02:sub-operations-no-gold:pre_action,procurement_suppliers-receipt_variance-02,resolve_receipt_variance,procurement_suppliers,sub-operations-no-gold,budget_exhausted,-22.446715689659335,-11.953275137146953,10.493440552512382
qwen3-8b,structural,structural:procurement_suppliers-receipt_variance-02:sub-operations-no-last:after_penultimate_success,procurement_suppliers-receipt_variance-02,resolve_receipt_variance,procurement_suppliers,sub-operations-no-last,budget_exhausted,-31.973785485715553,-17.50000044672109,14.473785038994464
qwen3-8b,structural,structural:procurement_suppliers-receipt_variance-03:sub-operations-first-only:after_first_success,procurement_suppliers-receipt_variance-03,resolve_receipt_variance,procurement_suppliers,sub-operations-first-only,budget_exhausted,-45.224041510310364,-18.397080851728397,26.826960658581967
qwen3-8b,structural,structural:procurement_suppliers-receipt_variance-03:sub-operations-no-first:pre_action,procurement_suppliers-receipt_variance-03,resolve_receipt_variance,procurement_suppliers,sub-operations-no-first,unavailable,-22.838330616908245,-20.419537733762134,2.4187928831461107
qwen3-8b,structural,structural:procurement_suppliers-receipt_variance-03:sub-operations-no-gold:pre_action,procurement_suppliers-receipt_variance-03,resolve_receipt_variance,procurement_suppliers,sub-operations-no-gold,unavailable,-22.838330616908245,-3.4745587246354788,19.363771892272766
qwen3-8b,structural,structural:procurement_suppliers-receipt_variance-03:sub-operations-no-last:after_penultimate_success,procurement_suppliers-receipt_variance-03,resolve_receipt_variance,procurement_suppliers,sub-operations-no-last,budget_exhausted,-41.7238107414925,-16.375008175522524,25.348802565969976
qwen3-8b,structural,structural:procurement_suppliers-receipt_variance-04:sub-operations-first-only:after_first_success,procurement_suppliers-receipt_variance-04,resolve_receipt_variance,procurement_suppliers,sub-operations-first-only,unavailable,-55.5987756513097,-20.360326843485026,35.238448807824675
qwen3-8b,structural,structural:procurement_suppliers-receipt_variance-04:sub-operations-no-first:pre_action,procurement_suppliers-receipt_variance-04,resolve_receipt_variance,procurement_suppliers,sub-operations-no-first,unavailable,-23.098087960014205,-22.36759178858997,0.7304961714242353
qwen3-8b,structural,structural:procurement_suppliers-receipt_variance-04:sub-operations-no-gold:pre_action,procurement_suppliers-receipt_variance-04,resolve_receipt_variance,procurement_suppliers,sub-operations-no-gold,unavailable,-23.098087960014205,-13.458582380649581,9.639505579364624
qwen3-8b,structural,structural:procurement_suppliers-receipt_variance-04:sub-operations-no-last:after_penultimate_success,procurement_suppliers-receipt_variance-04,resolve_receipt_variance,procurement_suppliers,sub-operations-no-last,budget_exhausted,-46.973775916124985,-17.500005159657313,29.473770756467673
qwen3-8b,structural,structural:procurement_suppliers-return_authorization-00:sub-operations-first-only:after_first_success,procurement_suppliers-return_authorization-00,resolve_return_authorization,procurement_suppliers,sub-operations-first-only,unavailable,-36.598836951008174,-13.32038209662263,23.278454854385544
qwen3-8b,structural,structural:procurement_suppliers-return_authorization-00:sub-operations-no-first:pre_action,procurement_suppliers-return_authorization-00,resolve_return_authorization,procurement_suppliers,sub-operations-no-first,unavailable,-13.239456195521946,-14.299668459531688,-1.060212264009742
qwen3-8b,structural,structural:procurement_suppliers-return_authorization-00:sub-operations-no-gold:pre_action,procurement_suppliers-return_authorization-00,resolve_return_authorization,procurement_suppliers,sub-operations-no-gold,unavailable,-13.239456195521946,-7.724445205406411,5.515010990115535
qwen3-8b,structural,structural:procurement_suppliers-return_authorization-00:sub-operations-no-last:after_penultimate_success,procurement_suppliers-return_authorization-00,resolve_return_authorization,procurement_suppliers,sub-operations-no-last,budget_exhausted,-26.97388364280451,-15.500382471456284,11.473501171348225
qwen3-8b,structural,structural:procurement_suppliers-return_authorization-01:sub-operations-first-only:after_first_success,procurement_suppliers-return_authorization-01,resolve_return_authorization,procurement_suppliers,sub-operations-first-only,budget_exhausted,-38.473810737339335,-13.314638216257265,25.15917252108207
qwen3-8b,structural,structural:procurement_suppliers-return_authorization-01:sub-operations-no-first:pre_action,procurement_suppliers-return_authorization-01,resolve_return_authorization,procurement_suppliers,sub-operations-no-first,unavailable,-14.741733947758938,-15.673184959133877,-0.9314510113749392
qwen3-8b,structural,structural:procurement_suppliers-return_authorization-01:sub-operations-no-gold:pre_action,procurement_suppliers-return_authorization-01,resolve_return_authorization,procurement_suppliers,sub-operations-no-gold,unavailable,-14.741733947758938,-10.003677738245997,4.738056209512941
qwen3-8b,structural,structural:procurement_suppliers-return_authorization-01:sub-operations-no-last:after_penultimate_success,procurement_suppliers-return_authorization-01,resolve_return_authorization,procurement_suppliers,sub-operations-no-last,budget_exhausted,-28.47380964703475,-15.750003365505556,12.723806281529193
qwen3-8b,structural,structural:procurement_suppliers-return_authorization-02:sub-operations-first-only:after_first_success,procurement_suppliers-return_authorization-02,resolve_return_authorization,procurement_suppliers,sub-operations-first-only,budget_exhausted,-32.466725458811055,-15.04873786982401,17.417987588987046
qwen3-8b,structural,structural:procurement_suppliers-return_authorization-02:sub-operations-no-first:pre_action,procurement_suppliers-return_authorization-02,resolve_return_authorization,procurement_suppliers,sub-operations-no-first,unavailable,-13.119295590664414,-10.189508139646975,2.9297874510174395
qwen3-8b,structural,structural:procurement_suppliers-return_authorization-02:sub-operations-no-gold:pre_action,procurement_suppliers-return_authorization-02,resolve_return_authorization,procurement_suppliers,sub-operations-no-gold,unavailable,-13.119295590664414,-7.159805384797913,5.959490205866501
qwen3-8b,structural,structural:procurement_suppliers-return_authorization-02:sub-operations-no-last:after_penultimate_success,procurement_suppliers-return_authorization-02,resolve_return_authorization,procurement_suppliers,sub-operations-no-last,budget_exhausted,-30.223939553740898,-16.25000218922648,13.97393736451442
qwen3-8b,structural,structural:procurement_suppliers-return_authorization-03:sub-operations-first-only:after_first_success,procurement_suppliers-return_authorization-03,resolve_return_authorization,procurement_suppliers,sub-operations-first-only,budget_exhausted,-34.72381275163055,-13.002088120492523,21.721724631138024
qwen3-8b,structural,structural:procurement_suppliers-return_authorization-03:sub-operations-no-first:pre_action,procurement_suppliers-return_authorization-03,resolve_return_authorization,procurement_suppliers,sub-operations-no-first,unavailable,-16.114973203621567,-13.03280014017163,3.082173063449936
qwen3-8b,structural,structural:procurement_suppliers-return_authorization-03:sub-operations-no-gold:pre_action,procurement_suppliers-return_authorization-03,resolve_return_authorization,procurement_suppliers,sub-operations-no-gold,budget_exhausted,-16.114973203621567,-10.292493033663249,5.822480169958318
qwen3-8b,structural,structural:procurement_suppliers-return_authorization-03:sub-operations-no-last:after_penultimate_success,procurement_suppliers-return_authorization-03,resolve_return_authorization,procurement_suppliers,sub-operations-no-last,budget_exhausted,-33.84883223142386,-15.00000367532541,18.848828556098454
qwen3-8b,structural,structural:procurement_suppliers-supplier_eligibility-00:sub-operations-first-only:after_first_success,procurement_suppliers-supplier_eligibility-00,resolve_supplier_eligibility,procurement_suppliers,sub-operations-first-only,budget_exhausted,-32.09912894573858,-14.793666102023728,17.30546284371485
qwen3-8b,structural,structural:procurement_suppliers-supplier_eligibility-00:sub-operations-no-first:pre_action,procurement_suppliers-supplier_eligibility-00,resolve_supplier_eligibility,procurement_suppliers,sub-operations-no-first,budget_exhausted,-14.736041719675121,-13.50954299044394,1.2264987292311815
qwen3-8b,structural,structural:procurement_suppliers-supplier_eligibility-00:sub-operations-no-gold:pre_action,procurement_suppliers-supplier_eligibility-00,resolve_supplier_eligibility,procurement_suppliers,sub-operations-no-gold,unavailable,-14.736041719675121,-10.338569315296894,4.397472404378227
qwen3-8b,structural,structural:procurement_suppliers-supplier_eligibility-00:sub-operations-no-last:after_penultimate_success,procurement_suppliers-supplier_eligibility-00,resolve_supplier_eligibility,procurement_suppliers,sub-operations-no-last,budget_exhausted,-31.974376844182807,-23.556434417751063,8.417942426431743
qwen3-8b,structural,structural:procurement_suppliers-supplier_eligibility-01:sub-operations-first-only:after_first_success,procurement_suppliers-supplier_eligibility-01,resolve_supplier_eligibility,procurement_suppliers,sub-operations-first-only,unavailable,-36.573330334051214,-12.741360705492525,23.83196962855869
qwen3-8b,structural,structural:procurement_suppliers-supplier_eligibility-01:sub-operations-no-first:pre_action,procurement_suppliers-supplier_eligibility-01,resolve_supplier_eligibility,procurement_suppliers,sub-operations-no-first,unavailable,-20.414264991937003,-13.637104407641324,6.777160584295679
qwen3-8b,structural,structural:procurement_suppliers-supplier_eligibility-01:sub-operations-no-gold:pre_action,procurement_suppliers-supplier_eligibility-01,resolve_supplier_eligibility,procurement_suppliers,sub-operations-no-gold,unavailable,-20.414264991937003,-10.284249209713195,10.130015782223808
qwen3-8b,structural,structural:procurement_suppliers-supplier_eligibility-01:sub-operations-no-last:after_penultimate_success,procurement_suppliers-supplier_eligibility-01,resolve_supplier_eligibility,procurement_suppliers,sub-operations-no-last,budget_exhausted,-32.2247386184337,-13.625299278535564,18.599439339898133
qwen3-8b,structural,structural:procurement_suppliers-supplier_eligibility-02:sub-operations-first-only:after_first_success,procurement_suppliers-supplier_eligibility-02,resolve_supplier_eligibility,procurement_suppliers,sub-operations-first-only,unavailable,-33.34883038377382,-14.00743461013375,19.341395773640073
qwen3-8b,structural,structural:procurement_suppliers-supplier_eligibility-02:sub-operations-no-first:pre_action,procurement_suppliers-supplier_eligibility-02,resolve_supplier_eligibility,procurement_suppliers,sub-operations-no-first,unavailable,-15.935290925579537,-13.923687332066955,2.0116035935125822
qwen3-8b,structural,structural:procurement_suppliers-supplier_eligibility-02:sub-operations-no-gold:pre_action,procurement_suppliers-supplier_eligibility-02,resolve_supplier_eligibility,procurement_suppliers,sub-operations-no-gold,unavailable,-15.935290925579537,-15.596599126520225,0.3386917990593119
qwen3-8b,structural,structural:procurement_suppliers-supplier_eligibility-02:sub-operations-no-last:after_penultimate_success,procurement_suppliers-supplier_eligibility-02,resolve_supplier_eligibility,procurement_suppliers,sub-operations-no-last,budget_exhausted,-31.099168457555358,-14.250433014276616,16.84873544327874
qwen3-8b,structural,structural:procurement_suppliers-supplier_eligibility-03:sub-operations-first-only:after_first_success,procurement_suppliers-supplier_eligibility-03,resolve_supplier_eligibility,procurement_suppliers,sub-operations-first-only,budget_exhausted,-36.34950293902594,-21.787730478231794,14.561772460794145
qwen3-8b,structural,structural:procurement_suppliers-supplier_eligibility-03:sub-operations-no-first:pre_action,procurement_suppliers-supplier_eligibility-03,resolve_supplier_eligibility,procurement_suppliers,sub-operations-no-first,unavailable,-18.743145776414096,-14.713398029370126,4.02974774704397
qwen3-8b,structural,structural:procurement_suppliers-supplier_eligibility-03:sub-operations-no-gold:pre_action,procurement_suppliers-supplier_eligibility-03,resolve_supplier_eligibility,procurement_suppliers,sub-operations-no-gold,unavailable,-18.743145776414096,-12.830510828850784,5.912634947563312
qwen3-8b,structural,structural:procurement_suppliers-supplier_eligibility-03:sub-operations-no-last:after_penultimate_success,procurement_suppliers-supplier_eligibility-03,resolve_supplier_eligibility,procurement_suppliers,sub-operations-no-last,budget_exhausted,-35.473805231110546,-14.630744802320066,20.84306042879048
qwen3-8b,structural,structural:procurement_suppliers-supplier_eligibility-04:sub-operations-first-only:after_first_success,procurement_suppliers-supplier_eligibility-04,resolve_supplier_eligibility,procurement_suppliers,sub-operations-first-only,budget_exhausted,-34.035160954115376,-15.807832524545631,18.227328429569745
qwen3-8b,structural,structural:procurement_suppliers-supplier_eligibility-04:sub-operations-no-first:pre_action,procurement_suppliers-supplier_eligibility-04,resolve_supplier_eligibility,procurement_suppliers,sub-operations-no-first,unavailable,-17.49808577028994,-16.23350674510285,1.2645790251870892
qwen3-8b,structural,structural:procurement_suppliers-supplier_eligibility-04:sub-operations-no-gold:pre_action,procurement_suppliers-supplier_eligibility-04,resolve_supplier_eligibility,procurement_suppliers,sub-operations-no-gold,unavailable,-17.49808577028994,-14.463604141867833,3.034481628422107
qwen3-8b,structural,structural:procurement_suppliers-supplier_eligibility-04:sub-operations-no-last:after_penultimate_success,procurement_suppliers-supplier_eligibility-04,resolve_supplier_eligibility,procurement_suppliers,sub-operations-no-last,budget_exhausted,-33.47379285644429,-15.375067389643405,18.098725466800886
qwen3-8b,structural,structural:procurement_suppliers-vendor_score-00:sub-operations-first-only:after_first_success,procurement_suppliers-vendor_score-00,resolve_vendor_score,procurement_suppliers,sub-operations-first-only,budget_exhausted,-27.34892322065094,-14.876097160336123,12.472826060314816
qwen3-8b,structural,structural:procurement_suppliers-vendor_score-00:sub-operations-no-first:pre_action,procurement_suppliers-vendor_score-00,resolve_vendor_score,procurement_suppliers,sub-operations-no-first,unavailable,-14.514753300791206,-16.64380209770107,-2.1290487969098635
qwen3-8b,structural,structural:procurement_suppliers-vendor_score-00:sub-operations-no-gold:pre_action,procurement_suppliers-vendor_score-00,resolve_vendor_score,procurement_suppliers,sub-operations-no-gold,unavailable,-14.514753300791206,-17.498800280960218,-2.984046980169012
qwen3-8b,structural,structural:procurement_suppliers-vendor_score-00:sub-operations-no-last:after_penultimate_success,procurement_suppliers-vendor_score-00,resolve_vendor_score,procurement_suppliers,sub-operations-no-last,budget_exhausted,-25.348803477243088,-17.125000784031513,8.223802693211574
qwen3-8b,structural,structural:procurement_suppliers-vendor_score-01:sub-operations-first-only:after_first_success,procurement_suppliers-vendor_score-01,resolve_vendor_score,procurement_suppliers,sub-operations-first-only,budget_exhausted,-30.59859585306029,-14.751850770214972,15.846745082845317
qwen3-8b,structural,structural:procurement_suppliers-vendor_score-01:sub-operations-no-first:pre_action,procurement_suppliers-vendor_score-01,resolve_vendor_score,procurement_suppliers,sub-operations-no-first,unavailable,-17.472239572173727,-16.862902489144332,0.6093370830293949
qwen3-8b,structural,structural:procurement_suppliers-vendor_score-01:sub-operations-no-gold:pre_action,procurement_suppliers-vendor_score-01,resolve_vendor_score,procurement_suppliers,sub-operations-no-gold,unavailable,-17.472239572173727,-19.552660569045123,-2.0804209968713963
qwen3-8b,structural,structural:procurement_suppliers-vendor_score-01:sub-operations-no-last:after_penultimate_success,procurement_suppliers-vendor_score-01,resolve_vendor_score,procurement_suppliers,sub-operations-no-last,budget_exhausted,-26.72380476198296,-17.250002375960754,9.473802386022207
qwen3-8b,structural,structural:procurement_suppliers-vendor_score-02:sub-operations-first-only:after_first_success,procurement_suppliers-vendor_score-02,resolve_vendor_score,procurement_suppliers,sub-operations-first-only,budget_exhausted,-30.10121705474259,-14.625210648094601,15.47600640664799
qwen3-8b,structural,structural:procurement_suppliers-vendor_score-02:sub-operations-no-first:pre_action,procurement_suppliers-vendor_score-02,resolve_vendor_score,procurement_suppliers,sub-operations-no-first,unavailable,-14.727436227454646,-17.668099076430053,-2.940662848975407
qwen3-8b,structural,structural:procurement_suppliers-vendor_score-02:sub-operations-no-gold:pre_action,procurement_suppliers-vendor_score-02,resolve_vendor_score,procurement_suppliers,sub-operations-no-gold,unavailable,-14.727436227454646,-17.71543578920314,-2.987999561748495
qwen3-8b,structural,structural:procurement_suppliers-vendor_score-02:sub-operations-no-last:after_penultimate_success,procurement_suppliers-vendor_score-02,resolve_vendor_score,procurement_suppliers,sub-operations-no-last,budget_exhausted,-25.59880133383148,-15.87500767955121,9.723793654280271
qwen3-8b,structural,structural:procurement_suppliers-vendor_score-03:sub-operations-first-only:after_first_success,procurement_suppliers-vendor_score-03,resolve_vendor_score,procurement_suppliers,sub-operations-first-only,budget_exhausted,-29.973925294165355,-15.375023946465369,14.598901347699986
qwen3-8b,structural,structural:procurement_suppliers-vendor_score-03:sub-operations-no-first:pre_action,procurement_suppliers-vendor_score-03,resolve_vendor_score,procurement_suppliers,sub-operations-no-first,unavailable,-13.934263957270943,-16.71229328750635,-2.7780293302354053
qwen3-8b,structural,structural:procurement_suppliers-vendor_score-03:sub-operations-no-gold:pre_action,procurement_suppliers-vendor_score-03,resolve_vendor_score,procurement_suppliers,sub-operations-no-gold,unavailable,-13.934263957270943,-16.502396717346976,-2.5681327600760326
qwen3-8b,structural,structural:procurement_suppliers-vendor_score-03:sub-operations-no-last:after_penultimate_success,procurement_suppliers-vendor_score-03,resolve_vendor_score,procurement_suppliers,sub-operations-no-last,budget_exhausted,-27.349186831370055,-18.375000231079838,8.974186600290217
qwen3-8b,structural,structural:procurement_suppliers-vendor_score-04:sub-operations-first-only:after_first_success,procurement_suppliers-vendor_score-04,resolve_vendor_score,procurement_suppliers,sub-operations-first-only,budget_exhausted,-33.47333100564554,-15.000052635940769,18.473278369704772
qwen3-8b,structural,structural:procurement_suppliers-vendor_score-04:sub-operations-no-first:pre_action,procurement_suppliers-vendor_score-04,resolve_vendor_score,procurement_suppliers,sub-operations-no-first,unavailable,-17.202942920405718,-18.573107692241244,-1.370164771835526
qwen3-8b,structural,structural:procurement_suppliers-vendor_score-04:sub-operations-no-gold:pre_action,procurement_suppliers-vendor_score-04,resolve_vendor_score,procurement_suppliers,sub-operations-no-gold,unavailable,-17.202942920405718,-20.88442853727115,-3.68148561686543
qwen3-8b,structural,structural:procurement_suppliers-vendor_score-04:sub-operations-no-last:after_penultimate_success,procurement_suppliers-vendor_score-04,resolve_vendor_score,procurement_suppliers,sub-operations-no-last,budget_exhausted,-31.598816318881816,-18.000000395521226,13.59881592336059
qwen3-8b,structural,structural:workforce_access-access_decision-00:sub-operations-first-only:after_first_success,workforce_access-access_decision-00,resolve_access_decision,workforce_access,sub-operations-first-only,unavailable,-36.47410991289974,-14.000476960167944,22.473632952731798
qwen3-8b,structural,structural:workforce_access-access_decision-00:sub-operations-no-first:pre_action,workforce_access-access_decision-00,resolve_access_decision,workforce_access,sub-operations-no-first,unavailable,-15.48020522874684,-19.383675884742075,-3.9034706559952355
qwen3-8b,structural,structural:workforce_access-access_decision-00:sub-operations-no-gold:pre_action,workforce_access-access_decision-00,resolve_access_decision,workforce_access,sub-operations-no-gold,unavailable,-15.48020522874684,-6.6078785747758815,8.872326653970958
qwen3-8b,structural,structural:workforce_access-access_decision-00:sub-operations-no-last:after_penultimate_success,workforce_access-access_decision-00,resolve_access_decision,workforce_access,sub-operations-no-last,budget_exhausted,-38.84882553125738,-15.250061832796959,23.598763698460424
qwen3-8b,structural,structural:workforce_access-access_decision-01:sub-operations-first-only:after_first_success,workforce_access-access_decision-01,resolve_access_decision,workforce_access,sub-operations-first-only,unavailable,-32.600388177221774,-13.500419801809166,19.099968375412608
qwen3-8b,structural,structural:workforce_access-access_decision-01:sub-operations-no-first:pre_action,workforce_access-access_decision-01,resolve_access_decision,workforce_access,sub-operations-no-first,unavailable,-17.526109174161434,-18.025470565415,-0.49936139125356505
qwen3-8b,structural,structural:workforce_access-access_decision-01:sub-operations-no-gold:pre_action,workforce_access-access_decision-01,resolve_access_decision,workforce_access,sub-operations-no-gold,unavailable,-17.526109174161434,-2.8609968389483313,14.665112335213102
qwen3-8b,structural,structural:workforce_access-access_decision-01:sub-operations-no-last:after_penultimate_success,workforce_access-access_decision-01,resolve_access_decision,workforce_access,sub-operations-no-last,budget_exhausted,-23.22383261437497,-15.874999737785672,7.348832876589299
qwen3-8b,structural,structural:workforce_access-access_decision-02:sub-operations-first-only:after_first_success,workforce_access-access_decision-02,resolve_access_decision,workforce_access,sub-operations-first-only,unavailable,-29.72942934289844,-15.226288363165061,14.50314097973338
qwen3-8b,structural,structural:workforce_access-access_decision-02:sub-operations-no-first:pre_action,workforce_access-access_decision-02,resolve_access_decision,workforce_access,sub-operations-no-first,unavailable,-19.358580728677943,-16.92380691132741,2.434773817350532
qwen3-8b,structural,structural:workforce_access-access_decision-02:sub-operations-no-gold:pre_action,workforce_access-access_decision-02,resolve_access_decision,workforce_access,sub-operations-no-gold,unavailable,-19.358580728677943,-10.648255842120776,8.710324886557167
qwen3-8b,structural,structural:workforce_access-access_decision-02:sub-operations-no-last:after_penultimate_success,workforce_access-access_decision-02,resolve_access_decision,workforce_access,sub-operations-no-last,budget_exhausted,-22.47518047068005,-15.75000018468635,6.7251802859937015
qwen3-8b,structural,structural:workforce_access-access_decision-03:sub-operations-first-only:after_first_success,workforce_access-access_decision-03,resolve_access_decision,workforce_access,sub-operations-first-only,unavailable,-28.599015438939283,-13.12506364377385,15.473951795165434
qwen3-8b,structural,structural:workforce_access-access_decision-03:sub-operations-no-first:pre_action,workforce_access-access_decision-03,resolve_access_decision,workforce_access,sub-operations-no-first,unavailable,-14.713907934131427,-18.404861772128797,-3.6909538379973696
qwen3-8b,structural,structural:workforce_access-access_decision-03:sub-operations-no-gold:pre_action,workforce_access-access_decision-03,resolve_access_decision,workforce_access,sub-operations-no-gold,unavailable,-14.713907934131427,-11.393294933649678,3.3206130004817496
qwen3-8b,structural,structural:workforce_access-access_decision-03:sub-operations-no-last:after_penultimate_success,workforce_access-access_decision-03,resolve_access_decision,workforce_access,sub-operations-no-last,budget_exhausted,-19.598898446978005,-16.000000091063555,3.59889835591445
qwen3-8b,structural,structural:workforce_access-access_decision-04:sub-operations-first-only:after_first_success,workforce_access-access_decision-04,resolve_access_decision,workforce_access,sub-operations-first-only,unavailable,-29.223810201994283,-13.125671150190634,16.09813905180365
qwen3-8b,structural,structural:workforce_access-access_decision-04:sub-operations-no-first:pre_action,workforce_access-access_decision-04,resolve_access_decision,workforce_access,sub-operations-no-first,unavailable,-21.0078472803663,-19.13373935315866,1.874107927207639
qwen3-8b,structural,structural:workforce_access-access_decision-04:sub-operations-no-gold:pre_action,workforce_access-access_decision-04,resolve_access_decision,workforce_access,sub-operations-no-gold,unavailable,-21.0078472803663,-15.83285011206101,5.174997168305289
qwen3-8b,structural,structural:workforce_access-access_decision-04:sub-operations-no-last:after_penultimate_success,workforce_access-access_decision-04,resolve_access_decision,workforce_access,sub-operations-no-last,budget_exhausted,-25.349291357566315,-15.87499996798681,9.474291389579506
qwen3-8b,structural,structural:workforce_access-badge_expiry-00:sub-operations-first-only:after_first_success,workforce_access-badge_expiry-00,resolve_badge_expiry,workforce_access,sub-operations-first-only,budget_exhausted,-40.09892630540707,-20.793105968148836,19.305820337258233
qwen3-8b,structural,structural:workforce_access-badge_expiry-00:sub-operations-no-first:pre_action,workforce_access-badge_expiry-00,resolve_badge_expiry,workforce_access,sub-operations-no-first,budget_exhausted,-17.15319977884134,-11.068351650361556,6.084848128479784
qwen3-8b,structural,structural:workforce_access-badge_expiry-00:sub-operations-no-gold:pre_action,workforce_access-badge_expiry-00,resolve_badge_expiry,workforce_access,sub-operations-no-gold,unavailable,-17.15319977884134,-11.96998697787766,5.18321280096368
qwen3-8b,structural,structural:workforce_access-badge_expiry-00:sub-operations-no-last:after_penultimate_success,workforce_access-badge_expiry-00,resolve_badge_expiry,workforce_access,sub-operations-no-last,budget_exhausted,-28.59880385421956,-15.625008751335685,12.973795102883876
qwen3-8b,structural,structural:workforce_access-badge_expiry-01:sub-operations-first-only:after_first_success,workforce_access-badge_expiry-01,resolve_badge_expiry,workforce_access,sub-operations-first-only,unavailable,-38.72386008736116,-14.365813214968142,24.358046872393018
qwen3-8b,structural,structural:workforce_access-badge_expiry-01:sub-operations-no-first:pre_action,workforce_access-badge_expiry-01,resolve_badge_expiry,workforce_access,sub-operations-no-first,budget_exhausted,-18.981945962783755,-14.150052344786246,4.831893617997508
qwen3-8b,structural,structural:workforce_access-badge_expiry-01:sub-operations-no-gold:pre_action,workforce_access-badge_expiry-01,resolve_badge_expiry,workforce_access,sub-operations-no-gold,unavailable,-18.981945962783755,-6.026372631279727,12.955573331504027
qwen3-8b,structural,structural:workforce_access-badge_expiry-01:sub-operations-no-last:after_penultimate_success,workforce_access-badge_expiry-01,resolve_badge_expiry,workforce_access,sub-operations-no-last,budget_exhausted,-28.723918621597257,-16.12500111579247,12.598917505804785
qwen3-8b,structural,structural:workforce_access-badge_expiry-02:sub-operations-first-only:after_first_success,workforce_access-badge_expiry-02,resolve_badge_expiry,workforce_access,sub-operations-first-only,unavailable,-40.72463946429727,-15.79943018648018,24.92520927781709
qwen3-8b,structural,structural:workforce_access-badge_expiry-02:sub-operations-no-first:pre_action,workforce_access-badge_expiry-02,resolve_badge_expiry,workforce_access,sub-operations-no-first,unavailable,-17.79387412167746,-14.740414847952948,3.0534592737245134
qwen3-8b,structural,structural:workforce_access-badge_expiry-02:sub-operations-no-gold:pre_action,workforce_access-badge_expiry-02,resolve_badge_expiry,workforce_access,sub-operations-no-gold,unavailable,-17.79387412167746,-11.951745954287944,5.842128167389518
qwen3-8b,structural,structural:workforce_access-badge_expiry-02:sub-operations-no-last:after_penultimate_success,workforce_access-badge_expiry-02,resolve_badge_expiry,workforce_access,sub-operations-no-last,budget_exhausted,-29.72380035794886,-14.87500623234849,14.84879412560037
qwen3-8b,structural,structural:workforce_access-badge_expiry-03:sub-operations-first-only:after_first_success,workforce_access-badge_expiry-03,resolve_badge_expiry,workforce_access,sub-operations-first-only,budget_exhausted,-41.223817358497286,-17.79483260148234,23.428984757014945
qwen3-8b,structural,structural:workforce_access-badge_expiry-03:sub-operations-no-first:pre_action,workforce_access-badge_expiry-03,resolve_badge_expiry,workforce_access,sub-operations-no-first,budget_exhausted,-21.813761916615,-18.646920547593133,3.166841369021867
qwen3-8b,structural,structural:workforce_access-badge_expiry-03:sub-operations-no-gold:pre_action,workforce_access-badge_expiry-03,resolve_badge_expiry,workforce_access,sub-operations-no-gold,budget_exhausted,-21.813761916615,-6.332143449221448,15.481618467393552
qwen3-8b,structural,structural:workforce_access-badge_expiry-03:sub-operations-no-last:after_penultimate_success,workforce_access-badge_expiry-03,resolve_badge_expiry,workforce_access,sub-operations-no-last,budget_exhausted,-15.805136975596369,-15.125002240100521,0.680134735495848
qwen3-8b,structural,structural:workforce_access-badge_expiry-04:sub-operations-first-only:after_first_success,workforce_access-badge_expiry-04,resolve_badge_expiry,workforce_access,sub-operations-first-only,budget_exhausted,-35.03514635892861,-19.790653845467155,15.244492513461452
qwen3-8b,structural,structural:workforce_access-badge_expiry-04:sub-operations-no-first:pre_action,workforce_access-badge_expiry-04,resolve_badge_expiry,workforce_access,sub-operations-no-first,budget_exhausted,-17.952351227185815,-15.916749124438539,2.0356021027472764
qwen3-8b,structural,structural:workforce_access-badge_expiry-04:sub-operations-no-gold:pre_action,workforce_access-badge_expiry-04,resolve_badge_expiry,workforce_access,sub-operations-no-gold,budget_exhausted,-17.952351227185815,-3.5731302332531527,14.379220993932663
qwen3-8b,structural,structural:workforce_access-badge_expiry-04:sub-operations-no-last:after_penultimate_success,workforce_access-badge_expiry-04,resolve_badge_expiry,workforce_access,sub-operations-no-last,budget_exhausted,-21.598845439236456,-15.500005920957065,6.098839518279391
qwen3-8b,structural,structural:workforce_access-delegation_scope-03:sub-operations-first-only:after_first_success,workforce_access-delegation_scope-03,resolve_delegation_scope,workforce_access,sub-operations-first-only,unavailable,-40.97435837236316,-13.625272075791266,27.349086296571897
qwen3-8b,structural,structural:workforce_access-delegation_scope-03:sub-operations-no-first:pre_action,workforce_access-delegation_scope-03,resolve_delegation_scope,workforce_access,sub-operations-no-first,unavailable,-12.857575851016016,-13.890551414966644,-1.0329755639506288
qwen3-8b,structural,structural:workforce_access-delegation_scope-03:sub-operations-no-gold:pre_action,workforce_access-delegation_scope-03,resolve_delegation_scope,workforce_access,sub-operations-no-gold,unavailable,-12.857575851016016,-3.808692009685828,9.048883841330188
qwen3-8b,structural,structural:workforce_access-delegation_scope-03:sub-operations-no-last:after_penultimate_success,workforce_access-delegation_scope-03,resolve_delegation_scope,workforce_access,sub-operations-no-last,budget_exhausted,-26.348808416198004,-15.37500104550363,10.973807370694374
qwen3-8b,structural,structural:workforce_access-leave_balance-00:sub-operations-first-only:after_first_success,workforce_access-leave_balance-00,resolve_leave_balance,workforce_access,sub-operations-first-only,budget_exhausted,-28.598822780291293,-14.604254846271317,13.994567934019976
qwen3-8b,structural,structural:workforce_access-leave_balance-00:sub-operations-no-first:pre_action,workforce_access-leave_balance-00,resolve_leave_balance,workforce_access,sub-operations-no-first,unavailable,-12.89926351020678,-13.293249708401497,-0.3939861981947175
qwen3-8b,structural,structural:workforce_access-leave_balance-00:sub-operations-no-gold:pre_action,workforce_access-leave_balance-00,resolve_leave_balance,workforce_access,sub-operations-no-gold,unavailable,-12.89926351020678,-6.415141482815734,6.484122027391045
qwen3-8b,structural,structural:workforce_access-leave_balance-00:sub-operations-no-last:after_penultimate_success,workforce_access-leave_balance-00,resolve_leave_balance,workforce_access,sub-operations-no-last,budget_exhausted,-32.34880298032357,-16.250000060719373,16.098802919604196
qwen3-8b,structural,structural:workforce_access-leave_balance-01:sub-operations-first-only:after_first_success,workforce_access-leave_balance-01,resolve_leave_balance,workforce_access,sub-operations-first-only,budget_exhausted,-36.722057097246456,-16.25000729417605,20.472049803070405
qwen3-8b,structural,structural:workforce_access-leave_balance-01:sub-operations-no-first:pre_action,workforce_access-leave_balance-01,resolve_leave_balance,workforce_access,sub-operations-no-first,budget_exhausted,-17.659247102376817,-14.887118662517366,2.7721284398594506
qwen3-8b,structural,structural:workforce_access-leave_balance-01:sub-operations-no-gold:pre_action,workforce_access-leave_balance-01,resolve_leave_balance,workforce_access,sub-operations-no-gold,unavailable,-17.659247102376817,-13.841367995286525,3.8178791070902918
qwen3-8b,structural,structural:workforce_access-leave_balance-01:sub-operations-no-last:after_penultimate_success,workforce_access-leave_balance-01,resolve_leave_balance,workforce_access,sub-operations-no-last,budget_exhausted,-31.098817700693104,-16.999999806904853,14.098817893788251
qwen3-8b,structural,structural:workforce_access-leave_balance-02:sub-operations-first-only:after_first_success,workforce_access-leave_balance-02,resolve_leave_balance,workforce_access,sub-operations-first-only,budget_exhausted,-34.115254907439834,-15.250063415194028,18.865191492245806
qwen3-8b,structural,structural:workforce_access-leave_balance-02:sub-operations-no-first:pre_action,workforce_access-leave_balance-02,resolve_leave_balance,workforce_access,sub-operations-no-first,budget_exhausted,-14.671161836462822,-12.316863476168386,2.354298360294436
qwen3-8b,structural,structural:workforce_access-leave_balance-02:sub-operations-no-gold:pre_action,workforce_access-leave_balance-02,resolve_leave_balance,workforce_access,sub-operations-no-gold,unavailable,-14.671161836462822,-9.265958950657193,5.405202885805629
qwen3-8b,structural,structural:workforce_access-leave_balance-02:sub-operations-no-last:after_penultimate_success,workforce_access-leave_balance-02,resolve_leave_balance,workforce_access,sub-operations-no-last,budget_exhausted,-32.47381104316039,-17.374999967513453,15.098811075646935
qwen3-8b,structural,structural:workforce_access-leave_balance-03:sub-operations-first-only:after_first_success,workforce_access-leave_balance-03,resolve_leave_balance,workforce_access,sub-operations-first-only,unavailable,-35.14643210225958,-14.500095958792386,20.646336143467195
qwen3-8b,structural,structural:workforce_access-leave_balance-03:sub-operations-no-first:pre_action,workforce_access-leave_balance-03,resolve_leave_balance,workforce_access,sub-operations-no-first,unavailable,-14.237752992796324,-13.664228557140149,0.5735244356561751
qwen3-8b,structural,structural:workforce_access-leave_balance-03:sub-operations-no-gold:pre_action,workforce_access-leave_balance-03,resolve_leave_balance,workforce_access,sub-operations-no-gold,unavailable,-14.237752992796324,-4.146117752283402,10.091635240512922
qwen3-8b,structural,structural:workforce_access-leave_balance-03:sub-operations-no-last:after_penultimate_success,workforce_access-leave_balance-03,resolve_leave_balance,workforce_access,sub-operations-no-last,budget_exhausted,-32.34880384212942,-17.875000543277082,14.473803298852339
qwen3-8b,structural,structural:workforce_access-leave_balance-04:sub-operations-first-only:after_first_success,workforce_access-leave_balance-04,resolve_leave_balance,workforce_access,sub-operations-first-only,budget_exhausted,-32.47380113761289,-15.250051928900291,17.223749208712597
qwen3-8b,structural,structural:workforce_access-leave_balance-04:sub-operations-no-first:pre_action,workforce_access-leave_balance-04,resolve_leave_balance,workforce_access,sub-operations-no-first,budget_exhausted,-17.493073211808046,-12.650456543939704,4.8426166678683416
qwen3-8b,structural,structural:workforce_access-leave_balance-04:sub-operations-no-gold:pre_action,workforce_access-leave_balance-04,resolve_leave_balance,workforce_access,sub-operations-no-gold,unavailable,-17.493073211808046,-8.554700062250333,8.938373149557712
qwen3-8b,structural,structural:workforce_access-leave_balance-04:sub-operations-no-last:after_penultimate_success,workforce_access-leave_balance-04,resolve_leave_balance,workforce_access,sub-operations-no-last,budget_exhausted,-17.119888698771398,-17.000001629030344,0.11988706974105412
qwen3-8b,structural,structural:workforce_access-offboarding_actions-00:sub-operations-first-only:after_first_success,workforce_access-offboarding_actions-00,resolve_offboarding_actions,workforce_access,sub-operations-first-only,budget_exhausted,-27.474465572222186,-25.290318101741327,2.184147470480859
qwen3-8b,structural,structural:workforce_access-offboarding_actions-00:sub-operations-no-first:pre_action,workforce_access-offboarding_actions-00,resolve_offboarding_actions,workforce_access,sub-operations-no-first,budget_exhausted,-16.8192472619047,-12.433417477249442,4.385829784655257
qwen3-8b,structural,structural:workforce_access-offboarding_actions-00:sub-operations-no-gold:pre_action,workforce_access-offboarding_actions-00,resolve_offboarding_actions,workforce_access,sub-operations-no-gold,unavailable,-16.8192472619047,-1.4325160505016044,15.386731211403095
qwen3-8b,structural,structural:workforce_access-offboarding_actions-00:sub-operations-no-last:after_penultimate_success,workforce_access-offboarding_actions-00,resolve_offboarding_actions,workforce_access,sub-operations-no-last,budget_exhausted,-22.22440335796393,-15.250002068765603,6.974401289198326
qwen3-8b,structural,structural:workforce_access-offboarding_actions-01:sub-operations-first-only:after_first_success,workforce_access-offboarding_actions-01,resolve_offboarding_actions,workforce_access,sub-operations-first-only,budget_exhausted,-31.889902103825982,-28.133863901669372,3.75603820215661
qwen3-8b,structural,structural:workforce_access-offboarding_actions-01:sub-operations-no-first:pre_action,workforce_access-offboarding_actions-01,resolve_offboarding_actions,workforce_access,sub-operations-no-first,unavailable,-18.452499834697385,-14.213499578852847,4.239000255844537
qwen3-8b,structural,structural:workforce_access-offboarding_actions-01:sub-operations-no-gold:pre_action,workforce_access-offboarding_actions-01,resolve_offboarding_actions,workforce_access,sub-operations-no-gold,unavailable,-18.452499834697385,4.913218960248599,23.365718794945984
qwen3-8b,structural,structural:workforce_access-offboarding_actions-01:sub-operations-no-last:after_penultimate_success,workforce_access-offboarding_actions-01,resolve_offboarding_actions,workforce_access,sub-operations-no-last,budget_exhausted,-26.599524051069245,-14.75000427939296,11.849519771676285
qwen3-8b,structural,structural:workforce_access-offboarding_actions-02:sub-operations-first-only:after_first_success,workforce_access-offboarding_actions-02,resolve_offboarding_actions,workforce_access,sub-operations-first-only,budget_exhausted,-29.979342014697203,-22.293581137780286,7.685760876916916
qwen3-8b,structural,structural:workforce_access-offboarding_actions-02:sub-operations-no-first:pre_action,workforce_access-offboarding_actions-02,resolve_offboarding_actions,workforce_access,sub-operations-no-first,unavailable,-15.902380698222188,-11.842818004050258,4.05956269417193
qwen3-8b,structural,structural:workforce_access-offboarding_actions-02:sub-operations-no-gold:pre_action,workforce_access-offboarding_actions-02,resolve_offboarding_actions,workforce_access,sub-operations-no-gold,budget_exhausted,-15.902380698222188,-8.570213166486546,7.332167531735642
qwen3-8b,structural,structural:workforce_access-offboarding_actions-02:sub-operations-no-last:after_penultimate_success,workforce_access-offboarding_actions-02,resolve_offboarding_actions,workforce_access,sub-operations-no-last,budget_exhausted,-22.477036409570673,-15.12500500916088,7.352031400409793
qwen3-8b,structural,structural:workforce_access-offboarding_actions-03:sub-operations-first-only:after_first_success,workforce_access-offboarding_actions-03,resolve_offboarding_actions,workforce_access,sub-operations-first-only,unavailable,-32.7241193771519,-27.417820084777247,5.3062992923746535
qwen3-8b,structural,structural:workforce_access-offboarding_actions-03:sub-operations-no-first:pre_action,workforce_access-offboarding_actions-03,resolve_offboarding_actions,workforce_access,sub-operations-no-first,unavailable,-17.278876136870622,-10.193453026656393,7.085423110214229
qwen3-8b,structural,structural:workforce_access-offboarding_actions-03:sub-operations-no-gold:pre_action,workforce_access-offboarding_actions-03,resolve_offboarding_actions,workforce_access,sub-operations-no-gold,unavailable,-17.278876136870622,-0.1077660609551856,17.171110075915436
qwen3-8b,structural,structural:workforce_access-offboarding_actions-03:sub-operations-no-last:after_penultimate_success,workforce_access-offboarding_actions-03,resolve_offboarding_actions,workforce_access,sub-operations-no-last,budget_exhausted,-18.47635440695911,-16.250045893598198,2.2263085133609124
qwen3-8b,structural,structural:workforce_access-offboarding_actions-04:sub-operations-first-only:after_first_success,workforce_access-offboarding_actions-04,resolve_offboarding_actions,workforce_access,sub-operations-first-only,budget_exhausted,-37.72383449772337,-20.54296055911528,17.180873938608087
qwen3-8b,structural,structural:workforce_access-offboarding_actions-04:sub-operations-no-first:pre_action,workforce_access-offboarding_actions-04,resolve_offboarding_actions,workforce_access,sub-operations-no-first,unavailable,-18.385181392769802,-11.713382967501907,6.671798425267895
qwen3-8b,structural,structural:workforce_access-offboarding_actions-04:sub-operations-no-gold:pre_action,workforce_access-offboarding_actions-04,resolve_offboarding_actions,workforce_access,sub-operations-no-gold,unavailable,-18.385181392769802,1.915868565199844,20.301049957969646
qwen3-8b,structural,structural:workforce_access-offboarding_actions-04:sub-operations-no-last:after_penultimate_success,workforce_access-offboarding_actions-04,resolve_offboarding_actions,workforce_access,sub-operations-no-last,budget_exhausted,-32.97382766370143,-16.500002079775605,16.473825583925823
qwen3-8b,structural,structural:workforce_access-oncall_assignment-00:sub-operations-first-only:after_first_success,workforce_access-oncall_assignment-00,resolve_oncall_assignment,workforce_access,sub-operations-first-only,budget_exhausted,-34.349125320294256,-19.162740724426307,15.186384595867949
qwen3-8b,structural,structural:workforce_access-oncall_assignment-00:sub-operations-no-first:pre_action,workforce_access-oncall_assignment-00,resolve_oncall_assignment,workforce_access,sub-operations-no-first,budget_exhausted,-16.242864702167438,-13.382381243605174,2.860483458562264
qwen3-8b,structural,structural:workforce_access-oncall_assignment-00:sub-operations-no-gold:pre_action,workforce_access-oncall_assignment-00,resolve_oncall_assignment,workforce_access,sub-operations-no-gold,unavailable,-16.242864702167438,5.682209279056302,21.92507398122374
qwen3-8b,structural,structural:workforce_access-oncall_assignment-00:sub-operations-no-last:after_penultimate_success,workforce_access-oncall_assignment-00,resolve_oncall_assignment,workforce_access,sub-operations-no-last,budget_exhausted,-28.09892935953649,-21.382737558521235,6.716191801015256
qwen3-8b,structural,structural:workforce_access-oncall_assignment-01:sub-operations-first-only:after_first_success,workforce_access-oncall_assignment-01,resolve_oncall_assignment,workforce_access,sub-operations-first-only,budget_exhausted,-32.47406190299968,-12.413904569760412,20.060157333239268
qwen3-8b,structural,structural:workforce_access-oncall_assignment-01:sub-operations-no-first:pre_action,workforce_access-oncall_assignment-01,resolve_oncall_assignment,workforce_access,sub-operations-no-first,budget_exhausted,-15.22719707835229,-14.132679091540858,1.0945179868114323
qwen3-8b,structural,structural:workforce_access-oncall_assignment-01:sub-operations-no-gold:pre_action,workforce_access-oncall_assignment-01,resolve_oncall_assignment,workforce_access,sub-operations-no-gold,unavailable,-15.22719707835229,-4.219788946010404,11.007408132341887
qwen3-8b,structural,structural:workforce_access-oncall_assignment-01:sub-operations-no-last:after_penultimate_success,workforce_access-oncall_assignment-01,resolve_oncall_assignment,workforce_access,sub-operations-no-last,budget_exhausted,-22.723834031920234,-13.543450548996418,9.180383482923816
qwen3-8b,structural,structural:workforce_access-oncall_assignment-02:sub-operations-first-only:after_first_success,workforce_access-oncall_assignment-02,resolve_oncall_assignment,workforce_access,sub-operations-first-only,budget_exhausted,-36.3488692591082,-13.50168985834705,22.84717940076115
qwen3-8b,structural,structural:workforce_access-oncall_assignment-02:sub-operations-no-first:pre_action,workforce_access-oncall_assignment-02,resolve_oncall_assignment,workforce_access,sub-operations-no-first,unavailable,-19.974879705187945,-18.508676004916325,1.4662037002716204
qwen3-8b,structural,structural:workforce_access-oncall_assignment-02:sub-operations-no-gold:pre_action,workforce_access-oncall_assignment-02,resolve_oncall_assignment,workforce_access,sub-operations-no-gold,unavailable,-19.974879705187945,-1.3447712735174377,18.630108431670507
qwen3-8b,structural,structural:workforce_access-oncall_assignment-02:sub-operations-no-last:after_penultimate_success,workforce_access-oncall_assignment-02,resolve_oncall_assignment,workforce_access,sub-operations-no-last,budget_exhausted,-32.0988507934906,-14.627835228943319,17.47101556454728
qwen3-8b,structural,structural:workforce_access-oncall_assignment-03:sub-operations-first-only:after_first_success,workforce_access-oncall_assignment-03,resolve_oncall_assignment,workforce_access,sub-operations-first-only,unavailable,-38.223634624575375,-13.001529779750093,25.22210484482528
qwen3-8b,structural,structural:workforce_access-oncall_assignment-03:sub-operations-no-first:pre_action,workforce_access-oncall_assignment-03,resolve_oncall_assignment,workforce_access,sub-operations-no-first,budget_exhausted,-16.85266195494244,-17.76314383666741,-0.9104818817249694
qwen3-8b,structural,structural:workforce_access-oncall_assignment-03:sub-operations-no-gold:pre_action,workforce_access-oncall_assignment-03,resolve_oncall_assignment,workforce_access,sub-operations-no-gold,unavailable,-16.85266195494244,6.078538684747031,22.93120063968947
qwen3-8b,structural,structural:workforce_access-oncall_assignment-03:sub-operations-no-last:after_penultimate_success,workforce_access-oncall_assignment-03,resolve_oncall_assignment,workforce_access,sub-operations-no-last,budget_exhausted,-34.723954254684735,-16.37505786613609,18.348896388548646
qwen3-8b,structural,structural:workforce_access-oncall_assignment-04:sub-operations-first-only:after_first_success,workforce_access-oncall_assignment-04,resolve_oncall_assignment,workforce_access,sub-operations-first-only,budget_exhausted,-41.25497493463711,-18.56885618213483,22.68611875250228
qwen3-8b,structural,structural:workforce_access-oncall_assignment-04:sub-operations-no-first:pre_action,workforce_access-oncall_assignment-04,resolve_oncall_assignment,workforce_access,sub-operations-no-first,unavailable,-18.475784286917282,-19.131504021439163,-0.655719734521881
qwen3-8b,structural,structural:workforce_access-oncall_assignment-04:sub-operations-no-gold:pre_action,workforce_access-oncall_assignment-04,resolve_oncall_assignment,workforce_access,sub-operations-no-gold,unavailable,-18.475784286917282,-20.829228513043766,-2.3534442261264843
qwen3-8b,structural,structural:workforce_access-oncall_assignment-04:sub-operations-no-last:after_penultimate_success,workforce_access-oncall_assignment-04,resolve_oncall_assignment,workforce_access,sub-operations-no-last,budget_exhausted,-33.84875982113657,-15.750004164061721,18.098755657074847
qwen3-8b,structural,structural:workforce_access-overtime_approval-01:sub-operations-first-only:after_first_success,workforce_access-overtime_approval-01,resolve_overtime_approval,workforce_access,sub-operations-first-only,unavailable,-27.85131470704198,-23.21682731221494,4.63448739482704
qwen3-8b,structural,structural:workforce_access-overtime_approval-01:sub-operations-no-first:pre_action,workforce_access-overtime_approval-01,resolve_overtime_approval,workforce_access,sub-operations-no-first,unavailable,-13.212834912651353,-9.136566000542537,4.076268912108816
qwen3-8b,structural,structural:workforce_access-overtime_approval-01:sub-operations-no-gold:pre_action,workforce_access-overtime_approval-01,resolve_overtime_approval,workforce_access,sub-operations-no-gold,unavailable,-13.212834912651353,-10.80692963466636,2.405905277984992
qwen3-8b,structural,structural:workforce_access-overtime_approval-01:sub-operations-no-last:after_penultimate_success,workforce_access-overtime_approval-01,resolve_overtime_approval,workforce_access,sub-operations-no-last,budget_exhausted,-29.848809704608783,-32.74332316637726,-2.894513461768476
qwen3-8b,structural,structural:workforce_access-overtime_approval-02:sub-operations-first-only:after_first_success,workforce_access-overtime_approval-02,resolve_overtime_approval,workforce_access,sub-operations-first-only,budget_exhausted,-27.43532749722484,-32.66319349008064,-5.227865992855797
qwen3-8b,structural,structural:workforce_access-overtime_approval-02:sub-operations-no-first:pre_action,workforce_access-overtime_approval-02,resolve_overtime_approval,workforce_access,sub-operations-no-first,unavailable,-12.000402353357195,-12.277265290504253,-0.2768629371470581
qwen3-8b,structural,structural:workforce_access-overtime_approval-02:sub-operations-no-gold:pre_action,workforce_access-overtime_approval-02,resolve_overtime_approval,workforce_access,sub-operations-no-gold,unavailable,-12.000402353357195,-10.451391872077814,1.5490104812793817
qwen3-8b,structural,structural:workforce_access-overtime_approval-02:sub-operations-no-last:after_penultimate_success,workforce_access-overtime_approval-02,resolve_overtime_approval,workforce_access,sub-operations-no-last,unavailable,-28.59882692068703,-29.114189563565958,-0.5153626428789266
qwen3-8b,structural,structural:workforce_access-overtime_approval-03:sub-operations-first-only:after_first_success,workforce_access-overtime_approval-03,resolve_overtime_approval,workforce_access,sub-operations-first-only,unavailable,-27.4737283025178,-26.21679481913032,1.2569334833874777
qwen3-8b,structural,structural:workforce_access-overtime_approval-03:sub-operations-no-first:pre_action,workforce_access-overtime_approval-03,resolve_overtime_approval,workforce_access,sub-operations-no-first,unavailable,-15.36788936611201,-14.535805816046654,0.8320835500653558
qwen3-8b,structural,structural:workforce_access-overtime_approval-03:sub-operations-no-gold:pre_action,workforce_access-overtime_approval-03,resolve_overtime_approval,workforce_access,sub-operations-no-gold,unavailable,-15.36788936611201,-8.088925108599163,7.278964257512847
qwen3-8b,structural,structural:workforce_access-overtime_approval-03:sub-operations-no-last:after_penultimate_success,workforce_access-overtime_approval-03,resolve_overtime_approval,workforce_access,sub-operations-no-last,unavailable,-25.223964802734862,-30.55206615998744,-5.328101357252578
qwen3-8b,structural,structural:workforce_access-overtime_approval-04:sub-operations-first-only:after_first_success,workforce_access-overtime_approval-04,resolve_overtime_approval,workforce_access,sub-operations-first-only,budget_exhausted,-29.098618221790147,-24.149442661744118,4.949175560046029
qwen3-8b,structural,structural:workforce_access-overtime_approval-04:sub-operations-no-first:pre_action,workforce_access-overtime_approval-04,resolve_overtime_approval,workforce_access,sub-operations-no-first,unavailable,-11.268854511472213,-9.966773298534633,1.3020812129375798
qwen3-8b,structural,structural:workforce_access-overtime_approval-04:sub-operations-no-gold:pre_action,workforce_access-overtime_approval-04,resolve_overtime_approval,workforce_access,sub-operations-no-gold,unavailable,-11.268854511472213,-10.887239767656396,0.38161474381581684
qwen3-8b,structural,structural:workforce_access-overtime_approval-04:sub-operations-no-last:after_penultimate_success,workforce_access-overtime_approval-04,resolve_overtime_approval,workforce_access,sub-operations-no-last,unavailable,-28.09879594366116,-35.49429501098243,-7.395499067321268
qwen3-8b,structural,structural:workforce_access-role_assignment-00:sub-operations-first-only:after_first_success,workforce_access-role_assignment-00,resolve_role_assignment,workforce_access,sub-operations-first-only,unavailable,-21.849157523608035,-23.05209523422925,-1.2029377106212138
qwen3-8b,structural,structural:workforce_access-role_assignment-00:sub-operations-no-first:pre_action,workforce_access-role_assignment-00,resolve_role_assignment,workforce_access,sub-operations-no-first,budget_exhausted,-23.98147921770083,-21.77118630997179,2.210292907729041
qwen3-8b,structural,structural:workforce_access-role_assignment-00:sub-operations-no-gold:pre_action,workforce_access-role_assignment-00,resolve_role_assignment,workforce_access,sub-operations-no-gold,budget_exhausted,-23.98147921770083,-24.53955247402287,-0.5580732563220394
qwen3-8b,structural,structural:workforce_access-role_assignment-00:sub-operations-no-last:after_penultimate_success,workforce_access-role_assignment-00,resolve_role_assignment,workforce_access,sub-operations-no-last,budget_exhausted,-22.598856465473787,-15.25000353019012,7.3488529352836665
qwen3-8b,structural,structural:workforce_access-role_assignment-01:sub-operations-first-only:after_first_success,workforce_access-role_assignment-01,resolve_role_assignment,workforce_access,sub-operations-first-only,unavailable,-24.099500569324086,-24.103343503680733,-0.0038429343566477314
qwen3-8b,structural,structural:workforce_access-role_assignment-01:sub-operations-no-first:pre_action,workforce_access-role_assignment-01,resolve_role_assignment,workforce_access,sub-operations-no-first,unavailable,-21.194751706866292,-21.803367773145347,-0.6086160662790547
qwen3-8b,structural,structural:workforce_access-role_assignment-01:sub-operations-no-gold:pre_action,workforce_access-role_assignment-01,resolve_role_assignment,workforce_access,sub-operations-no-gold,budget_exhausted,-21.194751706866292,-22.90938731123977,-1.714635604373477
qwen3-8b,structural,structural:workforce_access-role_assignment-01:sub-operations-no-last:after_penultimate_success,workforce_access-role_assignment-01,resolve_role_assignment,workforce_access,sub-operations-no-last,budget_exhausted,-28.59879809956867,-28.989529450271483,-0.39073135070281495
qwen3-8b,structural,structural:workforce_access-role_assignment-03:sub-operations-first-only:after_first_success,workforce_access-role_assignment-03,resolve_role_assignment,workforce_access,sub-operations-first-only,unavailable,-20.918905543909894,-16.875038672835935,4.043866871073959
qwen3-8b,structural,structural:workforce_access-role_assignment-03:sub-operations-no-first:pre_action,workforce_access-role_assignment-03,resolve_role_assignment,workforce_access,sub-operations-no-first,unavailable,-14.484579277986356,-14.099522273533466,0.3850570044528894
qwen3-8b,structural,structural:workforce_access-role_assignment-03:sub-operations-no-gold:pre_action,workforce_access-role_assignment-03,resolve_role_assignment,workforce_access,sub-operations-no-gold,unavailable,-14.484579277986356,-19.792947524588328,-5.308368246601972
qwen3-8b,structural,structural:workforce_access-role_assignment-03:sub-operations-no-last:after_penultimate_success,workforce_access-role_assignment-03,resolve_role_assignment,workforce_access,sub-operations-no-last,unavailable,-23.223934740624152,-27.878047550905897,-4.654112810281745
qwen3-8b,structural,structural:workforce_access-role_assignment-04:sub-operations-first-only:after_first_success,workforce_access-role_assignment-04,resolve_role_assignment,workforce_access,sub-operations-first-only,unavailable,-29.41420228357982,-25.52662113787914,3.887581145700679
qwen3-8b,structural,structural:workforce_access-role_assignment-04:sub-operations-no-first:pre_action,workforce_access-role_assignment-04,resolve_role_assignment,workforce_access,sub-operations-no-first,budget_exhausted,-21.469628418733834,-19.912631506708912,1.5569969120249212
qwen3-8b,structural,structural:workforce_access-role_assignment-04:sub-operations-no-gold:pre_action,workforce_access-role_assignment-04,resolve_role_assignment,workforce_access,sub-operations-no-gold,unavailable,-21.469628418733834,-19.174264686396995,2.2953637323368383
qwen3-8b,structural,structural:workforce_access-role_assignment-04:sub-operations-no-last:after_penultimate_success,workforce_access-role_assignment-04,resolve_role_assignment,workforce_access,sub-operations-no-last,budget_exhausted,-27.84864890616128,-23.132902018972366,4.715746887188914
qwen3-8b,structural,structural:workforce_access-shift_eligibility-00:sub-operations-first-only:after_first_success,workforce_access-shift_eligibility-00,resolve_shift_eligibility,workforce_access,sub-operations-first-only,unavailable,-39.848931525097,-39.64809304763045,0.20083847746655437
qwen3-8b,structural,structural:workforce_access-shift_eligibility-00:sub-operations-no-first:pre_action,workforce_access-shift_eligibility-00,resolve_shift_eligibility,workforce_access,sub-operations-no-first,budget_exhausted,-21.27548769834072,-19.305239412039157,1.9702482863015618
qwen3-8b,structural,structural:workforce_access-shift_eligibility-00:sub-operations-no-gold:pre_action,workforce_access-shift_eligibility-00,resolve_shift_eligibility,workforce_access,sub-operations-no-gold,budget_exhausted,-21.27548769834072,-10.592194816453492,10.683292881887226
qwen3-8b,structural,structural:workforce_access-shift_eligibility-00:sub-operations-no-last:after_penultimate_success,workforce_access-shift_eligibility-00,resolve_shift_eligibility,workforce_access,sub-operations-no-last,unavailable,-41.22380607540785,-31.49644835265604,9.727357722751812
qwen3-8b,structural,structural:workforce_access-shift_eligibility-01:sub-operations-first-only:after_first_success,workforce_access-shift_eligibility-01,resolve_shift_eligibility,workforce_access,sub-operations-first-only,unavailable,-42.886518073708615,-31.816485692881514,11.0700323808271
qwen3-8b,structural,structural:workforce_access-shift_eligibility-01:sub-operations-no-first:pre_action,workforce_access-shift_eligibility-01,resolve_shift_eligibility,workforce_access,sub-operations-no-first,budget_exhausted,-21.860576523308538,-20.91486001603578,0.9457165072727562
qwen3-8b,structural,structural:workforce_access-shift_eligibility-01:sub-operations-no-gold:pre_action,workforce_access-shift_eligibility-01,resolve_shift_eligibility,workforce_access,sub-operations-no-gold,unavailable,-21.860576523308538,-19.329013263495646,2.5315632598128914
qwen3-8b,structural,structural:workforce_access-shift_eligibility-01:sub-operations-no-last:after_penultimate_success,workforce_access-shift_eligibility-01,resolve_shift_eligibility,workforce_access,sub-operations-no-last,budget_exhausted,-45.848810724886704,-17.15318468877451,28.695626036112195
qwen3-8b,structural,structural:workforce_access-shift_eligibility-02:sub-operations-first-only:after_first_success,workforce_access-shift_eligibility-02,resolve_shift_eligibility,workforce_access,sub-operations-first-only,unavailable,-43.09882469403571,-15.431969371859537,27.666855322176175
qwen3-8b,structural,structural:workforce_access-shift_eligibility-02:sub-operations-no-first:pre_action,workforce_access-shift_eligibility-02,resolve_shift_eligibility,workforce_access,sub-operations-no-first,budget_exhausted,-19.951765738826857,-19.943766257114333,0.00799948171252396
qwen3-8b,structural,structural:workforce_access-shift_eligibility-02:sub-operations-no-gold:pre_action,workforce_access-shift_eligibility-02,resolve_shift_eligibility,workforce_access,sub-operations-no-gold,unavailable,-19.951765738826857,-18.203757688434827,1.7480080503920306
qwen3-8b,structural,structural:workforce_access-shift_eligibility-02:sub-operations-no-last:after_penultimate_success,workforce_access-shift_eligibility-02,resolve_shift_eligibility,workforce_access,sub-operations-no-last,unavailable,-47.59880238015814,-20.009936619032203,27.588865761125938
qwen3-8b,structural,structural:workforce_access-shift_eligibility-03:sub-operations-first-only:after_first_success,workforce_access-shift_eligibility-03,resolve_shift_eligibility,workforce_access,sub-operations-first-only,budget_exhausted,-50.724063687041316,-36.50723371933191,14.216829967709408
qwen3-8b,structural,structural:workforce_access-shift_eligibility-03:sub-operations-no-first:pre_action,workforce_access-shift_eligibility-03,resolve_shift_eligibility,workforce_access,sub-operations-no-first,unavailable,-23.61785801057018,-21.01168223377978,2.6061757767904012
qwen3-8b,structural,structural:workforce_access-shift_eligibility-03:sub-operations-no-gold:pre_action,workforce_access-shift_eligibility-03,resolve_shift_eligibility,workforce_access,sub-operations-no-gold,unavailable,-23.61785801057018,-14.294696638350842,9.323161372219339
qwen3-8b,structural,structural:workforce_access-shift_eligibility-03:sub-operations-no-last:after_penultimate_success,workforce_access-shift_eligibility-03,resolve_shift_eligibility,workforce_access,sub-operations-no-last,unavailable,-50.34880798297543,-33.64283468396103,16.705973299014403
qwen3-8b,structural,structural:workforce_access-shift_eligibility-04:sub-operations-first-only:after_first_success,workforce_access-shift_eligibility-04,resolve_shift_eligibility,workforce_access,sub-operations-first-only,budget_exhausted,-44.26680907589722,-25.014097897185152,19.25271117871207
qwen3-8b,structural,structural:workforce_access-shift_eligibility-04:sub-operations-no-first:pre_action,workforce_access-shift_eligibility-04,resolve_shift_eligibility,workforce_access,sub-operations-no-first,unavailable,-18.644942919019883,-22.92368909053792,-4.278746171518037
qwen3-8b,structural,structural:workforce_access-shift_eligibility-04:sub-operations-no-gold:pre_action,workforce_access-shift_eligibility-04,resolve_shift_eligibility,workforce_access,sub-operations-no-gold,unavailable,-18.644942919019883,-18.578922735637732,0.06602018338215032
qwen3-8b,structural,structural:workforce_access-shift_eligibility-04:sub-operations-no-last:after_penultimate_success,workforce_access-shift_eligibility-04,resolve_shift_eligibility,workforce_access,sub-operations-no-last,unavailable,-45.84881109406655,-14.995471495930431,30.853339598136117
qwen3-8b,structural,structural:workforce_access-training_requirement-00:sub-operations-first-only:after_first_success,workforce_access-training_requirement-00,resolve_training_requirement,workforce_access,sub-operations-first-only,unavailable,-38.59914415556128,-31.269899953981223,7.329244201580053
qwen3-8b,structural,structural:workforce_access-training_requirement-00:sub-operations-no-first:pre_action,workforce_access-training_requirement-00,resolve_training_requirement,workforce_access,sub-operations-no-first,budget_exhausted,-18.658056402046363,-13.528491304937745,5.1295650971086175
qwen3-8b,structural,structural:workforce_access-training_requirement-00:sub-operations-no-gold:pre_action,workforce_access-training_requirement-00,resolve_training_requirement,workforce_access,sub-operations-no-gold,unavailable,-18.658056402046363,-14.192790016779703,4.465266385266659
qwen3-8b,structural,structural:workforce_access-training_requirement-00:sub-operations-no-last:after_penultimate_success,workforce_access-training_requirement-00,resolve_training_requirement,workforce_access,sub-operations-no-last,budget_exhausted,-33.09880586690931,-20.90313804223787,12.195667824671439
qwen3-8b,structural,structural:workforce_access-training_requirement-01:sub-operations-first-only:after_first_success,workforce_access-training_requirement-01,resolve_training_requirement,workforce_access,sub-operations-first-only,budget_exhausted,-43.47389930608598,-42.68778225534032,0.7861170507456592
qwen3-8b,structural,structural:workforce_access-training_requirement-01:sub-operations-no-first:pre_action,workforce_access-training_requirement-01,resolve_training_requirement,workforce_access,sub-operations-no-first,unavailable,-24.102448217229814,-22.01185324849122,2.0905949687385927
qwen3-8b,structural,structural:workforce_access-training_requirement-01:sub-operations-no-gold:pre_action,workforce_access-training_requirement-01,resolve_training_requirement,workforce_access,sub-operations-no-gold,budget_exhausted,-24.102448217229814,-24.319971830970893,-0.2175236137410792
qwen3-8b,structural,structural:workforce_access-training_requirement-01:sub-operations-no-last:after_penultimate_success,workforce_access-training_requirement-01,resolve_training_requirement,workforce_access,sub-operations-no-last,budget_exhausted,-39.09883085884479,-17.50117888135341,21.59765197749138
qwen3-8b,structural,structural:workforce_access-training_requirement-02:sub-operations-first-only:after_first_success,workforce_access-training_requirement-02,resolve_training_requirement,workforce_access,sub-operations-first-only,unavailable,-38.098863147988304,-38.031202982730136,0.06766016525816809
qwen3-8b,structural,structural:workforce_access-training_requirement-02:sub-operations-no-first:pre_action,workforce_access-training_requirement-02,resolve_training_requirement,workforce_access,sub-operations-no-first,budget_exhausted,-20.451800130427536,-18.943137179472018,1.508662950955518
qwen3-8b,structural,structural:workforce_access-training_requirement-02:sub-operations-no-gold:pre_action,workforce_access-training_requirement-02,resolve_training_requirement,workforce_access,sub-operations-no-gold,budget_exhausted,-20.451800130427536,-21.672391630452132,-1.2205915000245966
qwen3-8b,structural,structural:workforce_access-training_requirement-02:sub-operations-no-last:after_penultimate_success,workforce_access-training_requirement-02,resolve_training_requirement,workforce_access,sub-operations-no-last,budget_exhausted,-32.348800323359015,-22.4997800937427,9.849020229616315
qwen3-8b,structural,structural:workforce_access-training_requirement-03:sub-operations-first-only:after_first_success,workforce_access-training_requirement-03,resolve_training_requirement,workforce_access,sub-operations-first-only,budget_exhausted,-43.877771913353705,-43.78609678039714,0.09167513295656704
qwen3-8b,structural,structural:workforce_access-training_requirement-03:sub-operations-no-first:pre_action,workforce_access-training_requirement-03,resolve_training_requirement,workforce_access,sub-operations-no-first,unavailable,-22.107781880951713,-18.63476104467108,3.4730208362806323
qwen3-8b,structural,structural:workforce_access-training_requirement-03:sub-operations-no-gold:pre_action,workforce_access-training_requirement-03,resolve_training_requirement,workforce_access,sub-operations-no-gold,budget_exhausted,-22.107781880951713,-15.567975845531457,6.539806035420256
qwen3-8b,structural,structural:workforce_access-training_requirement-03:sub-operations-no-last:after_penultimate_success,workforce_access-training_requirement-03,resolve_training_requirement,workforce_access,sub-operations-no-last,unavailable,-39.3488418264753,-26.132515197592646,13.216326628882655
qwen3-8b,structural,structural:workforce_access-training_requirement-04:sub-operations-first-only:after_first_success,workforce_access-training_requirement-04,resolve_training_requirement,workforce_access,sub-operations-first-only,budget_exhausted,-41.12115397575124,-36.4382671922185,4.682886783532744
qwen3-8b,structural,structural:workforce_access-training_requirement-04:sub-operations-no-first:pre_action,workforce_access-training_requirement-04,resolve_training_requirement,workforce_access,sub-operations-no-first,unavailable,-24.232886932494665,-20.01070985667272,4.222177075821946
qwen3-8b,structural,structural:workforce_access-training_requirement-04:sub-operations-no-gold:pre_action,workforce_access-training_requirement-04,resolve_training_requirement,workforce_access,sub-operations-no-gold,budget_exhausted,-24.232886932494665,-19.749751617862614,4.483135314632051
qwen3-8b,structural,structural:workforce_access-training_requirement-04:sub-operations-no-last:after_penultimate_success,workforce_access-training_requirement-04,resolve_training_requirement,workforce_access,sub-operations-no-last,budget_exhausted,-37.47380796093469,-17.48039018370155,19.99341777723314
