model,family,control,recipient_pair_id,donor_pair_id
qwen3-8b,structural,same_condition_token_matched,structural:inventory_fulfillment-backorder_priority-02:sub-operations-no-last:after_penultimate_success,structural:inventory_fulfillment-transferable_units-04:sub-operations-no-last:after_penultimate_success
qwen3-8b,structural,same_condition_token_matched,structural:inventory_fulfillment-backorder_priority-04:sub-operations-no-last:after_penultimate_success,structural:inventory_fulfillment-transferable_units-04:sub-operations-no-last:after_penultimate_success
qwen3-8b,structural,same_condition_token_matched,structural:inventory_fulfillment-capacity_utilization-01:sub-operations-no-last:after_penultimate_success,structural:inventory_fulfillment-expiry_risk-02:sub-operations-no-last:after_penultimate_success
qwen3-8b,structural,same_condition_token_matched,structural:inventory_fulfillment-capacity_utilization-02:sub-operations-no-last:after_penultimate_success,structural:inventory_fulfillment-reorder_quantity-01:sub-operations-no-last:after_penultimate_success
qwen3-8b,structural,same_condition_token_matched,structural:inventory_fulfillment-capacity_utilization-03:sub-operations-no-last:after_penultimate_success,structural:inventory_fulfillment-expiry_risk-01:sub-operations-no-last:after_penultimate_success
qwen3-8b,structural,same_condition_token_matched,structural:inventory_fulfillment-capacity_utilization-04:sub-operations-no-last:after_penultimate_success,structural:inventory_fulfillment-reorder_quantity-02:sub-operations-no-last:after_penultimate_success
qwen3-8b,structural,same_condition_token_matched,structural:inventory_fulfillment-cycle_count_variance-02:sub-operations-no-last:after_penultimate_success,structural:inventory_fulfillment-capacity_utilization-04:sub-operations-no-last:after_penultimate_success
qwen3-8b,structural,same_condition_token_matched,structural:inventory_fulfillment-expiry_risk-01:sub-operations-no-last:after_penultimate_success,structural:inventory_fulfillment-capacity_utilization-02:sub-operations-no-last:after_penultimate_success
qwen3-8b,structural,same_condition_token_matched,structural:inventory_fulfillment-expiry_risk-02:sub-operations-no-last:after_penultimate_success,structural:inventory_fulfillment-reorder_quantity-01:sub-operations-no-last:after_penultimate_success
qwen3-8b,structural,same_condition_token_matched,structural:inventory_fulfillment-pick_location-01:sub-operations-no-last:after_penultimate_success,structural:inventory_fulfillment-backorder_priority-04:sub-operations-no-last:after_penultimate_success
qwen3-8b,structural,same_condition_token_matched,structural:inventory_fulfillment-pick_location-03:sub-operations-no-last:after_penultimate_success,structural:inventory_fulfillment-replenishment_source-03:sub-operations-no-last:after_penultimate_success
qwen3-8b,structural,same_condition_token_matched,structural:inventory_fulfillment-reorder_quantity-01:sub-operations-no-last:after_penultimate_success,structural:inventory_fulfillment-expiry_risk-01:sub-operations-no-last:after_penultimate_success
qwen3-8b,structural,same_condition_token_matched,structural:inventory_fulfillment-reorder_quantity-02:sub-operations-no-last:after_penultimate_success,structural:inventory_fulfillment-capacity_utilization-03:sub-operations-no-last:after_penultimate_success
qwen3-8b,structural,same_condition_token_matched,structural:inventory_fulfillment-replenishment_source-00:sub-operations-no-last:after_penultimate_success,structural:inventory_fulfillment-expiry_risk-02:sub-operations-no-last:after_penultimate_success
qwen3-8b,structural,same_condition_token_matched,structural:inventory_fulfillment-replenishment_source-02:sub-operations-no-last:after_penultimate_success,structural:inventory_fulfillment-sellable_units-00:sub-operations-no-last:after_penultimate_success
qwen3-8b,structural,same_condition_token_matched,structural:inventory_fulfillment-replenishment_source-03:sub-operations-no-last:after_penultimate_success,structural:inventory_fulfillment-pick_location-03:sub-operations-no-last:after_penultimate_success
qwen3-8b,structural,same_condition_token_matched,structural:inventory_fulfillment-replenishment_source-04:sub-operations-no-last:after_penultimate_success,structural:inventory_fulfillment-reorder_quantity-02:sub-operations-no-last:after_penultimate_success
qwen3-8b,structural,same_condition_token_matched,structural:inventory_fulfillment-sellable_units-00:sub-operations-no-last:after_penultimate_success,structural:inventory_fulfillment-capacity_utilization-01:sub-operations-no-last:after_penultimate_success
qwen3-8b,structural,same_condition_token_matched,structural:inventory_fulfillment-sellable_units-04:sub-operations-no-last:after_penultimate_success,structural:inventory_fulfillment-capacity_utilization-01:sub-operations-no-last:after_penultimate_success
qwen3-8b,structural,same_condition_token_matched,structural:inventory_fulfillment-transferable_units-04:sub-operations-no-last:after_penultimate_success,structural:inventory_fulfillment-backorder_priority-04:sub-operations-no-last:after_penultimate_success
qwen3-8b,structural,same_condition_token_matched,structural:workforce_access-access_decision-00:sub-operations-no-last:after_penultimate_success,structural:workforce_access-training_requirement-04:sub-operations-no-last:after_penultimate_success
qwen3-8b,structural,same_condition_token_matched,structural:workforce_access-access_decision-04:sub-operations-no-last:after_penultimate_success,structural:workforce_access-training_requirement-04:sub-operations-no-last:after_penultimate_success
qwen3-8b,structural,same_condition_token_matched,structural:workforce_access-badge_expiry-00:sub-operations-no-last:after_penultimate_success,structural:workforce_access-leave_balance-01:sub-operations-no-last:after_penultimate_success
qwen3-8b,structural,same_condition_token_matched,structural:workforce_access-badge_expiry-01:sub-operations-no-last:after_penultimate_success,structural:workforce_access-leave_balance-04:sub-operations-no-last:after_penultimate_success
qwen3-8b,structural,same_condition_token_matched,structural:workforce_access-badge_expiry-02:sub-operations-no-last:after_penultimate_success,structural:workforce_access-oncall_assignment-00:sub-operations-no-last:after_penultimate_success
qwen3-8b,structural,same_condition_token_matched,structural:workforce_access-badge_expiry-03:sub-operations-no-last:after_penultimate_success,structural:workforce_access-leave_balance-02:sub-operations-no-last:after_penultimate_success
qwen3-8b,structural,same_condition_token_matched,structural:workforce_access-badge_expiry-04:sub-operations-no-last:after_penultimate_success,structural:workforce_access-leave_balance-00:sub-operations-no-last:after_penultimate_success
qwen3-8b,structural,same_condition_token_matched,structural:workforce_access-delegation_scope-03:sub-operations-no-last:after_penultimate_success,structural:workforce_access-shift_eligibility-04:sub-operations-no-last:after_penultimate_success
qwen3-8b,structural,same_condition_token_matched,structural:workforce_access-leave_balance-00:sub-operations-no-last:after_penultimate_success,structural:workforce_access-training_requirement-02:sub-operations-no-last:after_penultimate_success
qwen3-8b,structural,same_condition_token_matched,structural:workforce_access-leave_balance-01:sub-operations-no-last:after_penultimate_success,structural:workforce_access-training_requirement-02:sub-operations-no-last:after_penultimate_success
qwen3-8b,structural,same_condition_token_matched,structural:workforce_access-leave_balance-02:sub-operations-no-last:after_penultimate_success,structural:workforce_access-badge_expiry-03:sub-operations-no-last:after_penultimate_success
qwen3-8b,structural,same_condition_token_matched,structural:workforce_access-leave_balance-03:sub-operations-no-last:after_penultimate_success,structural:workforce_access-badge_expiry-04:sub-operations-no-last:after_penultimate_success
qwen3-8b,structural,same_condition_token_matched,structural:workforce_access-leave_balance-04:sub-operations-no-last:after_penultimate_success,structural:workforce_access-badge_expiry-01:sub-operations-no-last:after_penultimate_success
qwen3-8b,structural,same_condition_token_matched,structural:workforce_access-offboarding_actions-01:sub-operations-no-last:after_penultimate_success,structural:workforce_access-oncall_assignment-02:sub-operations-no-last:after_penultimate_success
qwen3-8b,structural,same_condition_token_matched,structural:workforce_access-offboarding_actions-04:sub-operations-no-last:after_penultimate_success,structural:workforce_access-oncall_assignment-00:sub-operations-no-last:after_penultimate_success
qwen3-8b,structural,same_condition_token_matched,structural:workforce_access-oncall_assignment-00:sub-operations-no-last:after_penultimate_success,structural:workforce_access-badge_expiry-02:sub-operations-no-last:after_penultimate_success
qwen3-8b,structural,same_condition_token_matched,structural:workforce_access-oncall_assignment-01:sub-operations-no-last:after_penultimate_success,structural:workforce_access-training_requirement-03:sub-operations-no-last:after_penultimate_success
qwen3-8b,structural,same_condition_token_matched,structural:workforce_access-oncall_assignment-02:sub-operations-no-last:after_penultimate_success,structural:workforce_access-offboarding_actions-01:sub-operations-no-last:after_penultimate_success
qwen3-8b,structural,same_condition_token_matched,structural:workforce_access-oncall_assignment-03:sub-operations-no-last:after_penultimate_success,structural:workforce_access-leave_balance-02:sub-operations-no-last:after_penultimate_success
qwen3-8b,structural,same_condition_token_matched,structural:workforce_access-role_assignment-00:sub-operations-no-last:after_penultimate_success,structural:workforce_access-access_decision-00:sub-operations-no-last:after_penultimate_success
qwen3-8b,structural,same_condition_token_matched,structural:workforce_access-role_assignment-01:sub-operations-no-last:after_penultimate_success,structural:workforce_access-access_decision-04:sub-operations-no-last:after_penultimate_success
qwen3-8b,structural,same_condition_token_matched,structural:workforce_access-role_assignment-04:sub-operations-no-last:after_penultimate_success,structural:workforce_access-access_decision-00:sub-operations-no-last:after_penultimate_success
qwen3-8b,structural,same_condition_token_matched,structural:workforce_access-shift_eligibility-00:sub-operations-no-last:after_penultimate_success,structural:workforce_access-oncall_assignment-02:sub-operations-no-last:after_penultimate_success
qwen3-8b,structural,same_condition_token_matched,structural:workforce_access-shift_eligibility-01:sub-operations-no-last:after_penultimate_success,structural:workforce_access-offboarding_actions-01:sub-operations-no-last:after_penultimate_success
qwen3-8b,structural,same_condition_token_matched,structural:workforce_access-shift_eligibility-03:sub-operations-no-last:after_penultimate_success,structural:workforce_access-badge_expiry-01:sub-operations-no-last:after_penultimate_success
qwen3-8b,structural,same_condition_token_matched,structural:workforce_access-shift_eligibility-04:sub-operations-no-last:after_penultimate_success,structural:workforce_access-delegation_scope-03:sub-operations-no-last:after_penultimate_success
qwen3-8b,structural,same_condition_token_matched,structural:workforce_access-training_requirement-02:sub-operations-no-last:after_penultimate_success,structural:workforce_access-oncall_assignment-01:sub-operations-no-last:after_penultimate_success
qwen3-8b,structural,same_condition_token_matched,structural:workforce_access-training_requirement-03:sub-operations-no-last:after_penultimate_success,structural:workforce_access-oncall_assignment-01:sub-operations-no-last:after_penultimate_success
qwen3-8b,structural,same_condition_token_matched,structural:workforce_access-training_requirement-04:sub-operations-no-last:after_penultimate_success,structural:workforce_access-access_decision-04:sub-operations-no-last:after_penultimate_success
qwen3-8b,structural,same_condition_token_matched,structural:compliance_audit-audit_sample-00:sub-operations-no-last:after_penultimate_success,structural:compliance_audit-exception_expiry-02:sub-operations-no-last:after_penultimate_success
qwen3-8b,structural,same_condition_token_matched,structural:compliance_audit-audit_sample-02:sub-operations-no-last:after_penultimate_success,structural:compliance_audit-risk_rating-04:sub-operations-no-last:after_penultimate_success
qwen3-8b,structural,same_condition_token_matched,structural:compliance_audit-audit_sample-03:sub-operations-no-last:after_penultimate_success,structural:compliance_audit-exception_expiry-03:sub-operations-no-last:after_penultimate_success
qwen3-8b,structural,same_condition_token_matched,structural:compliance_audit-evidence_completeness-00:sub-operations-no-last:after_penultimate_success,structural:compliance_audit-remediation_owner-02:sub-operations-no-last:after_penultimate_success
qwen3-8b,structural,same_condition_token_matched,structural:compliance_audit-evidence_completeness-01:sub-operations-no-last:after_penultimate_success,structural:compliance_audit-filing_readiness-00:sub-operations-no-last:after_penultimate_success
qwen3-8b,structural,same_condition_token_matched,structural:compliance_audit-evidence_completeness-04:sub-operations-no-last:after_penultimate_success,structural:compliance_audit-remediation_owner-02:sub-operations-no-last:after_penultimate_success
qwen3-8b,structural,same_condition_token_matched,structural:compliance_audit-exception_expiry-01:sub-operations-no-last:after_penultimate_success,structural:compliance_audit-audit_sample-00:sub-operations-no-last:after_penultimate_success
qwen3-8b,structural,same_condition_token_matched,structural:compliance_audit-exception_expiry-02:sub-operations-no-last:after_penultimate_success,structural:compliance_audit-audit_sample-00:sub-operations-no-last:after_penultimate_success
qwen3-8b,structural,same_condition_token_matched,structural:compliance_audit-exception_expiry-03:sub-operations-no-last:after_penultimate_success,structural:compliance_audit-audit_sample-03:sub-operations-no-last:after_penultimate_success
qwen3-8b,structural,same_condition_token_matched,structural:compliance_audit-exception_expiry-04:sub-operations-no-last:after_penultimate_success,structural:compliance_audit-audit_sample-03:sub-operations-no-last:after_penultimate_success
qwen3-8b,structural,same_condition_token_matched,structural:compliance_audit-filing_readiness-00:sub-operations-no-last:after_penultimate_success,structural:compliance_audit-remediation_owner-04:sub-operations-no-last:after_penultimate_success
qwen3-8b,structural,same_condition_token_matched,structural:compliance_audit-filing_readiness-01:sub-operations-no-last:after_penultimate_success,structural:compliance_audit-retention_deadline-02:sub-operations-no-last:after_penultimate_success
qwen3-8b,structural,same_condition_token_matched,structural:compliance_audit-filing_readiness-03:sub-operations-no-last:after_penultimate_success,structural:compliance_audit-remediation_owner-04:sub-operations-no-last:after_penultimate_success
qwen3-8b,structural,same_condition_token_matched,structural:compliance_audit-filing_readiness-04:sub-operations-no-last:after_penultimate_success,structural:compliance_audit-retention_deadline-02:sub-operations-no-last:after_penultimate_success
qwen3-8b,structural,same_condition_token_matched,structural:compliance_audit-policy_applicability-02:sub-operations-no-last:after_penultimate_success,structural:compliance_audit-risk_rating-01:sub-operations-no-last:after_penultimate_success
qwen3-8b,structural,same_condition_token_matched,structural:compliance_audit-policy_applicability-03:sub-operations-no-last:after_penultimate_success,structural:compliance_audit-remediation_owner-00:sub-operations-no-last:after_penultimate_success
qwen3-8b,structural,same_condition_token_matched,structural:compliance_audit-remediation_owner-00:sub-operations-no-last:after_penultimate_success,structural:compliance_audit-policy_applicability-03:sub-operations-no-last:after_penultimate_success
qwen3-8b,structural,same_condition_token_matched,structural:compliance_audit-remediation_owner-02:sub-operations-no-last:after_penultimate_success,structural:compliance_audit-filing_readiness-03:sub-operations-no-last:after_penultimate_success
qwen3-8b,structural,same_condition_token_matched,structural:compliance_audit-remediation_owner-04:sub-operations-no-last:after_penultimate_success,structural:compliance_audit-filing_readiness-03:sub-operations-no-last:after_penultimate_success
qwen3-8b,structural,same_condition_token_matched,structural:compliance_audit-retention_deadline-01:sub-operations-no-last:after_penultimate_success,structural:compliance_audit-risk_rating-01:sub-operations-no-last:after_penultimate_success
qwen3-8b,structural,same_condition_token_matched,structural:compliance_audit-retention_deadline-02:sub-operations-no-last:after_penultimate_success,structural:compliance_audit-filing_readiness-04:sub-operations-no-last:after_penultimate_success
qwen3-8b,structural,same_condition_token_matched,structural:compliance_audit-retention_deadline-03:sub-operations-no-last:after_penultimate_success,structural:compliance_audit-policy_applicability-03:sub-operations-no-last:after_penultimate_success
qwen3-8b,structural,same_condition_token_matched,structural:compliance_audit-retention_deadline-04:sub-operations-no-last:after_penultimate_success,structural:compliance_audit-risk_rating-03:sub-operations-no-last:after_penultimate_success
qwen3-8b,structural,same_condition_token_matched,structural:compliance_audit-risk_rating-00:sub-operations-no-last:after_penultimate_success,structural:compliance_audit-audit_sample-02:sub-operations-no-last:after_penultimate_success
qwen3-8b,structural,same_condition_token_matched,structural:compliance_audit-risk_rating-01:sub-operations-no-last:after_penultimate_success,structural:compliance_audit-policy_applicability-02:sub-operations-no-last:after_penultimate_success
qwen3-8b,structural,same_condition_token_matched,structural:compliance_audit-risk_rating-02:sub-operations-no-last:after_penultimate_success,structural:compliance_audit-retention_deadline-01:sub-operations-no-last:after_penultimate_success
qwen3-8b,structural,same_condition_token_matched,structural:compliance_audit-risk_rating-03:sub-operations-no-last:after_penultimate_success,structural:compliance_audit-exception_expiry-01:sub-operations-no-last:after_penultimate_success
qwen3-8b,structural,same_condition_token_matched,structural:compliance_audit-risk_rating-04:sub-operations-no-last:after_penultimate_success,structural:compliance_audit-audit_sample-02:sub-operations-no-last:after_penultimate_success
qwen3-8b,structural,same_condition_token_matched,structural:compliance_audit-segregation_conflict-00:sub-operations-no-last:after_penultimate_success,structural:compliance_audit-filing_readiness-00:sub-operations-no-last:after_penultimate_success
qwen3-8b,structural,same_condition_token_matched,structural:compliance_audit-segregation_conflict-01:sub-operations-no-last:after_penultimate_success,structural:compliance_audit-retention_deadline-03:sub-operations-no-last:after_penultimate_success
qwen3-8b,structural,same_condition_token_matched,structural:compliance_audit-segregation_conflict-02:sub-operations-no-last:after_penultimate_success,structural:compliance_audit-retention_deadline-03:sub-operations-no-last:after_penultimate_success
qwen3-8b,structural,same_condition_token_matched,structural:compliance_audit-segregation_conflict-04:sub-operations-no-last:after_penultimate_success,structural:compliance_audit-filing_readiness-01:sub-operations-no-last:after_penultimate_success
qwen3-8b,structural,same_condition_token_matched,structural:finance_ledger-available_balance-01:sub-operations-no-last:after_penultimate_success,structural:finance_ledger-transaction_fee-01:sub-operations-no-last:after_penultimate_success
qwen3-8b,structural,same_condition_token_matched,structural:finance_ledger-book_balance-00:sub-operations-no-last:after_penultimate_success,structural:finance_ledger-reconciliation_status-04:sub-operations-no-last:after_penultimate_success
qwen3-8b,structural,same_condition_token_matched,structural:finance_ledger-book_balance-02:sub-operations-no-last:after_penultimate_success,structural:finance_ledger-budget_variance-01:sub-operations-no-last:after_penultimate_success
qwen3-8b,structural,same_condition_token_matched,structural:finance_ledger-book_balance-03:sub-operations-no-last:after_penultimate_success,structural:finance_ledger-fx_settlement-04:sub-operations-no-last:after_penultimate_success
qwen3-8b,structural,same_condition_token_matched,structural:finance_ledger-budget_variance-00:sub-operations-no-last:after_penultimate_success,structural:finance_ledger-transaction_fee-00:sub-operations-no-last:after_penultimate_success
qwen3-8b,structural,same_condition_token_matched,structural:finance_ledger-budget_variance-01:sub-operations-no-last:after_penultimate_success,structural:finance_ledger-book_balance-02:sub-operations-no-last:after_penultimate_success
qwen3-8b,structural,same_condition_token_matched,structural:finance_ledger-budget_variance-03:sub-operations-no-last:after_penultimate_success,structural:finance_ledger-tax_basis-00:sub-operations-no-last:after_penultimate_success
qwen3-8b,structural,same_condition_token_matched,structural:finance_ledger-budget_variance-04:sub-operations-no-last:after_penultimate_success,structural:finance_ledger-tax_basis-00:sub-operations-no-last:after_penultimate_success
qwen3-8b,structural,same_condition_token_matched,structural:finance_ledger-fx_settlement-00:sub-operations-no-last:after_penultimate_success,structural:finance_ledger-book_balance-00:sub-operations-no-last:after_penultimate_success
qwen3-8b,structural,same_condition_token_matched,structural:finance_ledger-fx_settlement-01:sub-operations-no-last:after_penultimate_success,structural:finance_ledger-book_balance-03:sub-operations-no-last:after_penultimate_success
qwen3-8b,structural,same_condition_token_matched,structural:finance_ledger-fx_settlement-03:sub-operations-no-last:after_penultimate_success,structural:finance_ledger-book_balance-03:sub-operations-no-last:after_penultimate_success
qwen3-8b,structural,same_condition_token_matched,structural:finance_ledger-fx_settlement-04:sub-operations-no-last:after_penultimate_success,structural:finance_ledger-book_balance-00:sub-operations-no-last:after_penultimate_success
qwen3-8b,structural,same_condition_token_matched,structural:finance_ledger-reconciliation_status-04:sub-operations-no-last:after_penultimate_success,structural:finance_ledger-book_balance-02:sub-operations-no-last:after_penultimate_success
qwen3-8b,structural,same_condition_token_matched,structural:finance_ledger-tax_basis-00:sub-operations-no-last:after_penultimate_success,structural:finance_ledger-budget_variance-04:sub-operations-no-last:after_penultimate_success
qwen3-8b,structural,same_condition_token_matched,structural:finance_ledger-transaction_fee-00:sub-operations-no-last:after_penultimate_success,structural:finance_ledger-budget_variance-04:sub-operations-no-last:after_penultimate_success
qwen3-8b,structural,same_condition_token_matched,structural:finance_ledger-transaction_fee-01:sub-operations-no-last:after_penultimate_success,structural:finance_ledger-available_balance-01:sub-operations-no-last:after_penultimate_success
qwen3-8b,structural,same_condition_token_matched,structural:finance_ledger-transaction_fee-03:sub-operations-no-last:after_penultimate_success,structural:finance_ledger-budget_variance-00:sub-operations-no-last:after_penultimate_success
qwen3-8b,structural,same_condition_token_matched,structural:finance_ledger-transaction_fee-04:sub-operations-no-last:after_penultimate_success,structural:finance_ledger-budget_variance-00:sub-operations-no-last:after_penultimate_success
qwen3-8b,structural,same_condition_token_matched,structural:contracts_documents-amendment_impact-00:sub-operations-no-last:after_penultimate_success,structural:contracts_documents-effective_clause-00:sub-operations-no-last:after_penultimate_success
qwen3-8b,structural,same_condition_token_matched,structural:contracts_documents-amendment_impact-01:sub-operations-no-last:after_penultimate_success,structural:contracts_documents-effective_clause-01:sub-operations-no-last:after_penultimate_success
qwen3-8b,structural,same_condition_token_matched,structural:contracts_documents-amendment_impact-02:sub-operations-no-last:after_penultimate_success,structural:contracts_documents-effective_clause-01:sub-operations-no-last:after_penultimate_success
qwen3-8b,structural,same_condition_token_matched,structural:contracts_documents-amendment_impact-03:sub-operations-no-last:after_penultimate_success,structural:contracts_documents-effective_clause-02:sub-operations-no-last:after_penultimate_success
qwen3-8b,structural,same_condition_token_matched,structural:contracts_documents-amendment_impact-04:sub-operations-no-last:after_penultimate_success,structural:contracts_documents-effective_clause-02:sub-operations-no-last:after_penultimate_success
qwen3-8b,structural,same_condition_token_matched,structural:contracts_documents-citation_target-00:sub-operations-no-last:after_penultimate_success,structural:contracts_documents-section_summary-01:sub-operations-no-last:after_penultimate_success
qwen3-8b,structural,same_condition_token_matched,structural:contracts_documents-citation_target-01:sub-operations-no-last:after_penultimate_success,structural:contracts_documents-section_summary-01:sub-operations-no-last:after_penultimate_success
qwen3-8b,structural,same_condition_token_matched,structural:contracts_documents-citation_target-03:sub-operations-no-last:after_penultimate_success,structural:contracts_documents-retention_class-00:sub-operations-no-last:after_penultimate_success
qwen3-8b,structural,same_condition_token_matched,structural:contracts_documents-citation_target-04:sub-operations-no-last:after_penultimate_success,structural:contracts_documents-section_summary-02:sub-operations-no-last:after_penultimate_success
qwen3-8b,structural,same_condition_token_matched,structural:contracts_documents-contract_deadline-00:sub-operations-no-last:after_penultimate_success,structural:contracts_documents-retention_class-02:sub-operations-no-last:after_penultimate_success
qwen3-8b,structural,same_condition_token_matched,structural:contracts_documents-contract_deadline-02:sub-operations-no-last:after_penultimate_success,structural:contracts_documents-citation_target-04:sub-operations-no-last:after_penultimate_success
qwen3-8b,structural,same_condition_token_matched,structural:contracts_documents-contract_deadline-04:sub-operations-no-last:after_penultimate_success,structural:contracts_documents-latest_version-03:sub-operations-no-last:after_penultimate_success
qwen3-8b,structural,same_condition_token_matched,structural:contracts_documents-effective_clause-00:sub-operations-no-last:after_penultimate_success,structural:contracts_documents-contract_deadline-02:sub-operations-no-last:after_penultimate_success
qwen3-8b,structural,same_condition_token_matched,structural:contracts_documents-effective_clause-01:sub-operations-no-last:after_penultimate_success,structural:contracts_documents-contract_deadline-04:sub-operations-no-last:after_penultimate_success
qwen3-8b,structural,same_condition_token_matched,structural:contracts_documents-effective_clause-02:sub-operations-no-last:after_penultimate_success,structural:contracts_documents-contract_deadline-00:sub-operations-no-last:after_penultimate_success
qwen3-8b,structural,same_condition_token_matched,structural:contracts_documents-effective_clause-04:sub-operations-no-last:after_penultimate_success,structural:contracts_documents-contract_deadline-00:sub-operations-no-last:after_penultimate_success
qwen3-8b,structural,same_condition_token_matched,structural:contracts_documents-latest_version-01:sub-operations-no-last:after_penultimate_success,structural:contracts_documents-retention_class-04:sub-operations-no-last:after_penultimate_success
qwen3-8b,structural,same_condition_token_matched,structural:contracts_documents-latest_version-03:sub-operations-no-last:after_penultimate_success,structural:contracts_documents-signature_status-04:sub-operations-no-last:after_penultimate_success
qwen3-8b,structural,same_condition_token_matched,structural:contracts_documents-latest_version-04:sub-operations-no-last:after_penultimate_success,structural:contracts_documents-signature_status-04:sub-operations-no-last:after_penultimate_success
qwen3-8b,structural,same_condition_token_matched,structural:contracts_documents-obligation_owner-02:sub-operations-no-last:after_penultimate_success,structural:contracts_documents-retention_class-00:sub-operations-no-last:after_penultimate_success
qwen3-8b,structural,same_condition_token_matched,structural:contracts_documents-obligation_owner-04:sub-operations-no-last:after_penultimate_success,structural:contracts_documents-citation_target-03:sub-operations-no-last:after_penultimate_success
qwen3-8b,structural,same_condition_token_matched,structural:contracts_documents-retention_class-00:sub-operations-no-last:after_penultimate_success,structural:contracts_documents-citation_target-03:sub-operations-no-last:after_penultimate_success
qwen3-8b,structural,same_condition_token_matched,structural:contracts_documents-retention_class-02:sub-operations-no-last:after_penultimate_success,structural:contracts_documents-section_summary-04:sub-operations-no-last:after_penultimate_success
qwen3-8b,structural,same_condition_token_matched,structural:contracts_documents-retention_class-03:sub-operations-no-last:after_penultimate_success,structural:contracts_documents-section_summary-03:sub-operations-no-last:after_penultimate_success
qwen3-8b,structural,same_condition_token_matched,structural:contracts_documents-retention_class-04:sub-operations-no-last:after_penultimate_success,structural:contracts_documents-section_summary-03:sub-operations-no-last:after_penultimate_success
qwen3-8b,structural,same_condition_token_matched,structural:contracts_documents-section_summary-01:sub-operations-no-last:after_penultimate_success,structural:contracts_documents-citation_target-01:sub-operations-no-last:after_penultimate_success
qwen3-8b,structural,same_condition_token_matched,structural:contracts_documents-section_summary-02:sub-operations-no-last:after_penultimate_success,structural:contracts_documents-citation_target-04:sub-operations-no-last:after_penultimate_success
qwen3-8b,structural,same_condition_token_matched,structural:contracts_documents-section_summary-03:sub-operations-no-last:after_penultimate_success,structural:contracts_documents-retention_class-04:sub-operations-no-last:after_penultimate_success
qwen3-8b,structural,same_condition_token_matched,structural:contracts_documents-section_summary-04:sub-operations-no-last:after_penultimate_success,structural:contracts_documents-retention_class-02:sub-operations-no-last:after_penultimate_success
qwen3-8b,structural,same_condition_token_matched,structural:contracts_documents-signature_status-00:sub-operations-no-last:after_penultimate_success,structural:contracts_documents-section_summary-04:sub-operations-no-last:after_penultimate_success
qwen3-8b,structural,same_condition_token_matched,structural:contracts_documents-signature_status-03:sub-operations-no-last:after_penultimate_success,structural:contracts_documents-latest_version-04:sub-operations-no-last:after_penultimate_success
qwen3-8b,structural,same_condition_token_matched,structural:contracts_documents-signature_status-04:sub-operations-no-last:after_penultimate_success,structural:contracts_documents-latest_version-03:sub-operations-no-last:after_penultimate_success
qwen3-8b,structural,same_condition_token_matched,structural:pricing_billing-currency_amount-00:sub-operations-no-last:after_penultimate_success,structural:pricing_billing-margin_floor-01:sub-operations-no-last:after_penultimate_success
qwen3-8b,structural,same_condition_token_matched,structural:pricing_billing-currency_amount-04:sub-operations-no-last:after_penultimate_success,structural:pricing_billing-promotional_price-00:sub-operations-no-last:after_penultimate_success
qwen3-8b,structural,same_condition_token_matched,structural:pricing_billing-margin_floor-01:sub-operations-no-last:after_penultimate_success,structural:pricing_billing-currency_amount-00:sub-operations-no-last:after_penultimate_success
qwen3-8b,structural,same_condition_token_matched,structural:pricing_billing-order_total-01:sub-operations-no-last:after_penultimate_success,structural:pricing_billing-shipping_charge-04:sub-operations-no-last:after_penultimate_success
qwen3-8b,structural,same_condition_token_matched,structural:pricing_billing-promotional_price-00:sub-operations-no-last:after_penultimate_success,structural:pricing_billing-currency_amount-04:sub-operations-no-last:after_penultimate_success
qwen3-8b,structural,same_condition_token_matched,structural:pricing_billing-promotional_price-02:sub-operations-no-last:after_penultimate_success,structural:pricing_billing-currency_amount-04:sub-operations-no-last:after_penultimate_success
qwen3-8b,structural,same_condition_token_matched,structural:pricing_billing-shipping_charge-00:sub-operations-no-last:after_penultimate_success,structural:pricing_billing-tax_amount-00:sub-operations-no-last:after_penultimate_success
qwen3-8b,structural,same_condition_token_matched,structural:pricing_billing-shipping_charge-01:sub-operations-no-last:after_penultimate_success,structural:pricing_billing-currency_amount-00:sub-operations-no-last:after_penultimate_success
qwen3-8b,structural,same_condition_token_matched,structural:pricing_billing-shipping_charge-02:sub-operations-no-last:after_penultimate_success,structural:pricing_billing-tax_amount-03:sub-operations-no-last:after_penultimate_success
qwen3-8b,structural,same_condition_token_matched,structural:pricing_billing-shipping_charge-03:sub-operations-no-last:after_penultimate_success,structural:pricing_billing-margin_floor-01:sub-operations-no-last:after_penultimate_success
qwen3-8b,structural,same_condition_token_matched,structural:pricing_billing-shipping_charge-04:sub-operations-no-last:after_penultimate_success,structural:pricing_billing-tax_amount-00:sub-operations-no-last:after_penultimate_success
qwen3-8b,structural,same_condition_token_matched,structural:pricing_billing-tax_amount-00:sub-operations-no-last:after_penultimate_success,structural:pricing_billing-shipping_charge-00:sub-operations-no-last:after_penultimate_success
qwen3-8b,structural,same_condition_token_matched,structural:pricing_billing-tax_amount-03:sub-operations-no-last:after_penultimate_success,structural:pricing_billing-shipping_charge-02:sub-operations-no-last:after_penultimate_success
qwen3-8b,structural,same_condition_token_matched,structural:customer_support-case_owner-03:sub-operations-no-last:after_penultimate_success,structural:customer_support-case_priority-02:sub-operations-no-last:after_penultimate_success
qwen3-8b,structural,same_condition_token_matched,structural:customer_support-case_priority-02:sub-operations-no-last:after_penultimate_success,structural:customer_support-next_action-02:sub-operations-no-last:after_penultimate_success
qwen3-8b,structural,same_condition_token_matched,structural:customer_support-case_priority-03:sub-operations-no-last:after_penultimate_success,structural:customer_support-next_action-02:sub-operations-no-last:after_penultimate_success
qwen3-8b,structural,same_condition_token_matched,structural:customer_support-contact_channel-01:sub-operations-no-last:after_penultimate_success,structural:customer_support-next_action-04:sub-operations-no-last:after_penultimate_success
qwen3-8b,structural,same_condition_token_matched,structural:customer_support-contact_channel-02:sub-operations-no-last:after_penultimate_success,structural:customer_support-next_action-01:sub-operations-no-last:after_penultimate_success
qwen3-8b,structural,same_condition_token_matched,structural:customer_support-contact_channel-04:sub-operations-no-last:after_penultimate_success,structural:customer_support-next_action-04:sub-operations-no-last:after_penultimate_success
qwen3-8b,structural,same_condition_token_matched,structural:customer_support-escalation_target-00:sub-operations-no-last:after_penultimate_success,structural:customer_support-case_priority-02:sub-operations-no-last:after_penultimate_success
qwen3-8b,structural,same_condition_token_matched,structural:customer_support-escalation_target-02:sub-operations-no-last:after_penultimate_success,structural:customer_support-refund_eligibility-04:sub-operations-no-last:after_penultimate_success
qwen3-8b,structural,same_condition_token_matched,structural:customer_support-escalation_target-03:sub-operations-no-last:after_penultimate_success,structural:customer_support-refund_eligibility-04:sub-operations-no-last:after_penultimate_success
qwen3-8b,structural,same_condition_token_matched,structural:customer_support-escalation_target-04:sub-operations-no-last:after_penultimate_success,structural:customer_support-refund_eligibility-00:sub-operations-no-last:after_penultimate_success
qwen3-8b,structural,same_condition_token_matched,structural:customer_support-next_action-01:sub-operations-no-last:after_penultimate_success,structural:customer_support-case_priority-03:sub-operations-no-last:after_penultimate_success
qwen3-8b,structural,same_condition_token_matched,structural:customer_support-next_action-02:sub-operations-no-last:after_penultimate_success,structural:customer_support-case_priority-03:sub-operations-no-last:after_penultimate_success
qwen3-8b,structural,same_condition_token_matched,structural:customer_support-next_action-04:sub-operations-no-last:after_penultimate_success,structural:customer_support-contact_channel-02:sub-operations-no-last:after_penultimate_success
qwen3-8b,structural,same_condition_token_matched,structural:customer_support-refund_eligibility-00:sub-operations-no-last:after_penultimate_success,structural:customer_support-escalation_target-03:sub-operations-no-last:after_penultimate_success
qwen3-8b,structural,same_condition_token_matched,structural:customer_support-refund_eligibility-02:sub-operations-no-last:after_penultimate_success,structural:customer_support-escalation_target-03:sub-operations-no-last:after_penultimate_success
qwen3-8b,structural,same_condition_token_matched,structural:customer_support-refund_eligibility-04:sub-operations-no-last:after_penultimate_success,structural:customer_support-escalation_target-04:sub-operations-no-last:after_penultimate_success
qwen3-8b,structural,same_condition_token_matched,structural:procurement_suppliers-contract_compliance-00:sub-operations-no-last:after_penultimate_success,structural:procurement_suppliers-supplier_eligibility-02:sub-operations-no-last:after_penultimate_success
qwen3-8b,structural,same_condition_token_matched,structural:procurement_suppliers-contract_compliance-03:sub-operations-no-last:after_penultimate_success,structural:procurement_suppliers-purchase_limit-03:sub-operations-no-last:after_penultimate_success
qwen3-8b,structural,same_condition_token_matched,structural:procurement_suppliers-contract_compliance-04:sub-operations-no-last:after_penultimate_success,structural:procurement_suppliers-purchase_limit-03:sub-operations-no-last:after_penultimate_success
qwen3-8b,structural,same_condition_token_matched,structural:procurement_suppliers-expedite_decision-00:sub-operations-no-last:after_penultimate_success,structural:procurement_suppliers-supplier_eligibility-02:sub-operations-no-last:after_penultimate_success
qwen3-8b,structural,same_condition_token_matched,structural:procurement_suppliers-expedite_decision-01:sub-operations-no-last:after_penultimate_success,structural:procurement_suppliers-contract_compliance-03:sub-operations-no-last:after_penultimate_success
qwen3-8b,structural,same_condition_token_matched,structural:procurement_suppliers-expedite_decision-02:sub-operations-no-last:after_penultimate_success,structural:procurement_suppliers-contract_compliance-03:sub-operations-no-last:after_penultimate_success
qwen3-8b,structural,same_condition_token_matched,structural:procurement_suppliers-expedite_decision-03:sub-operations-no-last:after_penultimate_success,structural:procurement_suppliers-supplier_eligibility-01:sub-operations-no-last:after_penultimate_success
qwen3-8b,structural,same_condition_token_matched,structural:procurement_suppliers-lead_time-00:sub-operations-no-last:after_penultimate_success,structural:procurement_suppliers-vendor_score-00:sub-operations-no-last:after_penultimate_success
qwen3-8b,structural,same_condition_token_matched,structural:procurement_suppliers-lead_time-01:sub-operations-no-last:after_penultimate_success,structural:procurement_suppliers-supplier_eligibility-00:sub-operations-no-last:after_penultimate_success
qwen3-8b,structural,same_condition_token_matched,structural:procurement_suppliers-lead_time-02:sub-operations-no-last:after_penultimate_success,structural:procurement_suppliers-vendor_score-02:sub-operations-no-last:after_penultimate_success
qwen3-8b,structural,same_condition_token_matched,structural:procurement_suppliers-purchase_limit-01:sub-operations-no-last:after_penultimate_success,structural:procurement_suppliers-contract_compliance-04:sub-operations-no-last:after_penultimate_success
qwen3-8b,structural,same_condition_token_matched,structural:procurement_suppliers-purchase_limit-03:sub-operations-no-last:after_penultimate_success,structural:procurement_suppliers-contract_compliance-04:sub-operations-no-last:after_penultimate_success
qwen3-8b,structural,same_condition_token_matched,structural:procurement_suppliers-quote_rank-02:sub-operations-no-last:after_penultimate_success,structural:procurement_suppliers-receipt_variance-01:sub-operations-no-last:after_penultimate_success
qwen3-8b,structural,same_condition_token_matched,structural:procurement_suppliers-quote_rank-03:sub-operations-no-last:after_penultimate_success,structural:procurement_suppliers-return_authorization-02:sub-operations-no-last:after_penultimate_success
qwen3-8b,structural,same_condition_token_matched,structural:procurement_suppliers-quote_rank-04:sub-operations-no-last:after_penultimate_success,structural:procurement_suppliers-receipt_variance-01:sub-operations-no-last:after_penultimate_success
qwen3-8b,structural,same_condition_token_matched,structural:procurement_suppliers-receipt_variance-01:sub-operations-no-last:after_penultimate_success,structural:procurement_suppliers-quote_rank-02:sub-operations-no-last:after_penultimate_success
qwen3-8b,structural,same_condition_token_matched,structural:procurement_suppliers-return_authorization-02:sub-operations-no-last:after_penultimate_success,structural:procurement_suppliers-quote_rank-03:sub-operations-no-last:after_penultimate_success
qwen3-8b,structural,same_condition_token_matched,structural:procurement_suppliers-return_authorization-03:sub-operations-no-last:after_penultimate_success,structural:procurement_suppliers-quote_rank-03:sub-operations-no-last:after_penultimate_success
qwen3-8b,structural,same_condition_token_matched,structural:procurement_suppliers-supplier_eligibility-00:sub-operations-no-last:after_penultimate_success,structural:procurement_suppliers-lead_time-01:sub-operations-no-last:after_penultimate_success
qwen3-8b,structural,same_condition_token_matched,structural:procurement_suppliers-supplier_eligibility-01:sub-operations-no-last:after_penultimate_success,structural:procurement_suppliers-expedite_decision-03:sub-operations-no-last:after_penultimate_success
qwen3-8b,structural,same_condition_token_matched,structural:procurement_suppliers-supplier_eligibility-02:sub-operations-no-last:after_penultimate_success,structural:procurement_suppliers-contract_compliance-00:sub-operations-no-last:after_penultimate_success
qwen3-8b,structural,same_condition_token_matched,structural:procurement_suppliers-supplier_eligibility-03:sub-operations-no-last:after_penultimate_success,structural:procurement_suppliers-contract_compliance-00:sub-operations-no-last:after_penultimate_success
qwen3-8b,structural,same_condition_token_matched,structural:procurement_suppliers-vendor_score-00:sub-operations-no-last:after_penultimate_success,structural:procurement_suppliers-lead_time-00:sub-operations-no-last:after_penultimate_success
qwen3-8b,structural,same_condition_token_matched,structural:procurement_suppliers-vendor_score-02:sub-operations-no-last:after_penultimate_success,structural:procurement_suppliers-lead_time-02:sub-operations-no-last:after_penultimate_success
qwen3-8b,structural,same_condition_token_matched,structural:procurement_suppliers-vendor_score-03:sub-operations-no-last:after_penultimate_success,structural:procurement_suppliers-lead_time-00:sub-operations-no-last:after_penultimate_success
qwen3-8b,structural,same_condition_token_matched,structural:procurement_suppliers-vendor_score-04:sub-operations-no-last:after_penultimate_success,structural:procurement_suppliers-lead_time-01:sub-operations-no-last:after_penultimate_success
qwen3-8b,structural,token_stratified_random,structural:inventory_fulfillment-backorder_priority-02:sub-operations-no-last:after_penultimate_success,structural:inventory_fulfillment-cycle_count_variance-02:sub-operations-no-last:after_penultimate_success
qwen3-8b,structural,token_stratified_random,structural:inventory_fulfillment-backorder_priority-04:sub-operations-no-last:after_penultimate_success,structural:inventory_fulfillment-pick_location-03:sub-operations-no-last:after_penultimate_success
qwen3-8b,structural,token_stratified_random,structural:inventory_fulfillment-capacity_utilization-01:sub-operations-no-last:after_penultimate_success,structural:inventory_fulfillment-pick_location-01:sub-operations-no-last:after_penultimate_success
qwen3-8b,structural,token_stratified_random,structural:inventory_fulfillment-capacity_utilization-02:sub-operations-no-last:after_penultimate_success,structural:inventory_fulfillment-reorder_quantity-01:sub-operations-no-last:after_penultimate_success
qwen3-8b,structural,token_stratified_random,structural:inventory_fulfillment-capacity_utilization-03:sub-operations-no-last:after_penultimate_success,structural:inventory_fulfillment-replenishment_source-00:sub-operations-no-last:after_penultimate_success
qwen3-8b,structural,token_stratified_random,structural:inventory_fulfillment-capacity_utilization-04:sub-operations-no-last:after_penultimate_success,structural:inventory_fulfillment-transferable_units-04:sub-operations-no-last:after_penultimate_success
qwen3-8b,structural,token_stratified_random,structural:inventory_fulfillment-cycle_count_variance-02:sub-operations-no-last:after_penultimate_success,structural:inventory_fulfillment-expiry_risk-01:sub-operations-no-last:after_penultimate_success
qwen3-8b,structural,token_stratified_random,structural:inventory_fulfillment-expiry_risk-01:sub-operations-no-last:after_penultimate_success,structural:inventory_fulfillment-pick_location-03:sub-operations-no-last:after_penultimate_success
qwen3-8b,structural,token_stratified_random,structural:inventory_fulfillment-expiry_risk-02:sub-operations-no-last:after_penultimate_success,structural:inventory_fulfillment-sellable_units-04:sub-operations-no-last:after_penultimate_success
qwen3-8b,structural,token_stratified_random,structural:inventory_fulfillment-pick_location-01:sub-operations-no-last:after_penultimate_success,structural:inventory_fulfillment-backorder_priority-02:sub-operations-no-last:after_penultimate_success
qwen3-8b,structural,token_stratified_random,structural:inventory_fulfillment-pick_location-03:sub-operations-no-last:after_penultimate_success,structural:inventory_fulfillment-capacity_utilization-04:sub-operations-no-last:after_penultimate_success
qwen3-8b,structural,token_stratified_random,structural:inventory_fulfillment-reorder_quantity-01:sub-operations-no-last:after_penultimate_success,structural:inventory_fulfillment-cycle_count_variance-02:sub-operations-no-last:after_penultimate_success
qwen3-8b,structural,token_stratified_random,structural:inventory_fulfillment-reorder_quantity-02:sub-operations-no-last:after_penultimate_success,structural:inventory_fulfillment-backorder_priority-02:sub-operations-no-last:after_penultimate_success
qwen3-8b,structural,token_stratified_random,structural:inventory_fulfillment-replenishment_source-00:sub-operations-no-last:after_penultimate_success,structural:inventory_fulfillment-sellable_units-00:sub-operations-no-last:after_penultimate_success
qwen3-8b,structural,token_stratified_random,structural:inventory_fulfillment-replenishment_source-02:sub-operations-no-last:after_penultimate_success,structural:inventory_fulfillment-sellable_units-04:sub-operations-no-last:after_penultimate_success
qwen3-8b,structural,token_stratified_random,structural:inventory_fulfillment-replenishment_source-03:sub-operations-no-last:after_penultimate_success,structural:inventory_fulfillment-capacity_utilization-03:sub-operations-no-last:after_penultimate_success
qwen3-8b,structural,token_stratified_random,structural:inventory_fulfillment-replenishment_source-04:sub-operations-no-last:after_penultimate_success,structural:inventory_fulfillment-capacity_utilization-01:sub-operations-no-last:after_penultimate_success
qwen3-8b,structural,token_stratified_random,structural:inventory_fulfillment-sellable_units-00:sub-operations-no-last:after_penultimate_success,structural:inventory_fulfillment-pick_location-01:sub-operations-no-last:after_penultimate_success
qwen3-8b,structural,token_stratified_random,structural:inventory_fulfillment-sellable_units-04:sub-operations-no-last:after_penultimate_success,structural:inventory_fulfillment-transferable_units-04:sub-operations-no-last:after_penultimate_success
qwen3-8b,structural,token_stratified_random,structural:inventory_fulfillment-transferable_units-04:sub-operations-no-last:after_penultimate_success,structural:inventory_fulfillment-expiry_risk-02:sub-operations-no-last:after_penultimate_success
qwen3-8b,structural,token_stratified_random,structural:workforce_access-access_decision-00:sub-operations-no-last:after_penultimate_success,structural:workforce_access-leave_balance-02:sub-operations-no-last:after_penultimate_success
qwen3-8b,structural,token_stratified_random,structural:workforce_access-access_decision-04:sub-operations-no-last:after_penultimate_success,structural:workforce_access-offboarding_actions-04:sub-operations-no-last:after_penultimate_success
qwen3-8b,structural,token_stratified_random,structural:workforce_access-badge_expiry-00:sub-operations-no-last:after_penultimate_success,structural:workforce_access-access_decision-00:sub-operations-no-last:after_penultimate_success
qwen3-8b,structural,token_stratified_random,structural:workforce_access-badge_expiry-01:sub-operations-no-last:after_penultimate_success,structural:workforce_access-training_requirement-03:sub-operations-no-last:after_penultimate_success
qwen3-8b,structural,token_stratified_random,structural:workforce_access-badge_expiry-02:sub-operations-no-last:after_penultimate_success,structural:workforce_access-access_decision-00:sub-operations-no-last:after_penultimate_success
qwen3-8b,structural,token_stratified_random,structural:workforce_access-badge_expiry-03:sub-operations-no-last:after_penultimate_success,structural:workforce_access-oncall_assignment-02:sub-operations-no-last:after_penultimate_success
qwen3-8b,structural,token_stratified_random,structural:workforce_access-badge_expiry-04:sub-operations-no-last:after_penultimate_success,structural:workforce_access-oncall_assignment-02:sub-operations-no-last:after_penultimate_success
qwen3-8b,structural,token_stratified_random,structural:workforce_access-delegation_scope-03:sub-operations-no-last:after_penultimate_success,structural:workforce_access-offboarding_actions-01:sub-operations-no-last:after_penultimate_success
qwen3-8b,structural,token_stratified_random,structural:workforce_access-leave_balance-00:sub-operations-no-last:after_penultimate_success,structural:workforce_access-oncall_assignment-01:sub-operations-no-last:after_penultimate_success
qwen3-8b,structural,token_stratified_random,structural:workforce_access-leave_balance-01:sub-operations-no-last:after_penultimate_success,structural:workforce_access-role_assignment-04:sub-operations-no-last:after_penultimate_success
qwen3-8b,structural,token_stratified_random,structural:workforce_access-leave_balance-02:sub-operations-no-last:after_penultimate_success,structural:workforce_access-shift_eligibility-04:sub-operations-no-last:after_penultimate_success
qwen3-8b,structural,token_stratified_random,structural:workforce_access-leave_balance-03:sub-operations-no-last:after_penultimate_success,structural:workforce_access-oncall_assignment-01:sub-operations-no-last:after_penultimate_success
qwen3-8b,structural,token_stratified_random,structural:workforce_access-leave_balance-04:sub-operations-no-last:after_penultimate_success,structural:workforce_access-shift_eligibility-03:sub-operations-no-last:after_penultimate_success
qwen3-8b,structural,token_stratified_random,structural:workforce_access-offboarding_actions-01:sub-operations-no-last:after_penultimate_success,structural:workforce_access-role_assignment-01:sub-operations-no-last:after_penultimate_success
qwen3-8b,structural,token_stratified_random,structural:workforce_access-offboarding_actions-04:sub-operations-no-last:after_penultimate_success,structural:workforce_access-badge_expiry-02:sub-operations-no-last:after_penultimate_success
qwen3-8b,structural,token_stratified_random,structural:workforce_access-oncall_assignment-00:sub-operations-no-last:after_penultimate_success,structural:workforce_access-badge_expiry-02:sub-operations-no-last:after_penultimate_success
qwen3-8b,structural,token_stratified_random,structural:workforce_access-oncall_assignment-01:sub-operations-no-last:after_penultimate_success,structural:workforce_access-leave_balance-01:sub-operations-no-last:after_penultimate_success
qwen3-8b,structural,token_stratified_random,structural:workforce_access-oncall_assignment-02:sub-operations-no-last:after_penultimate_success,structural:workforce_access-role_assignment-01:sub-operations-no-last:after_penultimate_success
qwen3-8b,structural,token_stratified_random,structural:workforce_access-oncall_assignment-03:sub-operations-no-last:after_penultimate_success,structural:workforce_access-badge_expiry-04:sub-operations-no-last:after_penultimate_success
qwen3-8b,structural,token_stratified_random,structural:workforce_access-role_assignment-00:sub-operations-no-last:after_penultimate_success,structural:workforce_access-delegation_scope-03:sub-operations-no-last:after_penultimate_success
qwen3-8b,structural,token_stratified_random,structural:workforce_access-role_assignment-01:sub-operations-no-last:after_penultimate_success,structural:workforce_access-training_requirement-02:sub-operations-no-last:after_penultimate_success
qwen3-8b,structural,token_stratified_random,structural:workforce_access-role_assignment-04:sub-operations-no-last:after_penultimate_success,structural:workforce_access-oncall_assignment-00:sub-operations-no-last:after_penultimate_success
qwen3-8b,structural,token_stratified_random,structural:workforce_access-shift_eligibility-00:sub-operations-no-last:after_penultimate_success,structural:workforce_access-oncall_assignment-00:sub-operations-no-last:after_penultimate_success
qwen3-8b,structural,token_stratified_random,structural:workforce_access-shift_eligibility-01:sub-operations-no-last:after_penultimate_success,structural:workforce_access-badge_expiry-00:sub-operations-no-last:after_penultimate_success
qwen3-8b,structural,token_stratified_random,structural:workforce_access-shift_eligibility-03:sub-operations-no-last:after_penultimate_success,structural:workforce_access-training_requirement-02:sub-operations-no-last:after_penultimate_success
qwen3-8b,structural,token_stratified_random,structural:workforce_access-shift_eligibility-04:sub-operations-no-last:after_penultimate_success,structural:workforce_access-badge_expiry-00:sub-operations-no-last:after_penultimate_success
qwen3-8b,structural,token_stratified_random,structural:workforce_access-training_requirement-02:sub-operations-no-last:after_penultimate_success,structural:workforce_access-badge_expiry-03:sub-operations-no-last:after_penultimate_success
qwen3-8b,structural,token_stratified_random,structural:workforce_access-training_requirement-03:sub-operations-no-last:after_penultimate_success,structural:workforce_access-badge_expiry-01:sub-operations-no-last:after_penultimate_success
qwen3-8b,structural,token_stratified_random,structural:workforce_access-training_requirement-04:sub-operations-no-last:after_penultimate_success,structural:workforce_access-badge_expiry-04:sub-operations-no-last:after_penultimate_success
qwen3-8b,structural,token_stratified_random,structural:compliance_audit-audit_sample-00:sub-operations-no-last:after_penultimate_success,structural:compliance_audit-filing_readiness-01:sub-operations-no-last:after_penultimate_success
qwen3-8b,structural,token_stratified_random,structural:compliance_audit-audit_sample-02:sub-operations-no-last:after_penultimate_success,structural:compliance_audit-segregation_conflict-02:sub-operations-no-last:after_penultimate_success
qwen3-8b,structural,token_stratified_random,structural:compliance_audit-audit_sample-03:sub-operations-no-last:after_penultimate_success,structural:compliance_audit-remediation_owner-02:sub-operations-no-last:after_penultimate_success
qwen3-8b,structural,token_stratified_random,structural:compliance_audit-evidence_completeness-00:sub-operations-no-last:after_penultimate_success,structural:compliance_audit-exception_expiry-02:sub-operations-no-last:after_penultimate_success
qwen3-8b,structural,token_stratified_random,structural:compliance_audit-evidence_completeness-01:sub-operations-no-last:after_penultimate_success,structural:compliance_audit-retention_deadline-01:sub-operations-no-last:after_penultimate_success
qwen3-8b,structural,token_stratified_random,structural:compliance_audit-evidence_completeness-04:sub-operations-no-last:after_penultimate_success,structural:compliance_audit-risk_rating-01:sub-operations-no-last:after_penultimate_success
qwen3-8b,structural,token_stratified_random,structural:compliance_audit-exception_expiry-01:sub-operations-no-last:after_penultimate_success,structural:compliance_audit-audit_sample-00:sub-operations-no-last:after_penultimate_success
qwen3-8b,structural,token_stratified_random,structural:compliance_audit-exception_expiry-02:sub-operations-no-last:after_penultimate_success,structural:compliance_audit-risk_rating-03:sub-operations-no-last:after_penultimate_success
qwen3-8b,structural,token_stratified_random,structural:compliance_audit-exception_expiry-03:sub-operations-no-last:after_penultimate_success,structural:compliance_audit-risk_rating-02:sub-operations-no-last:after_penultimate_success
qwen3-8b,structural,token_stratified_random,structural:compliance_audit-exception_expiry-04:sub-operations-no-last:after_penultimate_success,structural:compliance_audit-filing_readiness-01:sub-operations-no-last:after_penultimate_success
qwen3-8b,structural,token_stratified_random,structural:compliance_audit-filing_readiness-00:sub-operations-no-last:after_penultimate_success,structural:compliance_audit-exception_expiry-04:sub-operations-no-last:after_penultimate_success
qwen3-8b,structural,token_stratified_random,structural:compliance_audit-filing_readiness-01:sub-operations-no-last:after_penultimate_success,structural:compliance_audit-audit_sample-03:sub-operations-no-last:after_penultimate_success
qwen3-8b,structural,token_stratified_random,structural:compliance_audit-filing_readiness-03:sub-operations-no-last:after_penultimate_success,structural:compliance_audit-exception_expiry-03:sub-operations-no-last:after_penultimate_success
qwen3-8b,structural,token_stratified_random,structural:compliance_audit-filing_readiness-04:sub-operations-no-last:after_penultimate_success,structural:compliance_audit-risk_rating-00:sub-operations-no-last:after_penultimate_success
qwen3-8b,structural,token_stratified_random,structural:compliance_audit-policy_applicability-02:sub-operations-no-last:after_penultimate_success,structural:compliance_audit-exception_expiry-02:sub-operations-no-last:after_penultimate_success
qwen3-8b,structural,token_stratified_random,structural:compliance_audit-policy_applicability-03:sub-operations-no-last:after_penultimate_success,structural:compliance_audit-remediation_owner-04:sub-operations-no-last:after_penultimate_success
qwen3-8b,structural,token_stratified_random,structural:compliance_audit-remediation_owner-00:sub-operations-no-last:after_penultimate_success,structural:compliance_audit-filing_readiness-03:sub-operations-no-last:after_penultimate_success
qwen3-8b,structural,token_stratified_random,structural:compliance_audit-remediation_owner-02:sub-operations-no-last:after_penultimate_success,structural:compliance_audit-retention_deadline-03:sub-operations-no-last:after_penultimate_success
qwen3-8b,structural,token_stratified_random,structural:compliance_audit-remediation_owner-04:sub-operations-no-last:after_penultimate_success,structural:compliance_audit-risk_rating-04:sub-operations-no-last:after_penultimate_success
qwen3-8b,structural,token_stratified_random,structural:compliance_audit-retention_deadline-01:sub-operations-no-last:after_penultimate_success,structural:compliance_audit-policy_applicability-02:sub-operations-no-last:after_penultimate_success
qwen3-8b,structural,token_stratified_random,structural:compliance_audit-retention_deadline-02:sub-operations-no-last:after_penultimate_success,structural:compliance_audit-evidence_completeness-04:sub-operations-no-last:after_penultimate_success
qwen3-8b,structural,token_stratified_random,structural:compliance_audit-retention_deadline-03:sub-operations-no-last:after_penultimate_success,structural:compliance_audit-risk_rating-02:sub-operations-no-last:after_penultimate_success
qwen3-8b,structural,token_stratified_random,structural:compliance_audit-retention_deadline-04:sub-operations-no-last:after_penultimate_success,structural:compliance_audit-audit_sample-00:sub-operations-no-last:after_penultimate_success
qwen3-8b,structural,token_stratified_random,structural:compliance_audit-risk_rating-00:sub-operations-no-last:after_penultimate_success,structural:compliance_audit-evidence_completeness-04:sub-operations-no-last:after_penultimate_success
qwen3-8b,structural,token_stratified_random,structural:compliance_audit-risk_rating-01:sub-operations-no-last:after_penultimate_success,structural:compliance_audit-retention_deadline-02:sub-operations-no-last:after_penultimate_success
qwen3-8b,structural,token_stratified_random,structural:compliance_audit-risk_rating-02:sub-operations-no-last:after_penultimate_success,structural:compliance_audit-retention_deadline-04:sub-operations-no-last:after_penultimate_success
qwen3-8b,structural,token_stratified_random,structural:compliance_audit-risk_rating-03:sub-operations-no-last:after_penultimate_success,structural:compliance_audit-policy_applicability-03:sub-operations-no-last:after_penultimate_success
qwen3-8b,structural,token_stratified_random,structural:compliance_audit-risk_rating-04:sub-operations-no-last:after_penultimate_success,structural:compliance_audit-evidence_completeness-00:sub-operations-no-last:after_penultimate_success
qwen3-8b,structural,token_stratified_random,structural:compliance_audit-segregation_conflict-00:sub-operations-no-last:after_penultimate_success,structural:compliance_audit-audit_sample-02:sub-operations-no-last:after_penultimate_success
qwen3-8b,structural,token_stratified_random,structural:compliance_audit-segregation_conflict-01:sub-operations-no-last:after_penultimate_success,structural:compliance_audit-remediation_owner-04:sub-operations-no-last:after_penultimate_success
qwen3-8b,structural,token_stratified_random,structural:compliance_audit-segregation_conflict-02:sub-operations-no-last:after_penultimate_success,structural:compliance_audit-retention_deadline-01:sub-operations-no-last:after_penultimate_success
qwen3-8b,structural,token_stratified_random,structural:compliance_audit-segregation_conflict-04:sub-operations-no-last:after_penultimate_success,structural:compliance_audit-audit_sample-02:sub-operations-no-last:after_penultimate_success
qwen3-8b,structural,token_stratified_random,structural:finance_ledger-available_balance-01:sub-operations-no-last:after_penultimate_success,structural:finance_ledger-transaction_fee-03:sub-operations-no-last:after_penultimate_success
qwen3-8b,structural,token_stratified_random,structural:finance_ledger-book_balance-00:sub-operations-no-last:after_penultimate_success,structural:finance_ledger-budget_variance-03:sub-operations-no-last:after_penultimate_success
qwen3-8b,structural,token_stratified_random,structural:finance_ledger-book_balance-02:sub-operations-no-last:after_penultimate_success,structural:finance_ledger-transaction_fee-04:sub-operations-no-last:after_penultimate_success
qwen3-8b,structural,token_stratified_random,structural:finance_ledger-book_balance-03:sub-operations-no-last:after_penultimate_success,structural:finance_ledger-fx_settlement-03:sub-operations-no-last:after_penultimate_success
qwen3-8b,structural,token_stratified_random,structural:finance_ledger-budget_variance-00:sub-operations-no-last:after_penultimate_success,structural:finance_ledger-fx_settlement-00:sub-operations-no-last:after_penultimate_success
qwen3-8b,structural,token_stratified_random,structural:finance_ledger-budget_variance-01:sub-operations-no-last:after_penultimate_success,structural:finance_ledger-book_balance-00:sub-operations-no-last:after_penultimate_success
qwen3-8b,structural,token_stratified_random,structural:finance_ledger-budget_variance-03:sub-operations-no-last:after_penultimate_success,structural:finance_ledger-transaction_fee-01:sub-operations-no-last:after_penultimate_success
qwen3-8b,structural,token_stratified_random,structural:finance_ledger-budget_variance-04:sub-operations-no-last:after_penultimate_success,structural:finance_ledger-fx_settlement-01:sub-operations-no-last:after_penultimate_success
qwen3-8b,structural,token_stratified_random,structural:finance_ledger-fx_settlement-00:sub-operations-no-last:after_penultimate_success,structural:finance_ledger-tax_basis-00:sub-operations-no-last:after_penultimate_success
qwen3-8b,structural,token_stratified_random,structural:finance_ledger-fx_settlement-01:sub-operations-no-last:after_penultimate_success,structural:finance_ledger-book_balance-02:sub-operations-no-last:after_penultimate_success
qwen3-8b,structural,token_stratified_random,structural:finance_ledger-fx_settlement-03:sub-operations-no-last:after_penultimate_success,structural:finance_ledger-book_balance-03:sub-operations-no-last:after_penultimate_success
qwen3-8b,structural,token_stratified_random,structural:finance_ledger-fx_settlement-04:sub-operations-no-last:after_penultimate_success,structural:finance_ledger-budget_variance-04:sub-operations-no-last:after_penultimate_success
qwen3-8b,structural,token_stratified_random,structural:finance_ledger-reconciliation_status-04:sub-operations-no-last:after_penultimate_success,structural:finance_ledger-transaction_fee-00:sub-operations-no-last:after_penultimate_success
qwen3-8b,structural,token_stratified_random,structural:finance_ledger-tax_basis-00:sub-operations-no-last:after_penultimate_success,structural:finance_ledger-transaction_fee-04:sub-operations-no-last:after_penultimate_success
qwen3-8b,structural,token_stratified_random,structural:finance_ledger-transaction_fee-00:sub-operations-no-last:after_penultimate_success,structural:finance_ledger-fx_settlement-04:sub-operations-no-last:after_penultimate_success
qwen3-8b,structural,token_stratified_random,structural:finance_ledger-transaction_fee-01:sub-operations-no-last:after_penultimate_success,structural:finance_ledger-fx_settlement-00:sub-operations-no-last:after_penultimate_success
qwen3-8b,structural,token_stratified_random,structural:finance_ledger-transaction_fee-03:sub-operations-no-last:after_penultimate_success,structural:finance_ledger-book_balance-03:sub-operations-no-last:after_penultimate_success
qwen3-8b,structural,token_stratified_random,structural:finance_ledger-transaction_fee-04:sub-operations-no-last:after_penultimate_success,structural:finance_ledger-book_balance-00:sub-operations-no-last:after_penultimate_success
qwen3-8b,structural,token_stratified_random,structural:contracts_documents-amendment_impact-00:sub-operations-no-last:after_penultimate_success,structural:contracts_documents-contract_deadline-02:sub-operations-no-last:after_penultimate_success
qwen3-8b,structural,token_stratified_random,structural:contracts_documents-amendment_impact-01:sub-operations-no-last:after_penultimate_success,structural:contracts_documents-section_summary-04:sub-operations-no-last:after_penultimate_success
qwen3-8b,structural,token_stratified_random,structural:contracts_documents-amendment_impact-02:sub-operations-no-last:after_penultimate_success,structural:contracts_documents-retention_class-03:sub-operations-no-last:after_penultimate_success
qwen3-8b,structural,token_stratified_random,structural:contracts_documents-amendment_impact-03:sub-operations-no-last:after_penultimate_success,structural:contracts_documents-signature_status-04:sub-operations-no-last:after_penultimate_success
qwen3-8b,structural,token_stratified_random,structural:contracts_documents-amendment_impact-04:sub-operations-no-last:after_penultimate_success,structural:contracts_documents-effective_clause-02:sub-operations-no-last:after_penultimate_success
qwen3-8b,structural,token_stratified_random,structural:contracts_documents-citation_target-00:sub-operations-no-last:after_penultimate_success,structural:contracts_documents-amendment_impact-02:sub-operations-no-last:after_penultimate_success
qwen3-8b,structural,token_stratified_random,structural:contracts_documents-citation_target-01:sub-operations-no-last:after_penultimate_success,structural:contracts_documents-signature_status-03:sub-operations-no-last:after_penultimate_success
qwen3-8b,structural,token_stratified_random,structural:contracts_documents-citation_target-03:sub-operations-no-last:after_penultimate_success,structural:contracts_documents-section_summary-01:sub-operations-no-last:after_penultimate_success
qwen3-8b,structural,token_stratified_random,structural:contracts_documents-citation_target-04:sub-operations-no-last:after_penultimate_success,structural:contracts_documents-amendment_impact-02:sub-operations-no-last:after_penultimate_success
qwen3-8b,structural,token_stratified_random,structural:contracts_documents-contract_deadline-00:sub-operations-no-last:after_penultimate_success,structural:contracts_documents-latest_version-04:sub-operations-no-last:after_penultimate_success
qwen3-8b,structural,token_stratified_random,structural:contracts_documents-contract_deadline-02:sub-operations-no-last:after_penultimate_success,structural:contracts_documents-amendment_impact-03:sub-operations-no-last:after_penultimate_success
qwen3-8b,structural,token_stratified_random,structural:contracts_documents-contract_deadline-04:sub-operations-no-last:after_penultimate_success,structural:contracts_documents-amendment_impact-04:sub-operations-no-last:after_penultimate_success
qwen3-8b,structural,token_stratified_random,structural:contracts_documents-effective_clause-00:sub-operations-no-last:after_penultimate_success,structural:contracts_documents-citation_target-00:sub-operations-no-last:after_penultimate_success
qwen3-8b,structural,token_stratified_random,structural:contracts_documents-effective_clause-01:sub-operations-no-last:after_penultimate_success,structural:contracts_documents-section_summary-01:sub-operations-no-last:after_penultimate_success
qwen3-8b,structural,token_stratified_random,structural:contracts_documents-effective_clause-02:sub-operations-no-last:after_penultimate_success,structural:contracts_documents-section_summary-03:sub-operations-no-last:after_penultimate_success
qwen3-8b,structural,token_stratified_random,structural:contracts_documents-effective_clause-04:sub-operations-no-last:after_penultimate_success,structural:contracts_documents-amendment_impact-03:sub-operations-no-last:after_penultimate_success
qwen3-8b,structural,token_stratified_random,structural:contracts_documents-latest_version-01:sub-operations-no-last:after_penultimate_success,structural:contracts_documents-citation_target-03:sub-operations-no-last:after_penultimate_success
qwen3-8b,structural,token_stratified_random,structural:contracts_documents-latest_version-03:sub-operations-no-last:after_penultimate_success,structural:contracts_documents-citation_target-04:sub-operations-no-last:after_penultimate_success
qwen3-8b,structural,token_stratified_random,structural:contracts_documents-latest_version-04:sub-operations-no-last:after_penultimate_success,structural:contracts_documents-section_summary-04:sub-operations-no-last:after_penultimate_success
qwen3-8b,structural,token_stratified_random,structural:contracts_documents-obligation_owner-02:sub-operations-no-last:after_penultimate_success,structural:contracts_documents-amendment_impact-04:sub-operations-no-last:after_penultimate_success
qwen3-8b,structural,token_stratified_random,structural:contracts_documents-obligation_owner-04:sub-operations-no-last:after_penultimate_success,structural:contracts_documents-latest_version-03:sub-operations-no-last:after_penultimate_success
qwen3-8b,structural,token_stratified_random,structural:contracts_documents-retention_class-00:sub-operations-no-last:after_penultimate_success,structural:contracts_documents-effective_clause-00:sub-operations-no-last:after_penultimate_success
qwen3-8b,structural,token_stratified_random,structural:contracts_documents-retention_class-02:sub-operations-no-last:after_penultimate_success,structural:contracts_documents-citation_target-04:sub-operations-no-last:after_penultimate_success
qwen3-8b,structural,token_stratified_random,structural:contracts_documents-retention_class-03:sub-operations-no-last:after_penultimate_success,structural:contracts_documents-signature_status-03:sub-operations-no-last:after_penultimate_success
qwen3-8b,structural,token_stratified_random,structural:contracts_documents-retention_class-04:sub-operations-no-last:after_penultimate_success,structural:contracts_documents-contract_deadline-02:sub-operations-no-last:after_penultimate_success
qwen3-8b,structural,token_stratified_random,structural:contracts_documents-section_summary-01:sub-operations-no-last:after_penultimate_success,structural:contracts_documents-latest_version-04:sub-operations-no-last:after_penultimate_success
qwen3-8b,structural,token_stratified_random,structural:contracts_documents-section_summary-02:sub-operations-no-last:after_penultimate_success,structural:contracts_documents-citation_target-03:sub-operations-no-last:after_penultimate_success
qwen3-8b,structural,token_stratified_random,structural:contracts_documents-section_summary-03:sub-operations-no-last:after_penultimate_success,structural:contracts_documents-retention_class-02:sub-operations-no-last:after_penultimate_success
qwen3-8b,structural,token_stratified_random,structural:contracts_documents-section_summary-04:sub-operations-no-last:after_penultimate_success,structural:contracts_documents-citation_target-00:sub-operations-no-last:after_penultimate_success
qwen3-8b,structural,token_stratified_random,structural:contracts_documents-signature_status-00:sub-operations-no-last:after_penultimate_success,structural:contracts_documents-amendment_impact-01:sub-operations-no-last:after_penultimate_success
qwen3-8b,structural,token_stratified_random,structural:contracts_documents-signature_status-03:sub-operations-no-last:after_penultimate_success,structural:contracts_documents-retention_class-03:sub-operations-no-last:after_penultimate_success
qwen3-8b,structural,token_stratified_random,structural:contracts_documents-signature_status-04:sub-operations-no-last:after_penultimate_success,structural:contracts_documents-section_summary-03:sub-operations-no-last:after_penultimate_success
qwen3-8b,structural,token_stratified_random,structural:pricing_billing-currency_amount-00:sub-operations-no-last:after_penultimate_success,structural:pricing_billing-tax_amount-03:sub-operations-no-last:after_penultimate_success
qwen3-8b,structural,token_stratified_random,structural:pricing_billing-currency_amount-04:sub-operations-no-last:after_penultimate_success,structural:pricing_billing-promotional_price-02:sub-operations-no-last:after_penultimate_success
qwen3-8b,structural,token_stratified_random,structural:pricing_billing-margin_floor-01:sub-operations-no-last:after_penultimate_success,structural:pricing_billing-shipping_charge-02:sub-operations-no-last:after_penultimate_success
qwen3-8b,structural,token_stratified_random,structural:pricing_billing-order_total-01:sub-operations-no-last:after_penultimate_success,structural:pricing_billing-shipping_charge-00:sub-operations-no-last:after_penultimate_success
qwen3-8b,structural,token_stratified_random,structural:pricing_billing-promotional_price-00:sub-operations-no-last:after_penultimate_success,structural:pricing_billing-shipping_charge-00:sub-operations-no-last:after_penultimate_success
qwen3-8b,structural,token_stratified_random,structural:pricing_billing-promotional_price-02:sub-operations-no-last:after_penultimate_success,structural:pricing_billing-order_total-01:sub-operations-no-last:after_penultimate_success
qwen3-8b,structural,token_stratified_random,structural:pricing_billing-shipping_charge-00:sub-operations-no-last:after_penultimate_success,structural:pricing_billing-margin_floor-01:sub-operations-no-last:after_penultimate_success
qwen3-8b,structural,token_stratified_random,structural:pricing_billing-shipping_charge-01:sub-operations-no-last:after_penultimate_success,structural:pricing_billing-currency_amount-04:sub-operations-no-last:after_penultimate_success
qwen3-8b,structural,token_stratified_random,structural:pricing_billing-shipping_charge-02:sub-operations-no-last:after_penultimate_success,structural:pricing_billing-tax_amount-00:sub-operations-no-last:after_penultimate_success
qwen3-8b,structural,token_stratified_random,structural:pricing_billing-shipping_charge-03:sub-operations-no-last:after_penultimate_success,structural:pricing_billing-tax_amount-03:sub-operations-no-last:after_penultimate_success
qwen3-8b,structural,token_stratified_random,structural:pricing_billing-shipping_charge-04:sub-operations-no-last:after_penultimate_success,structural:pricing_billing-promotional_price-02:sub-operations-no-last:after_penultimate_success
qwen3-8b,structural,token_stratified_random,structural:pricing_billing-tax_amount-00:sub-operations-no-last:after_penultimate_success,structural:pricing_billing-promotional_price-00:sub-operations-no-last:after_penultimate_success
qwen3-8b,structural,token_stratified_random,structural:pricing_billing-tax_amount-03:sub-operations-no-last:after_penultimate_success,structural:pricing_billing-margin_floor-01:sub-operations-no-last:after_penultimate_success
qwen3-8b,structural,token_stratified_random,structural:customer_support-case_owner-03:sub-operations-no-last:after_penultimate_success,structural:customer_support-escalation_target-04:sub-operations-no-last:after_penultimate_success
qwen3-8b,structural,token_stratified_random,structural:customer_support-case_priority-02:sub-operations-no-last:after_penultimate_success,structural:customer_support-contact_channel-02:sub-operations-no-last:after_penultimate_success
qwen3-8b,structural,token_stratified_random,structural:customer_support-case_priority-03:sub-operations-no-last:after_penultimate_success,structural:customer_support-contact_channel-02:sub-operations-no-last:after_penultimate_success
qwen3-8b,structural,token_stratified_random,structural:customer_support-contact_channel-01:sub-operations-no-last:after_penultimate_success,structural:customer_support-refund_eligibility-00:sub-operations-no-last:after_penultimate_success
qwen3-8b,structural,token_stratified_random,structural:customer_support-contact_channel-02:sub-operations-no-last:after_penultimate_success,structural:customer_support-escalation_target-02:sub-operations-no-last:after_penultimate_success
qwen3-8b,structural,token_stratified_random,structural:customer_support-contact_channel-04:sub-operations-no-last:after_penultimate_success,structural:customer_support-case_priority-02:sub-operations-no-last:after_penultimate_success
qwen3-8b,structural,token_stratified_random,structural:customer_support-escalation_target-00:sub-operations-no-last:after_penultimate_success,structural:customer_support-case_priority-02:sub-operations-no-last:after_penultimate_success
qwen3-8b,structural,token_stratified_random,structural:customer_support-escalation_target-02:sub-operations-no-last:after_penultimate_success,structural:customer_support-case_priority-03:sub-operations-no-last:after_penultimate_success
qwen3-8b,structural,token_stratified_random,structural:customer_support-escalation_target-03:sub-operations-no-last:after_penultimate_success,structural:customer_support-refund_eligibility-04:sub-operations-no-last:after_penultimate_success
qwen3-8b,structural,token_stratified_random,structural:customer_support-escalation_target-04:sub-operations-no-last:after_penultimate_success,structural:customer_support-next_action-04:sub-operations-no-last:after_penultimate_success
qwen3-8b,structural,token_stratified_random,structural:customer_support-next_action-01:sub-operations-no-last:after_penultimate_success,structural:customer_support-contact_channel-04:sub-operations-no-last:after_penultimate_success
qwen3-8b,structural,token_stratified_random,structural:customer_support-next_action-02:sub-operations-no-last:after_penultimate_success,structural:customer_support-case_owner-03:sub-operations-no-last:after_penultimate_success
qwen3-8b,structural,token_stratified_random,structural:customer_support-next_action-04:sub-operations-no-last:after_penultimate_success,structural:customer_support-escalation_target-03:sub-operations-no-last:after_penultimate_success
qwen3-8b,structural,token_stratified_random,structural:customer_support-refund_eligibility-00:sub-operations-no-last:after_penultimate_success,structural:customer_support-contact_channel-04:sub-operations-no-last:after_penultimate_success
qwen3-8b,structural,token_stratified_random,structural:customer_support-refund_eligibility-02:sub-operations-no-last:after_penultimate_success,structural:customer_support-case_priority-03:sub-operations-no-last:after_penultimate_success
qwen3-8b,structural,token_stratified_random,structural:customer_support-refund_eligibility-04:sub-operations-no-last:after_penultimate_success,structural:customer_support-escalation_target-04:sub-operations-no-last:after_penultimate_success
qwen3-8b,structural,token_stratified_random,structural:procurement_suppliers-contract_compliance-00:sub-operations-no-last:after_penultimate_success,structural:procurement_suppliers-purchase_limit-03:sub-operations-no-last:after_penultimate_success
qwen3-8b,structural,token_stratified_random,structural:procurement_suppliers-contract_compliance-03:sub-operations-no-last:after_penultimate_success,structural:procurement_suppliers-expedite_decision-03:sub-operations-no-last:after_penultimate_success
qwen3-8b,structural,token_stratified_random,structural:procurement_suppliers-contract_compliance-04:sub-operations-no-last:after_penultimate_success,structural:procurement_suppliers-supplier_eligibility-01:sub-operations-no-last:after_penultimate_success
qwen3-8b,structural,token_stratified_random,structural:procurement_suppliers-expedite_decision-00:sub-operations-no-last:after_penultimate_success,structural:procurement_suppliers-contract_compliance-00:sub-operations-no-last:after_penultimate_success
qwen3-8b,structural,token_stratified_random,structural:procurement_suppliers-expedite_decision-01:sub-operations-no-last:after_penultimate_success,structural:procurement_suppliers-receipt_variance-01:sub-operations-no-last:after_penultimate_success
qwen3-8b,structural,token_stratified_random,structural:procurement_suppliers-expedite_decision-02:sub-operations-no-last:after_penultimate_success,structural:procurement_suppliers-contract_compliance-03:sub-operations-no-last:after_penultimate_success
qwen3-8b,structural,token_stratified_random,structural:procurement_suppliers-expedite_decision-03:sub-operations-no-last:after_penultimate_success,structural:procurement_suppliers-supplier_eligibility-02:sub-operations-no-last:after_penultimate_success
qwen3-8b,structural,token_stratified_random,structural:procurement_suppliers-lead_time-00:sub-operations-no-last:after_penultimate_success,structural:procurement_suppliers-expedite_decision-00:sub-operations-no-last:after_penultimate_success
qwen3-8b,structural,token_stratified_random,structural:procurement_suppliers-lead_time-01:sub-operations-no-last:after_penultimate_success,structural:procurement_suppliers-quote_rank-03:sub-operations-no-last:after_penultimate_success
qwen3-8b,structural,token_stratified_random,structural:procurement_suppliers-lead_time-02:sub-operations-no-last:after_penultimate_success,structural:procurement_suppliers-vendor_score-03:sub-operations-no-last:after_penultimate_success
qwen3-8b,structural,token_stratified_random,structural:procurement_suppliers-purchase_limit-01:sub-operations-no-last:after_penultimate_success,structural:procurement_suppliers-vendor_score-04:sub-operations-no-last:after_penultimate_success
qwen3-8b,structural,token_stratified_random,structural:procurement_suppliers-purchase_limit-03:sub-operations-no-last:after_penultimate_success,structural:procurement_suppliers-contract_compliance-04:sub-operations-no-last:after_penultimate_success
qwen3-8b,structural,token_stratified_random,structural:procurement_suppliers-quote_rank-02:sub-operations-no-last:after_penultimate_success,structural:procurement_suppliers-vendor_score-00:sub-operations-no-last:after_penultimate_success
qwen3-8b,structural,token_stratified_random,structural:procurement_suppliers-quote_rank-03:sub-operations-no-last:after_penultimate_success,structural:procurement_suppliers-supplier_eligibility-00:sub-operations-no-last:after_penultimate_success
qwen3-8b,structural,token_stratified_random,structural:procurement_suppliers-quote_rank-04:sub-operations-no-last:after_penultimate_success,structural:procurement_suppliers-supplier_eligibility-00:sub-operations-no-last:after_penultimate_success
qwen3-8b,structural,token_stratified_random,structural:procurement_suppliers-receipt_variance-01:sub-operations-no-last:after_penultimate_success,structural:procurement_suppliers-return_authorization-02:sub-operations-no-last:after_penultimate_success
qwen3-8b,structural,token_stratified_random,structural:procurement_suppliers-return_authorization-02:sub-operations-no-last:after_penultimate_success,structural:procurement_suppliers-purchase_limit-01:sub-operations-no-last:after_penultimate_success
qwen3-8b,structural,token_stratified_random,structural:procurement_suppliers-return_authorization-03:sub-operations-no-last:after_penultimate_success,structural:procurement_suppliers-receipt_variance-01:sub-operations-no-last:after_penultimate_success
qwen3-8b,structural,token_stratified_random,structural:procurement_suppliers-supplier_eligibility-00:sub-operations-no-last:after_penultimate_success,structural:procurement_suppliers-lead_time-02:sub-operations-no-last:after_penultimate_success
qwen3-8b,structural,token_stratified_random,structural:procurement_suppliers-supplier_eligibility-01:sub-operations-no-last:after_penultimate_success,structural:procurement_suppliers-contract_compliance-00:sub-operations-no-last:after_penultimate_success
qwen3-8b,structural,token_stratified_random,structural:procurement_suppliers-supplier_eligibility-02:sub-operations-no-last:after_penultimate_success,structural:procurement_suppliers-quote_rank-04:sub-operations-no-last:after_penultimate_success
qwen3-8b,structural,token_stratified_random,structural:procurement_suppliers-supplier_eligibility-03:sub-operations-no-last:after_penultimate_success,structural:procurement_suppliers-expedite_decision-01:sub-operations-no-last:after_penultimate_success
qwen3-8b,structural,token_stratified_random,structural:procurement_suppliers-vendor_score-00:sub-operations-no-last:after_penultimate_success,structural:procurement_suppliers-lead_time-01:sub-operations-no-last:after_penultimate_success
qwen3-8b,structural,token_stratified_random,structural:procurement_suppliers-vendor_score-02:sub-operations-no-last:after_penultimate_success,structural:procurement_suppliers-quote_rank-02:sub-operations-no-last:after_penultimate_success
qwen3-8b,structural,token_stratified_random,structural:procurement_suppliers-vendor_score-03:sub-operations-no-last:after_penultimate_success,structural:procurement_suppliers-contract_compliance-04:sub-operations-no-last:after_penultimate_success
qwen3-8b,structural,token_stratified_random,structural:procurement_suppliers-vendor_score-04:sub-operations-no-last:after_penultimate_success,structural:procurement_suppliers-lead_time-01:sub-operations-no-last:after_penultimate_success
qwen3-4b,structural,same_condition_token_matched,structural:inventory_fulfillment-backorder_priority-02:sub-operations-no-last:after_penultimate_success,structural:inventory_fulfillment-transferable_units-04:sub-operations-no-last:after_penultimate_success
qwen3-4b,structural,same_condition_token_matched,structural:inventory_fulfillment-backorder_priority-04:sub-operations-no-last:after_penultimate_success,structural:inventory_fulfillment-transferable_units-04:sub-operations-no-last:after_penultimate_success
qwen3-4b,structural,same_condition_token_matched,structural:inventory_fulfillment-capacity_utilization-01:sub-operations-no-last:after_penultimate_success,structural:inventory_fulfillment-expiry_risk-02:sub-operations-no-last:after_penultimate_success
qwen3-4b,structural,same_condition_token_matched,structural:inventory_fulfillment-capacity_utilization-02:sub-operations-no-last:after_penultimate_success,structural:inventory_fulfillment-reorder_quantity-01:sub-operations-no-last:after_penultimate_success
qwen3-4b,structural,same_condition_token_matched,structural:inventory_fulfillment-capacity_utilization-03:sub-operations-no-last:after_penultimate_success,structural:inventory_fulfillment-expiry_risk-01:sub-operations-no-last:after_penultimate_success
qwen3-4b,structural,same_condition_token_matched,structural:inventory_fulfillment-capacity_utilization-04:sub-operations-no-last:after_penultimate_success,structural:inventory_fulfillment-reorder_quantity-02:sub-operations-no-last:after_penultimate_success
qwen3-4b,structural,same_condition_token_matched,structural:inventory_fulfillment-cycle_count_variance-02:sub-operations-no-last:after_penultimate_success,structural:inventory_fulfillment-capacity_utilization-04:sub-operations-no-last:after_penultimate_success
qwen3-4b,structural,same_condition_token_matched,structural:inventory_fulfillment-expiry_risk-01:sub-operations-no-last:after_penultimate_success,structural:inventory_fulfillment-capacity_utilization-02:sub-operations-no-last:after_penultimate_success
qwen3-4b,structural,same_condition_token_matched,structural:inventory_fulfillment-expiry_risk-02:sub-operations-no-last:after_penultimate_success,structural:inventory_fulfillment-reorder_quantity-01:sub-operations-no-last:after_penultimate_success
qwen3-4b,structural,same_condition_token_matched,structural:inventory_fulfillment-pick_location-01:sub-operations-no-last:after_penultimate_success,structural:inventory_fulfillment-backorder_priority-04:sub-operations-no-last:after_penultimate_success
qwen3-4b,structural,same_condition_token_matched,structural:inventory_fulfillment-pick_location-03:sub-operations-no-last:after_penultimate_success,structural:inventory_fulfillment-replenishment_source-03:sub-operations-no-last:after_penultimate_success
qwen3-4b,structural,same_condition_token_matched,structural:inventory_fulfillment-reorder_quantity-01:sub-operations-no-last:after_penultimate_success,structural:inventory_fulfillment-expiry_risk-01:sub-operations-no-last:after_penultimate_success
qwen3-4b,structural,same_condition_token_matched,structural:inventory_fulfillment-reorder_quantity-02:sub-operations-no-last:after_penultimate_success,structural:inventory_fulfillment-capacity_utilization-03:sub-operations-no-last:after_penultimate_success
qwen3-4b,structural,same_condition_token_matched,structural:inventory_fulfillment-replenishment_source-00:sub-operations-no-last:after_penultimate_success,structural:inventory_fulfillment-expiry_risk-02:sub-operations-no-last:after_penultimate_success
qwen3-4b,structural,same_condition_token_matched,structural:inventory_fulfillment-replenishment_source-02:sub-operations-no-last:after_penultimate_success,structural:inventory_fulfillment-sellable_units-00:sub-operations-no-last:after_penultimate_success
qwen3-4b,structural,same_condition_token_matched,structural:inventory_fulfillment-replenishment_source-03:sub-operations-no-last:after_penultimate_success,structural:inventory_fulfillment-pick_location-03:sub-operations-no-last:after_penultimate_success
qwen3-4b,structural,same_condition_token_matched,structural:inventory_fulfillment-replenishment_source-04:sub-operations-no-last:after_penultimate_success,structural:inventory_fulfillment-reorder_quantity-02:sub-operations-no-last:after_penultimate_success
qwen3-4b,structural,same_condition_token_matched,structural:inventory_fulfillment-sellable_units-00:sub-operations-no-last:after_penultimate_success,structural:inventory_fulfillment-capacity_utilization-01:sub-operations-no-last:after_penultimate_success
qwen3-4b,structural,same_condition_token_matched,structural:inventory_fulfillment-sellable_units-04:sub-operations-no-last:after_penultimate_success,structural:inventory_fulfillment-capacity_utilization-01:sub-operations-no-last:after_penultimate_success
qwen3-4b,structural,same_condition_token_matched,structural:inventory_fulfillment-transferable_units-04:sub-operations-no-last:after_penultimate_success,structural:inventory_fulfillment-backorder_priority-04:sub-operations-no-last:after_penultimate_success
qwen3-4b,structural,same_condition_token_matched,structural:workforce_access-access_decision-00:sub-operations-no-last:after_penultimate_success,structural:workforce_access-training_requirement-04:sub-operations-no-last:after_penultimate_success
qwen3-4b,structural,same_condition_token_matched,structural:workforce_access-access_decision-04:sub-operations-no-last:after_penultimate_success,structural:workforce_access-training_requirement-04:sub-operations-no-last:after_penultimate_success
qwen3-4b,structural,same_condition_token_matched,structural:workforce_access-badge_expiry-00:sub-operations-no-last:after_penultimate_success,structural:workforce_access-leave_balance-01:sub-operations-no-last:after_penultimate_success
qwen3-4b,structural,same_condition_token_matched,structural:workforce_access-badge_expiry-01:sub-operations-no-last:after_penultimate_success,structural:workforce_access-leave_balance-04:sub-operations-no-last:after_penultimate_success
qwen3-4b,structural,same_condition_token_matched,structural:workforce_access-badge_expiry-02:sub-operations-no-last:after_penultimate_success,structural:workforce_access-oncall_assignment-00:sub-operations-no-last:after_penultimate_success
qwen3-4b,structural,same_condition_token_matched,structural:workforce_access-badge_expiry-03:sub-operations-no-last:after_penultimate_success,structural:workforce_access-leave_balance-02:sub-operations-no-last:after_penultimate_success
qwen3-4b,structural,same_condition_token_matched,structural:workforce_access-badge_expiry-04:sub-operations-no-last:after_penultimate_success,structural:workforce_access-leave_balance-00:sub-operations-no-last:after_penultimate_success
qwen3-4b,structural,same_condition_token_matched,structural:workforce_access-delegation_scope-03:sub-operations-no-last:after_penultimate_success,structural:workforce_access-shift_eligibility-04:sub-operations-no-last:after_penultimate_success
qwen3-4b,structural,same_condition_token_matched,structural:workforce_access-leave_balance-00:sub-operations-no-last:after_penultimate_success,structural:workforce_access-training_requirement-02:sub-operations-no-last:after_penultimate_success
qwen3-4b,structural,same_condition_token_matched,structural:workforce_access-leave_balance-01:sub-operations-no-last:after_penultimate_success,structural:workforce_access-training_requirement-02:sub-operations-no-last:after_penultimate_success
qwen3-4b,structural,same_condition_token_matched,structural:workforce_access-leave_balance-02:sub-operations-no-last:after_penultimate_success,structural:workforce_access-badge_expiry-03:sub-operations-no-last:after_penultimate_success
qwen3-4b,structural,same_condition_token_matched,structural:workforce_access-leave_balance-03:sub-operations-no-last:after_penultimate_success,structural:workforce_access-badge_expiry-04:sub-operations-no-last:after_penultimate_success
qwen3-4b,structural,same_condition_token_matched,structural:workforce_access-leave_balance-04:sub-operations-no-last:after_penultimate_success,structural:workforce_access-badge_expiry-01:sub-operations-no-last:after_penultimate_success
qwen3-4b,structural,same_condition_token_matched,structural:workforce_access-offboarding_actions-01:sub-operations-no-last:after_penultimate_success,structural:workforce_access-oncall_assignment-02:sub-operations-no-last:after_penultimate_success
qwen3-4b,structural,same_condition_token_matched,structural:workforce_access-offboarding_actions-04:sub-operations-no-last:after_penultimate_success,structural:workforce_access-oncall_assignment-00:sub-operations-no-last:after_penultimate_success
qwen3-4b,structural,same_condition_token_matched,structural:workforce_access-oncall_assignment-00:sub-operations-no-last:after_penultimate_success,structural:workforce_access-badge_expiry-02:sub-operations-no-last:after_penultimate_success
qwen3-4b,structural,same_condition_token_matched,structural:workforce_access-oncall_assignment-01:sub-operations-no-last:after_penultimate_success,structural:workforce_access-training_requirement-03:sub-operations-no-last:after_penultimate_success
qwen3-4b,structural,same_condition_token_matched,structural:workforce_access-oncall_assignment-02:sub-operations-no-last:after_penultimate_success,structural:workforce_access-offboarding_actions-01:sub-operations-no-last:after_penultimate_success
qwen3-4b,structural,same_condition_token_matched,structural:workforce_access-oncall_assignment-03:sub-operations-no-last:after_penultimate_success,structural:workforce_access-leave_balance-02:sub-operations-no-last:after_penultimate_success
qwen3-4b,structural,same_condition_token_matched,structural:workforce_access-role_assignment-00:sub-operations-no-last:after_penultimate_success,structural:workforce_access-access_decision-00:sub-operations-no-last:after_penultimate_success
qwen3-4b,structural,same_condition_token_matched,structural:workforce_access-role_assignment-01:sub-operations-no-last:after_penultimate_success,structural:workforce_access-access_decision-04:sub-operations-no-last:after_penultimate_success
qwen3-4b,structural,same_condition_token_matched,structural:workforce_access-role_assignment-04:sub-operations-no-last:after_penultimate_success,structural:workforce_access-access_decision-00:sub-operations-no-last:after_penultimate_success
qwen3-4b,structural,same_condition_token_matched,structural:workforce_access-shift_eligibility-00:sub-operations-no-last:after_penultimate_success,structural:workforce_access-oncall_assignment-02:sub-operations-no-last:after_penultimate_success
qwen3-4b,structural,same_condition_token_matched,structural:workforce_access-shift_eligibility-01:sub-operations-no-last:after_penultimate_success,structural:workforce_access-offboarding_actions-01:sub-operations-no-last:after_penultimate_success
qwen3-4b,structural,same_condition_token_matched,structural:workforce_access-shift_eligibility-03:sub-operations-no-last:after_penultimate_success,structural:workforce_access-badge_expiry-01:sub-operations-no-last:after_penultimate_success
qwen3-4b,structural,same_condition_token_matched,structural:workforce_access-shift_eligibility-04:sub-operations-no-last:after_penultimate_success,structural:workforce_access-delegation_scope-03:sub-operations-no-last:after_penultimate_success
qwen3-4b,structural,same_condition_token_matched,structural:workforce_access-training_requirement-02:sub-operations-no-last:after_penultimate_success,structural:workforce_access-oncall_assignment-01:sub-operations-no-last:after_penultimate_success
qwen3-4b,structural,same_condition_token_matched,structural:workforce_access-training_requirement-03:sub-operations-no-last:after_penultimate_success,structural:workforce_access-oncall_assignment-01:sub-operations-no-last:after_penultimate_success
qwen3-4b,structural,same_condition_token_matched,structural:workforce_access-training_requirement-04:sub-operations-no-last:after_penultimate_success,structural:workforce_access-access_decision-04:sub-operations-no-last:after_penultimate_success
qwen3-4b,structural,same_condition_token_matched,structural:compliance_audit-audit_sample-00:sub-operations-no-last:after_penultimate_success,structural:compliance_audit-exception_expiry-02:sub-operations-no-last:after_penultimate_success
qwen3-4b,structural,same_condition_token_matched,structural:compliance_audit-audit_sample-02:sub-operations-no-last:after_penultimate_success,structural:compliance_audit-risk_rating-04:sub-operations-no-last:after_penultimate_success
qwen3-4b,structural,same_condition_token_matched,structural:compliance_audit-audit_sample-03:sub-operations-no-last:after_penultimate_success,structural:compliance_audit-exception_expiry-03:sub-operations-no-last:after_penultimate_success
qwen3-4b,structural,same_condition_token_matched,structural:compliance_audit-evidence_completeness-00:sub-operations-no-last:after_penultimate_success,structural:compliance_audit-remediation_owner-02:sub-operations-no-last:after_penultimate_success
qwen3-4b,structural,same_condition_token_matched,structural:compliance_audit-evidence_completeness-01:sub-operations-no-last:after_penultimate_success,structural:compliance_audit-filing_readiness-00:sub-operations-no-last:after_penultimate_success
qwen3-4b,structural,same_condition_token_matched,structural:compliance_audit-evidence_completeness-04:sub-operations-no-last:after_penultimate_success,structural:compliance_audit-remediation_owner-02:sub-operations-no-last:after_penultimate_success
qwen3-4b,structural,same_condition_token_matched,structural:compliance_audit-exception_expiry-01:sub-operations-no-last:after_penultimate_success,structural:compliance_audit-audit_sample-00:sub-operations-no-last:after_penultimate_success
qwen3-4b,structural,same_condition_token_matched,structural:compliance_audit-exception_expiry-02:sub-operations-no-last:after_penultimate_success,structural:compliance_audit-audit_sample-00:sub-operations-no-last:after_penultimate_success
qwen3-4b,structural,same_condition_token_matched,structural:compliance_audit-exception_expiry-03:sub-operations-no-last:after_penultimate_success,structural:compliance_audit-audit_sample-03:sub-operations-no-last:after_penultimate_success
qwen3-4b,structural,same_condition_token_matched,structural:compliance_audit-exception_expiry-04:sub-operations-no-last:after_penultimate_success,structural:compliance_audit-audit_sample-03:sub-operations-no-last:after_penultimate_success
qwen3-4b,structural,same_condition_token_matched,structural:compliance_audit-filing_readiness-00:sub-operations-no-last:after_penultimate_success,structural:compliance_audit-remediation_owner-04:sub-operations-no-last:after_penultimate_success
qwen3-4b,structural,same_condition_token_matched,structural:compliance_audit-filing_readiness-01:sub-operations-no-last:after_penultimate_success,structural:compliance_audit-retention_deadline-02:sub-operations-no-last:after_penultimate_success
qwen3-4b,structural,same_condition_token_matched,structural:compliance_audit-filing_readiness-03:sub-operations-no-last:after_penultimate_success,structural:compliance_audit-remediation_owner-04:sub-operations-no-last:after_penultimate_success
qwen3-4b,structural,same_condition_token_matched,structural:compliance_audit-filing_readiness-04:sub-operations-no-last:after_penultimate_success,structural:compliance_audit-retention_deadline-02:sub-operations-no-last:after_penultimate_success
qwen3-4b,structural,same_condition_token_matched,structural:compliance_audit-policy_applicability-02:sub-operations-no-last:after_penultimate_success,structural:compliance_audit-risk_rating-01:sub-operations-no-last:after_penultimate_success
qwen3-4b,structural,same_condition_token_matched,structural:compliance_audit-policy_applicability-03:sub-operations-no-last:after_penultimate_success,structural:compliance_audit-remediation_owner-00:sub-operations-no-last:after_penultimate_success
qwen3-4b,structural,same_condition_token_matched,structural:compliance_audit-remediation_owner-00:sub-operations-no-last:after_penultimate_success,structural:compliance_audit-policy_applicability-03:sub-operations-no-last:after_penultimate_success
qwen3-4b,structural,same_condition_token_matched,structural:compliance_audit-remediation_owner-02:sub-operations-no-last:after_penultimate_success,structural:compliance_audit-filing_readiness-03:sub-operations-no-last:after_penultimate_success
qwen3-4b,structural,same_condition_token_matched,structural:compliance_audit-remediation_owner-04:sub-operations-no-last:after_penultimate_success,structural:compliance_audit-filing_readiness-03:sub-operations-no-last:after_penultimate_success
qwen3-4b,structural,same_condition_token_matched,structural:compliance_audit-retention_deadline-01:sub-operations-no-last:after_penultimate_success,structural:compliance_audit-risk_rating-01:sub-operations-no-last:after_penultimate_success
qwen3-4b,structural,same_condition_token_matched,structural:compliance_audit-retention_deadline-02:sub-operations-no-last:after_penultimate_success,structural:compliance_audit-filing_readiness-04:sub-operations-no-last:after_penultimate_success
qwen3-4b,structural,same_condition_token_matched,structural:compliance_audit-retention_deadline-03:sub-operations-no-last:after_penultimate_success,structural:compliance_audit-policy_applicability-03:sub-operations-no-last:after_penultimate_success
qwen3-4b,structural,same_condition_token_matched,structural:compliance_audit-retention_deadline-04:sub-operations-no-last:after_penultimate_success,structural:compliance_audit-risk_rating-03:sub-operations-no-last:after_penultimate_success
qwen3-4b,structural,same_condition_token_matched,structural:compliance_audit-risk_rating-00:sub-operations-no-last:after_penultimate_success,structural:compliance_audit-audit_sample-02:sub-operations-no-last:after_penultimate_success
qwen3-4b,structural,same_condition_token_matched,structural:compliance_audit-risk_rating-01:sub-operations-no-last:after_penultimate_success,structural:compliance_audit-policy_applicability-02:sub-operations-no-last:after_penultimate_success
qwen3-4b,structural,same_condition_token_matched,structural:compliance_audit-risk_rating-02:sub-operations-no-last:after_penultimate_success,structural:compliance_audit-retention_deadline-01:sub-operations-no-last:after_penultimate_success
qwen3-4b,structural,same_condition_token_matched,structural:compliance_audit-risk_rating-03:sub-operations-no-last:after_penultimate_success,structural:compliance_audit-exception_expiry-01:sub-operations-no-last:after_penultimate_success
qwen3-4b,structural,same_condition_token_matched,structural:compliance_audit-risk_rating-04:sub-operations-no-last:after_penultimate_success,structural:compliance_audit-audit_sample-02:sub-operations-no-last:after_penultimate_success
qwen3-4b,structural,same_condition_token_matched,structural:compliance_audit-segregation_conflict-00:sub-operations-no-last:after_penultimate_success,structural:compliance_audit-filing_readiness-00:sub-operations-no-last:after_penultimate_success
qwen3-4b,structural,same_condition_token_matched,structural:compliance_audit-segregation_conflict-01:sub-operations-no-last:after_penultimate_success,structural:compliance_audit-retention_deadline-03:sub-operations-no-last:after_penultimate_success
qwen3-4b,structural,same_condition_token_matched,structural:compliance_audit-segregation_conflict-02:sub-operations-no-last:after_penultimate_success,structural:compliance_audit-retention_deadline-03:sub-operations-no-last:after_penultimate_success
qwen3-4b,structural,same_condition_token_matched,structural:compliance_audit-segregation_conflict-04:sub-operations-no-last:after_penultimate_success,structural:compliance_audit-filing_readiness-01:sub-operations-no-last:after_penultimate_success
qwen3-4b,structural,same_condition_token_matched,structural:finance_ledger-available_balance-01:sub-operations-no-last:after_penultimate_success,structural:finance_ledger-transaction_fee-01:sub-operations-no-last:after_penultimate_success
qwen3-4b,structural,same_condition_token_matched,structural:finance_ledger-book_balance-00:sub-operations-no-last:after_penultimate_success,structural:finance_ledger-reconciliation_status-04:sub-operations-no-last:after_penultimate_success
qwen3-4b,structural,same_condition_token_matched,structural:finance_ledger-book_balance-02:sub-operations-no-last:after_penultimate_success,structural:finance_ledger-budget_variance-01:sub-operations-no-last:after_penultimate_success
qwen3-4b,structural,same_condition_token_matched,structural:finance_ledger-book_balance-03:sub-operations-no-last:after_penultimate_success,structural:finance_ledger-fx_settlement-04:sub-operations-no-last:after_penultimate_success
qwen3-4b,structural,same_condition_token_matched,structural:finance_ledger-budget_variance-00:sub-operations-no-last:after_penultimate_success,structural:finance_ledger-transaction_fee-00:sub-operations-no-last:after_penultimate_success
qwen3-4b,structural,same_condition_token_matched,structural:finance_ledger-budget_variance-01:sub-operations-no-last:after_penultimate_success,structural:finance_ledger-book_balance-02:sub-operations-no-last:after_penultimate_success
qwen3-4b,structural,same_condition_token_matched,structural:finance_ledger-budget_variance-03:sub-operations-no-last:after_penultimate_success,structural:finance_ledger-tax_basis-00:sub-operations-no-last:after_penultimate_success
qwen3-4b,structural,same_condition_token_matched,structural:finance_ledger-budget_variance-04:sub-operations-no-last:after_penultimate_success,structural:finance_ledger-tax_basis-00:sub-operations-no-last:after_penultimate_success
qwen3-4b,structural,same_condition_token_matched,structural:finance_ledger-fx_settlement-00:sub-operations-no-last:after_penultimate_success,structural:finance_ledger-book_balance-00:sub-operations-no-last:after_penultimate_success
qwen3-4b,structural,same_condition_token_matched,structural:finance_ledger-fx_settlement-01:sub-operations-no-last:after_penultimate_success,structural:finance_ledger-book_balance-03:sub-operations-no-last:after_penultimate_success
qwen3-4b,structural,same_condition_token_matched,structural:finance_ledger-fx_settlement-03:sub-operations-no-last:after_penultimate_success,structural:finance_ledger-book_balance-03:sub-operations-no-last:after_penultimate_success
qwen3-4b,structural,same_condition_token_matched,structural:finance_ledger-fx_settlement-04:sub-operations-no-last:after_penultimate_success,structural:finance_ledger-book_balance-00:sub-operations-no-last:after_penultimate_success
qwen3-4b,structural,same_condition_token_matched,structural:finance_ledger-reconciliation_status-04:sub-operations-no-last:after_penultimate_success,structural:finance_ledger-book_balance-02:sub-operations-no-last:after_penultimate_success
qwen3-4b,structural,same_condition_token_matched,structural:finance_ledger-tax_basis-00:sub-operations-no-last:after_penultimate_success,structural:finance_ledger-budget_variance-04:sub-operations-no-last:after_penultimate_success
qwen3-4b,structural,same_condition_token_matched,structural:finance_ledger-transaction_fee-00:sub-operations-no-last:after_penultimate_success,structural:finance_ledger-budget_variance-04:sub-operations-no-last:after_penultimate_success
qwen3-4b,structural,same_condition_token_matched,structural:finance_ledger-transaction_fee-01:sub-operations-no-last:after_penultimate_success,structural:finance_ledger-available_balance-01:sub-operations-no-last:after_penultimate_success
qwen3-4b,structural,same_condition_token_matched,structural:finance_ledger-transaction_fee-03:sub-operations-no-last:after_penultimate_success,structural:finance_ledger-budget_variance-00:sub-operations-no-last:after_penultimate_success
qwen3-4b,structural,same_condition_token_matched,structural:finance_ledger-transaction_fee-04:sub-operations-no-last:after_penultimate_success,structural:finance_ledger-budget_variance-00:sub-operations-no-last:after_penultimate_success
qwen3-4b,structural,same_condition_token_matched,structural:contracts_documents-amendment_impact-00:sub-operations-no-last:after_penultimate_success,structural:contracts_documents-effective_clause-00:sub-operations-no-last:after_penultimate_success
qwen3-4b,structural,same_condition_token_matched,structural:contracts_documents-amendment_impact-01:sub-operations-no-last:after_penultimate_success,structural:contracts_documents-effective_clause-01:sub-operations-no-last:after_penultimate_success
qwen3-4b,structural,same_condition_token_matched,structural:contracts_documents-amendment_impact-02:sub-operations-no-last:after_penultimate_success,structural:contracts_documents-effective_clause-01:sub-operations-no-last:after_penultimate_success
qwen3-4b,structural,same_condition_token_matched,structural:contracts_documents-amendment_impact-03:sub-operations-no-last:after_penultimate_success,structural:contracts_documents-effective_clause-02:sub-operations-no-last:after_penultimate_success
qwen3-4b,structural,same_condition_token_matched,structural:contracts_documents-amendment_impact-04:sub-operations-no-last:after_penultimate_success,structural:contracts_documents-effective_clause-02:sub-operations-no-last:after_penultimate_success
qwen3-4b,structural,same_condition_token_matched,structural:contracts_documents-citation_target-00:sub-operations-no-last:after_penultimate_success,structural:contracts_documents-section_summary-01:sub-operations-no-last:after_penultimate_success
qwen3-4b,structural,same_condition_token_matched,structural:contracts_documents-citation_target-01:sub-operations-no-last:after_penultimate_success,structural:contracts_documents-section_summary-01:sub-operations-no-last:after_penultimate_success
qwen3-4b,structural,same_condition_token_matched,structural:contracts_documents-citation_target-03:sub-operations-no-last:after_penultimate_success,structural:contracts_documents-retention_class-00:sub-operations-no-last:after_penultimate_success
qwen3-4b,structural,same_condition_token_matched,structural:contracts_documents-citation_target-04:sub-operations-no-last:after_penultimate_success,structural:contracts_documents-section_summary-02:sub-operations-no-last:after_penultimate_success
qwen3-4b,structural,same_condition_token_matched,structural:contracts_documents-contract_deadline-00:sub-operations-no-last:after_penultimate_success,structural:contracts_documents-retention_class-02:sub-operations-no-last:after_penultimate_success
qwen3-4b,structural,same_condition_token_matched,structural:contracts_documents-contract_deadline-02:sub-operations-no-last:after_penultimate_success,structural:contracts_documents-citation_target-04:sub-operations-no-last:after_penultimate_success
qwen3-4b,structural,same_condition_token_matched,structural:contracts_documents-contract_deadline-04:sub-operations-no-last:after_penultimate_success,structural:contracts_documents-latest_version-03:sub-operations-no-last:after_penultimate_success
qwen3-4b,structural,same_condition_token_matched,structural:contracts_documents-effective_clause-00:sub-operations-no-last:after_penultimate_success,structural:contracts_documents-contract_deadline-02:sub-operations-no-last:after_penultimate_success
qwen3-4b,structural,same_condition_token_matched,structural:contracts_documents-effective_clause-01:sub-operations-no-last:after_penultimate_success,structural:contracts_documents-contract_deadline-04:sub-operations-no-last:after_penultimate_success
qwen3-4b,structural,same_condition_token_matched,structural:contracts_documents-effective_clause-02:sub-operations-no-last:after_penultimate_success,structural:contracts_documents-contract_deadline-00:sub-operations-no-last:after_penultimate_success
qwen3-4b,structural,same_condition_token_matched,structural:contracts_documents-effective_clause-04:sub-operations-no-last:after_penultimate_success,structural:contracts_documents-contract_deadline-00:sub-operations-no-last:after_penultimate_success
qwen3-4b,structural,same_condition_token_matched,structural:contracts_documents-latest_version-01:sub-operations-no-last:after_penultimate_success,structural:contracts_documents-retention_class-04:sub-operations-no-last:after_penultimate_success
qwen3-4b,structural,same_condition_token_matched,structural:contracts_documents-latest_version-03:sub-operations-no-last:after_penultimate_success,structural:contracts_documents-signature_status-04:sub-operations-no-last:after_penultimate_success
qwen3-4b,structural,same_condition_token_matched,structural:contracts_documents-latest_version-04:sub-operations-no-last:after_penultimate_success,structural:contracts_documents-signature_status-04:sub-operations-no-last:after_penultimate_success
qwen3-4b,structural,same_condition_token_matched,structural:contracts_documents-obligation_owner-02:sub-operations-no-last:after_penultimate_success,structural:contracts_documents-retention_class-00:sub-operations-no-last:after_penultimate_success
qwen3-4b,structural,same_condition_token_matched,structural:contracts_documents-obligation_owner-04:sub-operations-no-last:after_penultimate_success,structural:contracts_documents-citation_target-03:sub-operations-no-last:after_penultimate_success
qwen3-4b,structural,same_condition_token_matched,structural:contracts_documents-retention_class-00:sub-operations-no-last:after_penultimate_success,structural:contracts_documents-citation_target-03:sub-operations-no-last:after_penultimate_success
qwen3-4b,structural,same_condition_token_matched,structural:contracts_documents-retention_class-02:sub-operations-no-last:after_penultimate_success,structural:contracts_documents-section_summary-04:sub-operations-no-last:after_penultimate_success
qwen3-4b,structural,same_condition_token_matched,structural:contracts_documents-retention_class-03:sub-operations-no-last:after_penultimate_success,structural:contracts_documents-section_summary-03:sub-operations-no-last:after_penultimate_success
qwen3-4b,structural,same_condition_token_matched,structural:contracts_documents-retention_class-04:sub-operations-no-last:after_penultimate_success,structural:contracts_documents-section_summary-03:sub-operations-no-last:after_penultimate_success
qwen3-4b,structural,same_condition_token_matched,structural:contracts_documents-section_summary-01:sub-operations-no-last:after_penultimate_success,structural:contracts_documents-citation_target-01:sub-operations-no-last:after_penultimate_success
qwen3-4b,structural,same_condition_token_matched,structural:contracts_documents-section_summary-02:sub-operations-no-last:after_penultimate_success,structural:contracts_documents-citation_target-04:sub-operations-no-last:after_penultimate_success
qwen3-4b,structural,same_condition_token_matched,structural:contracts_documents-section_summary-03:sub-operations-no-last:after_penultimate_success,structural:contracts_documents-retention_class-04:sub-operations-no-last:after_penultimate_success
qwen3-4b,structural,same_condition_token_matched,structural:contracts_documents-section_summary-04:sub-operations-no-last:after_penultimate_success,structural:contracts_documents-retention_class-02:sub-operations-no-last:after_penultimate_success
qwen3-4b,structural,same_condition_token_matched,structural:contracts_documents-signature_status-00:sub-operations-no-last:after_penultimate_success,structural:contracts_documents-section_summary-04:sub-operations-no-last:after_penultimate_success
qwen3-4b,structural,same_condition_token_matched,structural:contracts_documents-signature_status-03:sub-operations-no-last:after_penultimate_success,structural:contracts_documents-latest_version-04:sub-operations-no-last:after_penultimate_success
qwen3-4b,structural,same_condition_token_matched,structural:contracts_documents-signature_status-04:sub-operations-no-last:after_penultimate_success,structural:contracts_documents-latest_version-03:sub-operations-no-last:after_penultimate_success
qwen3-4b,structural,same_condition_token_matched,structural:pricing_billing-currency_amount-00:sub-operations-no-last:after_penultimate_success,structural:pricing_billing-margin_floor-01:sub-operations-no-last:after_penultimate_success
qwen3-4b,structural,same_condition_token_matched,structural:pricing_billing-currency_amount-04:sub-operations-no-last:after_penultimate_success,structural:pricing_billing-promotional_price-00:sub-operations-no-last:after_penultimate_success
qwen3-4b,structural,same_condition_token_matched,structural:pricing_billing-margin_floor-01:sub-operations-no-last:after_penultimate_success,structural:pricing_billing-currency_amount-00:sub-operations-no-last:after_penultimate_success
qwen3-4b,structural,same_condition_token_matched,structural:pricing_billing-order_total-01:sub-operations-no-last:after_penultimate_success,structural:pricing_billing-shipping_charge-04:sub-operations-no-last:after_penultimate_success
qwen3-4b,structural,same_condition_token_matched,structural:pricing_billing-promotional_price-00:sub-operations-no-last:after_penultimate_success,structural:pricing_billing-currency_amount-04:sub-operations-no-last:after_penultimate_success
qwen3-4b,structural,same_condition_token_matched,structural:pricing_billing-promotional_price-02:sub-operations-no-last:after_penultimate_success,structural:pricing_billing-currency_amount-04:sub-operations-no-last:after_penultimate_success
qwen3-4b,structural,same_condition_token_matched,structural:pricing_billing-shipping_charge-00:sub-operations-no-last:after_penultimate_success,structural:pricing_billing-tax_amount-00:sub-operations-no-last:after_penultimate_success
qwen3-4b,structural,same_condition_token_matched,structural:pricing_billing-shipping_charge-01:sub-operations-no-last:after_penultimate_success,structural:pricing_billing-currency_amount-00:sub-operations-no-last:after_penultimate_success
qwen3-4b,structural,same_condition_token_matched,structural:pricing_billing-shipping_charge-02:sub-operations-no-last:after_penultimate_success,structural:pricing_billing-tax_amount-03:sub-operations-no-last:after_penultimate_success
qwen3-4b,structural,same_condition_token_matched,structural:pricing_billing-shipping_charge-03:sub-operations-no-last:after_penultimate_success,structural:pricing_billing-margin_floor-01:sub-operations-no-last:after_penultimate_success
qwen3-4b,structural,same_condition_token_matched,structural:pricing_billing-shipping_charge-04:sub-operations-no-last:after_penultimate_success,structural:pricing_billing-tax_amount-00:sub-operations-no-last:after_penultimate_success
qwen3-4b,structural,same_condition_token_matched,structural:pricing_billing-tax_amount-00:sub-operations-no-last:after_penultimate_success,structural:pricing_billing-shipping_charge-00:sub-operations-no-last:after_penultimate_success
qwen3-4b,structural,same_condition_token_matched,structural:pricing_billing-tax_amount-03:sub-operations-no-last:after_penultimate_success,structural:pricing_billing-shipping_charge-02:sub-operations-no-last:after_penultimate_success
qwen3-4b,structural,same_condition_token_matched,structural:customer_support-case_owner-03:sub-operations-no-last:after_penultimate_success,structural:customer_support-case_priority-02:sub-operations-no-last:after_penultimate_success
qwen3-4b,structural,same_condition_token_matched,structural:customer_support-case_priority-02:sub-operations-no-last:after_penultimate_success,structural:customer_support-next_action-02:sub-operations-no-last:after_penultimate_success
qwen3-4b,structural,same_condition_token_matched,structural:customer_support-case_priority-03:sub-operations-no-last:after_penultimate_success,structural:customer_support-next_action-02:sub-operations-no-last:after_penultimate_success
qwen3-4b,structural,same_condition_token_matched,structural:customer_support-contact_channel-01:sub-operations-no-last:after_penultimate_success,structural:customer_support-next_action-04:sub-operations-no-last:after_penultimate_success
qwen3-4b,structural,same_condition_token_matched,structural:customer_support-contact_channel-02:sub-operations-no-last:after_penultimate_success,structural:customer_support-next_action-01:sub-operations-no-last:after_penultimate_success
qwen3-4b,structural,same_condition_token_matched,structural:customer_support-contact_channel-04:sub-operations-no-last:after_penultimate_success,structural:customer_support-next_action-04:sub-operations-no-last:after_penultimate_success
qwen3-4b,structural,same_condition_token_matched,structural:customer_support-escalation_target-00:sub-operations-no-last:after_penultimate_success,structural:customer_support-case_priority-02:sub-operations-no-last:after_penultimate_success
qwen3-4b,structural,same_condition_token_matched,structural:customer_support-escalation_target-02:sub-operations-no-last:after_penultimate_success,structural:customer_support-refund_eligibility-04:sub-operations-no-last:after_penultimate_success
qwen3-4b,structural,same_condition_token_matched,structural:customer_support-escalation_target-03:sub-operations-no-last:after_penultimate_success,structural:customer_support-refund_eligibility-04:sub-operations-no-last:after_penultimate_success
qwen3-4b,structural,same_condition_token_matched,structural:customer_support-escalation_target-04:sub-operations-no-last:after_penultimate_success,structural:customer_support-refund_eligibility-00:sub-operations-no-last:after_penultimate_success
qwen3-4b,structural,same_condition_token_matched,structural:customer_support-next_action-01:sub-operations-no-last:after_penultimate_success,structural:customer_support-case_priority-03:sub-operations-no-last:after_penultimate_success
qwen3-4b,structural,same_condition_token_matched,structural:customer_support-next_action-02:sub-operations-no-last:after_penultimate_success,structural:customer_support-case_priority-03:sub-operations-no-last:after_penultimate_success
qwen3-4b,structural,same_condition_token_matched,structural:customer_support-next_action-04:sub-operations-no-last:after_penultimate_success,structural:customer_support-contact_channel-02:sub-operations-no-last:after_penultimate_success
qwen3-4b,structural,same_condition_token_matched,structural:customer_support-refund_eligibility-00:sub-operations-no-last:after_penultimate_success,structural:customer_support-escalation_target-03:sub-operations-no-last:after_penultimate_success
qwen3-4b,structural,same_condition_token_matched,structural:customer_support-refund_eligibility-02:sub-operations-no-last:after_penultimate_success,structural:customer_support-escalation_target-03:sub-operations-no-last:after_penultimate_success
qwen3-4b,structural,same_condition_token_matched,structural:customer_support-refund_eligibility-04:sub-operations-no-last:after_penultimate_success,structural:customer_support-escalation_target-04:sub-operations-no-last:after_penultimate_success
qwen3-4b,structural,same_condition_token_matched,structural:procurement_suppliers-contract_compliance-00:sub-operations-no-last:after_penultimate_success,structural:procurement_suppliers-supplier_eligibility-02:sub-operations-no-last:after_penultimate_success
qwen3-4b,structural,same_condition_token_matched,structural:procurement_suppliers-contract_compliance-03:sub-operations-no-last:after_penultimate_success,structural:procurement_suppliers-purchase_limit-03:sub-operations-no-last:after_penultimate_success
qwen3-4b,structural,same_condition_token_matched,structural:procurement_suppliers-contract_compliance-04:sub-operations-no-last:after_penultimate_success,structural:procurement_suppliers-purchase_limit-03:sub-operations-no-last:after_penultimate_success
qwen3-4b,structural,same_condition_token_matched,structural:procurement_suppliers-expedite_decision-00:sub-operations-no-last:after_penultimate_success,structural:procurement_suppliers-supplier_eligibility-02:sub-operations-no-last:after_penultimate_success
qwen3-4b,structural,same_condition_token_matched,structural:procurement_suppliers-expedite_decision-01:sub-operations-no-last:after_penultimate_success,structural:procurement_suppliers-contract_compliance-03:sub-operations-no-last:after_penultimate_success
qwen3-4b,structural,same_condition_token_matched,structural:procurement_suppliers-expedite_decision-02:sub-operations-no-last:after_penultimate_success,structural:procurement_suppliers-contract_compliance-03:sub-operations-no-last:after_penultimate_success
qwen3-4b,structural,same_condition_token_matched,structural:procurement_suppliers-expedite_decision-03:sub-operations-no-last:after_penultimate_success,structural:procurement_suppliers-supplier_eligibility-01:sub-operations-no-last:after_penultimate_success
qwen3-4b,structural,same_condition_token_matched,structural:procurement_suppliers-lead_time-00:sub-operations-no-last:after_penultimate_success,structural:procurement_suppliers-vendor_score-00:sub-operations-no-last:after_penultimate_success
qwen3-4b,structural,same_condition_token_matched,structural:procurement_suppliers-lead_time-01:sub-operations-no-last:after_penultimate_success,structural:procurement_suppliers-supplier_eligibility-00:sub-operations-no-last:after_penultimate_success
qwen3-4b,structural,same_condition_token_matched,structural:procurement_suppliers-lead_time-02:sub-operations-no-last:after_penultimate_success,structural:procurement_suppliers-vendor_score-02:sub-operations-no-last:after_penultimate_success
qwen3-4b,structural,same_condition_token_matched,structural:procurement_suppliers-purchase_limit-01:sub-operations-no-last:after_penultimate_success,structural:procurement_suppliers-contract_compliance-04:sub-operations-no-last:after_penultimate_success
qwen3-4b,structural,same_condition_token_matched,structural:procurement_suppliers-purchase_limit-03:sub-operations-no-last:after_penultimate_success,structural:procurement_suppliers-contract_compliance-04:sub-operations-no-last:after_penultimate_success
qwen3-4b,structural,same_condition_token_matched,structural:procurement_suppliers-quote_rank-02:sub-operations-no-last:after_penultimate_success,structural:procurement_suppliers-receipt_variance-01:sub-operations-no-last:after_penultimate_success
qwen3-4b,structural,same_condition_token_matched,structural:procurement_suppliers-quote_rank-03:sub-operations-no-last:after_penultimate_success,structural:procurement_suppliers-return_authorization-02:sub-operations-no-last:after_penultimate_success
qwen3-4b,structural,same_condition_token_matched,structural:procurement_suppliers-quote_rank-04:sub-operations-no-last:after_penultimate_success,structural:procurement_suppliers-receipt_variance-01:sub-operations-no-last:after_penultimate_success
qwen3-4b,structural,same_condition_token_matched,structural:procurement_suppliers-receipt_variance-01:sub-operations-no-last:after_penultimate_success,structural:procurement_suppliers-quote_rank-02:sub-operations-no-last:after_penultimate_success
qwen3-4b,structural,same_condition_token_matched,structural:procurement_suppliers-return_authorization-02:sub-operations-no-last:after_penultimate_success,structural:procurement_suppliers-quote_rank-03:sub-operations-no-last:after_penultimate_success
qwen3-4b,structural,same_condition_token_matched,structural:procurement_suppliers-return_authorization-03:sub-operations-no-last:after_penultimate_success,structural:procurement_suppliers-quote_rank-03:sub-operations-no-last:after_penultimate_success
qwen3-4b,structural,same_condition_token_matched,structural:procurement_suppliers-supplier_eligibility-00:sub-operations-no-last:after_penultimate_success,structural:procurement_suppliers-lead_time-01:sub-operations-no-last:after_penultimate_success
qwen3-4b,structural,same_condition_token_matched,structural:procurement_suppliers-supplier_eligibility-01:sub-operations-no-last:after_penultimate_success,structural:procurement_suppliers-expedite_decision-03:sub-operations-no-last:after_penultimate_success
qwen3-4b,structural,same_condition_token_matched,structural:procurement_suppliers-supplier_eligibility-02:sub-operations-no-last:after_penultimate_success,structural:procurement_suppliers-contract_compliance-00:sub-operations-no-last:after_penultimate_success
qwen3-4b,structural,same_condition_token_matched,structural:procurement_suppliers-supplier_eligibility-03:sub-operations-no-last:after_penultimate_success,structural:procurement_suppliers-contract_compliance-00:sub-operations-no-last:after_penultimate_success
qwen3-4b,structural,same_condition_token_matched,structural:procurement_suppliers-vendor_score-00:sub-operations-no-last:after_penultimate_success,structural:procurement_suppliers-lead_time-00:sub-operations-no-last:after_penultimate_success
qwen3-4b,structural,same_condition_token_matched,structural:procurement_suppliers-vendor_score-02:sub-operations-no-last:after_penultimate_success,structural:procurement_suppliers-lead_time-02:sub-operations-no-last:after_penultimate_success
qwen3-4b,structural,same_condition_token_matched,structural:procurement_suppliers-vendor_score-03:sub-operations-no-last:after_penultimate_success,structural:procurement_suppliers-lead_time-00:sub-operations-no-last:after_penultimate_success
qwen3-4b,structural,same_condition_token_matched,structural:procurement_suppliers-vendor_score-04:sub-operations-no-last:after_penultimate_success,structural:procurement_suppliers-lead_time-01:sub-operations-no-last:after_penultimate_success
qwen3-4b,structural,token_stratified_random,structural:inventory_fulfillment-backorder_priority-02:sub-operations-no-last:after_penultimate_success,structural:inventory_fulfillment-cycle_count_variance-02:sub-operations-no-last:after_penultimate_success
qwen3-4b,structural,token_stratified_random,structural:inventory_fulfillment-backorder_priority-04:sub-operations-no-last:after_penultimate_success,structural:inventory_fulfillment-pick_location-03:sub-operations-no-last:after_penultimate_success
qwen3-4b,structural,token_stratified_random,structural:inventory_fulfillment-capacity_utilization-01:sub-operations-no-last:after_penultimate_success,structural:inventory_fulfillment-pick_location-01:sub-operations-no-last:after_penultimate_success
qwen3-4b,structural,token_stratified_random,structural:inventory_fulfillment-capacity_utilization-02:sub-operations-no-last:after_penultimate_success,structural:inventory_fulfillment-reorder_quantity-01:sub-operations-no-last:after_penultimate_success
qwen3-4b,structural,token_stratified_random,structural:inventory_fulfillment-capacity_utilization-03:sub-operations-no-last:after_penultimate_success,structural:inventory_fulfillment-replenishment_source-00:sub-operations-no-last:after_penultimate_success
qwen3-4b,structural,token_stratified_random,structural:inventory_fulfillment-capacity_utilization-04:sub-operations-no-last:after_penultimate_success,structural:inventory_fulfillment-transferable_units-04:sub-operations-no-last:after_penultimate_success
qwen3-4b,structural,token_stratified_random,structural:inventory_fulfillment-cycle_count_variance-02:sub-operations-no-last:after_penultimate_success,structural:inventory_fulfillment-expiry_risk-01:sub-operations-no-last:after_penultimate_success
qwen3-4b,structural,token_stratified_random,structural:inventory_fulfillment-expiry_risk-01:sub-operations-no-last:after_penultimate_success,structural:inventory_fulfillment-pick_location-03:sub-operations-no-last:after_penultimate_success
qwen3-4b,structural,token_stratified_random,structural:inventory_fulfillment-expiry_risk-02:sub-operations-no-last:after_penultimate_success,structural:inventory_fulfillment-sellable_units-04:sub-operations-no-last:after_penultimate_success
qwen3-4b,structural,token_stratified_random,structural:inventory_fulfillment-pick_location-01:sub-operations-no-last:after_penultimate_success,structural:inventory_fulfillment-backorder_priority-02:sub-operations-no-last:after_penultimate_success
qwen3-4b,structural,token_stratified_random,structural:inventory_fulfillment-pick_location-03:sub-operations-no-last:after_penultimate_success,structural:inventory_fulfillment-capacity_utilization-04:sub-operations-no-last:after_penultimate_success
qwen3-4b,structural,token_stratified_random,structural:inventory_fulfillment-reorder_quantity-01:sub-operations-no-last:after_penultimate_success,structural:inventory_fulfillment-cycle_count_variance-02:sub-operations-no-last:after_penultimate_success
qwen3-4b,structural,token_stratified_random,structural:inventory_fulfillment-reorder_quantity-02:sub-operations-no-last:after_penultimate_success,structural:inventory_fulfillment-backorder_priority-02:sub-operations-no-last:after_penultimate_success
qwen3-4b,structural,token_stratified_random,structural:inventory_fulfillment-replenishment_source-00:sub-operations-no-last:after_penultimate_success,structural:inventory_fulfillment-sellable_units-00:sub-operations-no-last:after_penultimate_success
qwen3-4b,structural,token_stratified_random,structural:inventory_fulfillment-replenishment_source-02:sub-operations-no-last:after_penultimate_success,structural:inventory_fulfillment-sellable_units-04:sub-operations-no-last:after_penultimate_success
qwen3-4b,structural,token_stratified_random,structural:inventory_fulfillment-replenishment_source-03:sub-operations-no-last:after_penultimate_success,structural:inventory_fulfillment-capacity_utilization-03:sub-operations-no-last:after_penultimate_success
qwen3-4b,structural,token_stratified_random,structural:inventory_fulfillment-replenishment_source-04:sub-operations-no-last:after_penultimate_success,structural:inventory_fulfillment-capacity_utilization-01:sub-operations-no-last:after_penultimate_success
qwen3-4b,structural,token_stratified_random,structural:inventory_fulfillment-sellable_units-00:sub-operations-no-last:after_penultimate_success,structural:inventory_fulfillment-pick_location-01:sub-operations-no-last:after_penultimate_success
qwen3-4b,structural,token_stratified_random,structural:inventory_fulfillment-sellable_units-04:sub-operations-no-last:after_penultimate_success,structural:inventory_fulfillment-transferable_units-04:sub-operations-no-last:after_penultimate_success
qwen3-4b,structural,token_stratified_random,structural:inventory_fulfillment-transferable_units-04:sub-operations-no-last:after_penultimate_success,structural:inventory_fulfillment-expiry_risk-02:sub-operations-no-last:after_penultimate_success
qwen3-4b,structural,token_stratified_random,structural:workforce_access-access_decision-00:sub-operations-no-last:after_penultimate_success,structural:workforce_access-leave_balance-02:sub-operations-no-last:after_penultimate_success
qwen3-4b,structural,token_stratified_random,structural:workforce_access-access_decision-04:sub-operations-no-last:after_penultimate_success,structural:workforce_access-offboarding_actions-04:sub-operations-no-last:after_penultimate_success
qwen3-4b,structural,token_stratified_random,structural:workforce_access-badge_expiry-00:sub-operations-no-last:after_penultimate_success,structural:workforce_access-access_decision-00:sub-operations-no-last:after_penultimate_success
qwen3-4b,structural,token_stratified_random,structural:workforce_access-badge_expiry-01:sub-operations-no-last:after_penultimate_success,structural:workforce_access-training_requirement-03:sub-operations-no-last:after_penultimate_success
qwen3-4b,structural,token_stratified_random,structural:workforce_access-badge_expiry-02:sub-operations-no-last:after_penultimate_success,structural:workforce_access-access_decision-00:sub-operations-no-last:after_penultimate_success
qwen3-4b,structural,token_stratified_random,structural:workforce_access-badge_expiry-03:sub-operations-no-last:after_penultimate_success,structural:workforce_access-oncall_assignment-02:sub-operations-no-last:after_penultimate_success
qwen3-4b,structural,token_stratified_random,structural:workforce_access-badge_expiry-04:sub-operations-no-last:after_penultimate_success,structural:workforce_access-oncall_assignment-02:sub-operations-no-last:after_penultimate_success
qwen3-4b,structural,token_stratified_random,structural:workforce_access-delegation_scope-03:sub-operations-no-last:after_penultimate_success,structural:workforce_access-offboarding_actions-01:sub-operations-no-last:after_penultimate_success
qwen3-4b,structural,token_stratified_random,structural:workforce_access-leave_balance-00:sub-operations-no-last:after_penultimate_success,structural:workforce_access-oncall_assignment-01:sub-operations-no-last:after_penultimate_success
qwen3-4b,structural,token_stratified_random,structural:workforce_access-leave_balance-01:sub-operations-no-last:after_penultimate_success,structural:workforce_access-role_assignment-04:sub-operations-no-last:after_penultimate_success
qwen3-4b,structural,token_stratified_random,structural:workforce_access-leave_balance-02:sub-operations-no-last:after_penultimate_success,structural:workforce_access-shift_eligibility-04:sub-operations-no-last:after_penultimate_success
qwen3-4b,structural,token_stratified_random,structural:workforce_access-leave_balance-03:sub-operations-no-last:after_penultimate_success,structural:workforce_access-oncall_assignment-01:sub-operations-no-last:after_penultimate_success
qwen3-4b,structural,token_stratified_random,structural:workforce_access-leave_balance-04:sub-operations-no-last:after_penultimate_success,structural:workforce_access-shift_eligibility-03:sub-operations-no-last:after_penultimate_success
qwen3-4b,structural,token_stratified_random,structural:workforce_access-offboarding_actions-01:sub-operations-no-last:after_penultimate_success,structural:workforce_access-role_assignment-01:sub-operations-no-last:after_penultimate_success
qwen3-4b,structural,token_stratified_random,structural:workforce_access-offboarding_actions-04:sub-operations-no-last:after_penultimate_success,structural:workforce_access-badge_expiry-02:sub-operations-no-last:after_penultimate_success
qwen3-4b,structural,token_stratified_random,structural:workforce_access-oncall_assignment-00:sub-operations-no-last:after_penultimate_success,structural:workforce_access-badge_expiry-02:sub-operations-no-last:after_penultimate_success
qwen3-4b,structural,token_stratified_random,structural:workforce_access-oncall_assignment-01:sub-operations-no-last:after_penultimate_success,structural:workforce_access-leave_balance-01:sub-operations-no-last:after_penultimate_success
qwen3-4b,structural,token_stratified_random,structural:workforce_access-oncall_assignment-02:sub-operations-no-last:after_penultimate_success,structural:workforce_access-role_assignment-01:sub-operations-no-last:after_penultimate_success
qwen3-4b,structural,token_stratified_random,structural:workforce_access-oncall_assignment-03:sub-operations-no-last:after_penultimate_success,structural:workforce_access-badge_expiry-04:sub-operations-no-last:after_penultimate_success
qwen3-4b,structural,token_stratified_random,structural:workforce_access-role_assignment-00:sub-operations-no-last:after_penultimate_success,structural:workforce_access-delegation_scope-03:sub-operations-no-last:after_penultimate_success
qwen3-4b,structural,token_stratified_random,structural:workforce_access-role_assignment-01:sub-operations-no-last:after_penultimate_success,structural:workforce_access-training_requirement-02:sub-operations-no-last:after_penultimate_success
qwen3-4b,structural,token_stratified_random,structural:workforce_access-role_assignment-04:sub-operations-no-last:after_penultimate_success,structural:workforce_access-oncall_assignment-00:sub-operations-no-last:after_penultimate_success
qwen3-4b,structural,token_stratified_random,structural:workforce_access-shift_eligibility-00:sub-operations-no-last:after_penultimate_success,structural:workforce_access-oncall_assignment-00:sub-operations-no-last:after_penultimate_success
qwen3-4b,structural,token_stratified_random,structural:workforce_access-shift_eligibility-01:sub-operations-no-last:after_penultimate_success,structural:workforce_access-badge_expiry-00:sub-operations-no-last:after_penultimate_success
qwen3-4b,structural,token_stratified_random,structural:workforce_access-shift_eligibility-03:sub-operations-no-last:after_penultimate_success,structural:workforce_access-training_requirement-02:sub-operations-no-last:after_penultimate_success
qwen3-4b,structural,token_stratified_random,structural:workforce_access-shift_eligibility-04:sub-operations-no-last:after_penultimate_success,structural:workforce_access-badge_expiry-00:sub-operations-no-last:after_penultimate_success
qwen3-4b,structural,token_stratified_random,structural:workforce_access-training_requirement-02:sub-operations-no-last:after_penultimate_success,structural:workforce_access-badge_expiry-03:sub-operations-no-last:after_penultimate_success
qwen3-4b,structural,token_stratified_random,structural:workforce_access-training_requirement-03:sub-operations-no-last:after_penultimate_success,structural:workforce_access-badge_expiry-01:sub-operations-no-last:after_penultimate_success
qwen3-4b,structural,token_stratified_random,structural:workforce_access-training_requirement-04:sub-operations-no-last:after_penultimate_success,structural:workforce_access-badge_expiry-04:sub-operations-no-last:after_penultimate_success
qwen3-4b,structural,token_stratified_random,structural:compliance_audit-audit_sample-00:sub-operations-no-last:after_penultimate_success,structural:compliance_audit-filing_readiness-01:sub-operations-no-last:after_penultimate_success
qwen3-4b,structural,token_stratified_random,structural:compliance_audit-audit_sample-02:sub-operations-no-last:after_penultimate_success,structural:compliance_audit-segregation_conflict-02:sub-operations-no-last:after_penultimate_success
qwen3-4b,structural,token_stratified_random,structural:compliance_audit-audit_sample-03:sub-operations-no-last:after_penultimate_success,structural:compliance_audit-remediation_owner-02:sub-operations-no-last:after_penultimate_success
qwen3-4b,structural,token_stratified_random,structural:compliance_audit-evidence_completeness-00:sub-operations-no-last:after_penultimate_success,structural:compliance_audit-exception_expiry-02:sub-operations-no-last:after_penultimate_success
qwen3-4b,structural,token_stratified_random,structural:compliance_audit-evidence_completeness-01:sub-operations-no-last:after_penultimate_success,structural:compliance_audit-retention_deadline-01:sub-operations-no-last:after_penultimate_success
qwen3-4b,structural,token_stratified_random,structural:compliance_audit-evidence_completeness-04:sub-operations-no-last:after_penultimate_success,structural:compliance_audit-risk_rating-01:sub-operations-no-last:after_penultimate_success
qwen3-4b,structural,token_stratified_random,structural:compliance_audit-exception_expiry-01:sub-operations-no-last:after_penultimate_success,structural:compliance_audit-audit_sample-00:sub-operations-no-last:after_penultimate_success
qwen3-4b,structural,token_stratified_random,structural:compliance_audit-exception_expiry-02:sub-operations-no-last:after_penultimate_success,structural:compliance_audit-risk_rating-03:sub-operations-no-last:after_penultimate_success
qwen3-4b,structural,token_stratified_random,structural:compliance_audit-exception_expiry-03:sub-operations-no-last:after_penultimate_success,structural:compliance_audit-risk_rating-02:sub-operations-no-last:after_penultimate_success
qwen3-4b,structural,token_stratified_random,structural:compliance_audit-exception_expiry-04:sub-operations-no-last:after_penultimate_success,structural:compliance_audit-filing_readiness-01:sub-operations-no-last:after_penultimate_success
qwen3-4b,structural,token_stratified_random,structural:compliance_audit-filing_readiness-00:sub-operations-no-last:after_penultimate_success,structural:compliance_audit-exception_expiry-04:sub-operations-no-last:after_penultimate_success
qwen3-4b,structural,token_stratified_random,structural:compliance_audit-filing_readiness-01:sub-operations-no-last:after_penultimate_success,structural:compliance_audit-audit_sample-03:sub-operations-no-last:after_penultimate_success
qwen3-4b,structural,token_stratified_random,structural:compliance_audit-filing_readiness-03:sub-operations-no-last:after_penultimate_success,structural:compliance_audit-exception_expiry-03:sub-operations-no-last:after_penultimate_success
qwen3-4b,structural,token_stratified_random,structural:compliance_audit-filing_readiness-04:sub-operations-no-last:after_penultimate_success,structural:compliance_audit-risk_rating-00:sub-operations-no-last:after_penultimate_success
qwen3-4b,structural,token_stratified_random,structural:compliance_audit-policy_applicability-02:sub-operations-no-last:after_penultimate_success,structural:compliance_audit-exception_expiry-02:sub-operations-no-last:after_penultimate_success
qwen3-4b,structural,token_stratified_random,structural:compliance_audit-policy_applicability-03:sub-operations-no-last:after_penultimate_success,structural:compliance_audit-remediation_owner-04:sub-operations-no-last:after_penultimate_success
qwen3-4b,structural,token_stratified_random,structural:compliance_audit-remediation_owner-00:sub-operations-no-last:after_penultimate_success,structural:compliance_audit-filing_readiness-03:sub-operations-no-last:after_penultimate_success
qwen3-4b,structural,token_stratified_random,structural:compliance_audit-remediation_owner-02:sub-operations-no-last:after_penultimate_success,structural:compliance_audit-retention_deadline-03:sub-operations-no-last:after_penultimate_success
qwen3-4b,structural,token_stratified_random,structural:compliance_audit-remediation_owner-04:sub-operations-no-last:after_penultimate_success,structural:compliance_audit-risk_rating-04:sub-operations-no-last:after_penultimate_success
qwen3-4b,structural,token_stratified_random,structural:compliance_audit-retention_deadline-01:sub-operations-no-last:after_penultimate_success,structural:compliance_audit-policy_applicability-02:sub-operations-no-last:after_penultimate_success
qwen3-4b,structural,token_stratified_random,structural:compliance_audit-retention_deadline-02:sub-operations-no-last:after_penultimate_success,structural:compliance_audit-evidence_completeness-04:sub-operations-no-last:after_penultimate_success
qwen3-4b,structural,token_stratified_random,structural:compliance_audit-retention_deadline-03:sub-operations-no-last:after_penultimate_success,structural:compliance_audit-risk_rating-02:sub-operations-no-last:after_penultimate_success
qwen3-4b,structural,token_stratified_random,structural:compliance_audit-retention_deadline-04:sub-operations-no-last:after_penultimate_success,structural:compliance_audit-audit_sample-00:sub-operations-no-last:after_penultimate_success
qwen3-4b,structural,token_stratified_random,structural:compliance_audit-risk_rating-00:sub-operations-no-last:after_penultimate_success,structural:compliance_audit-evidence_completeness-04:sub-operations-no-last:after_penultimate_success
qwen3-4b,structural,token_stratified_random,structural:compliance_audit-risk_rating-01:sub-operations-no-last:after_penultimate_success,structural:compliance_audit-retention_deadline-02:sub-operations-no-last:after_penultimate_success
qwen3-4b,structural,token_stratified_random,structural:compliance_audit-risk_rating-02:sub-operations-no-last:after_penultimate_success,structural:compliance_audit-retention_deadline-04:sub-operations-no-last:after_penultimate_success
qwen3-4b,structural,token_stratified_random,structural:compliance_audit-risk_rating-03:sub-operations-no-last:after_penultimate_success,structural:compliance_audit-policy_applicability-03:sub-operations-no-last:after_penultimate_success
qwen3-4b,structural,token_stratified_random,structural:compliance_audit-risk_rating-04:sub-operations-no-last:after_penultimate_success,structural:compliance_audit-evidence_completeness-00:sub-operations-no-last:after_penultimate_success
qwen3-4b,structural,token_stratified_random,structural:compliance_audit-segregation_conflict-00:sub-operations-no-last:after_penultimate_success,structural:compliance_audit-audit_sample-02:sub-operations-no-last:after_penultimate_success
qwen3-4b,structural,token_stratified_random,structural:compliance_audit-segregation_conflict-01:sub-operations-no-last:after_penultimate_success,structural:compliance_audit-remediation_owner-04:sub-operations-no-last:after_penultimate_success
qwen3-4b,structural,token_stratified_random,structural:compliance_audit-segregation_conflict-02:sub-operations-no-last:after_penultimate_success,structural:compliance_audit-retention_deadline-01:sub-operations-no-last:after_penultimate_success
qwen3-4b,structural,token_stratified_random,structural:compliance_audit-segregation_conflict-04:sub-operations-no-last:after_penultimate_success,structural:compliance_audit-audit_sample-02:sub-operations-no-last:after_penultimate_success
qwen3-4b,structural,token_stratified_random,structural:finance_ledger-available_balance-01:sub-operations-no-last:after_penultimate_success,structural:finance_ledger-transaction_fee-03:sub-operations-no-last:after_penultimate_success
qwen3-4b,structural,token_stratified_random,structural:finance_ledger-book_balance-00:sub-operations-no-last:after_penultimate_success,structural:finance_ledger-budget_variance-03:sub-operations-no-last:after_penultimate_success
qwen3-4b,structural,token_stratified_random,structural:finance_ledger-book_balance-02:sub-operations-no-last:after_penultimate_success,structural:finance_ledger-transaction_fee-04:sub-operations-no-last:after_penultimate_success
qwen3-4b,structural,token_stratified_random,structural:finance_ledger-book_balance-03:sub-operations-no-last:after_penultimate_success,structural:finance_ledger-fx_settlement-03:sub-operations-no-last:after_penultimate_success
qwen3-4b,structural,token_stratified_random,structural:finance_ledger-budget_variance-00:sub-operations-no-last:after_penultimate_success,structural:finance_ledger-fx_settlement-00:sub-operations-no-last:after_penultimate_success
qwen3-4b,structural,token_stratified_random,structural:finance_ledger-budget_variance-01:sub-operations-no-last:after_penultimate_success,structural:finance_ledger-book_balance-00:sub-operations-no-last:after_penultimate_success
qwen3-4b,structural,token_stratified_random,structural:finance_ledger-budget_variance-03:sub-operations-no-last:after_penultimate_success,structural:finance_ledger-transaction_fee-01:sub-operations-no-last:after_penultimate_success
qwen3-4b,structural,token_stratified_random,structural:finance_ledger-budget_variance-04:sub-operations-no-last:after_penultimate_success,structural:finance_ledger-fx_settlement-01:sub-operations-no-last:after_penultimate_success
qwen3-4b,structural,token_stratified_random,structural:finance_ledger-fx_settlement-00:sub-operations-no-last:after_penultimate_success,structural:finance_ledger-tax_basis-00:sub-operations-no-last:after_penultimate_success
qwen3-4b,structural,token_stratified_random,structural:finance_ledger-fx_settlement-01:sub-operations-no-last:after_penultimate_success,structural:finance_ledger-book_balance-02:sub-operations-no-last:after_penultimate_success
qwen3-4b,structural,token_stratified_random,structural:finance_ledger-fx_settlement-03:sub-operations-no-last:after_penultimate_success,structural:finance_ledger-book_balance-03:sub-operations-no-last:after_penultimate_success
qwen3-4b,structural,token_stratified_random,structural:finance_ledger-fx_settlement-04:sub-operations-no-last:after_penultimate_success,structural:finance_ledger-budget_variance-04:sub-operations-no-last:after_penultimate_success
qwen3-4b,structural,token_stratified_random,structural:finance_ledger-reconciliation_status-04:sub-operations-no-last:after_penultimate_success,structural:finance_ledger-transaction_fee-00:sub-operations-no-last:after_penultimate_success
qwen3-4b,structural,token_stratified_random,structural:finance_ledger-tax_basis-00:sub-operations-no-last:after_penultimate_success,structural:finance_ledger-transaction_fee-04:sub-operations-no-last:after_penultimate_success
qwen3-4b,structural,token_stratified_random,structural:finance_ledger-transaction_fee-00:sub-operations-no-last:after_penultimate_success,structural:finance_ledger-fx_settlement-04:sub-operations-no-last:after_penultimate_success
qwen3-4b,structural,token_stratified_random,structural:finance_ledger-transaction_fee-01:sub-operations-no-last:after_penultimate_success,structural:finance_ledger-fx_settlement-00:sub-operations-no-last:after_penultimate_success
qwen3-4b,structural,token_stratified_random,structural:finance_ledger-transaction_fee-03:sub-operations-no-last:after_penultimate_success,structural:finance_ledger-book_balance-03:sub-operations-no-last:after_penultimate_success
qwen3-4b,structural,token_stratified_random,structural:finance_ledger-transaction_fee-04:sub-operations-no-last:after_penultimate_success,structural:finance_ledger-book_balance-00:sub-operations-no-last:after_penultimate_success
qwen3-4b,structural,token_stratified_random,structural:contracts_documents-amendment_impact-00:sub-operations-no-last:after_penultimate_success,structural:contracts_documents-contract_deadline-02:sub-operations-no-last:after_penultimate_success
qwen3-4b,structural,token_stratified_random,structural:contracts_documents-amendment_impact-01:sub-operations-no-last:after_penultimate_success,structural:contracts_documents-section_summary-04:sub-operations-no-last:after_penultimate_success
qwen3-4b,structural,token_stratified_random,structural:contracts_documents-amendment_impact-02:sub-operations-no-last:after_penultimate_success,structural:contracts_documents-retention_class-03:sub-operations-no-last:after_penultimate_success
qwen3-4b,structural,token_stratified_random,structural:contracts_documents-amendment_impact-03:sub-operations-no-last:after_penultimate_success,structural:contracts_documents-signature_status-04:sub-operations-no-last:after_penultimate_success
qwen3-4b,structural,token_stratified_random,structural:contracts_documents-amendment_impact-04:sub-operations-no-last:after_penultimate_success,structural:contracts_documents-effective_clause-02:sub-operations-no-last:after_penultimate_success
qwen3-4b,structural,token_stratified_random,structural:contracts_documents-citation_target-00:sub-operations-no-last:after_penultimate_success,structural:contracts_documents-amendment_impact-02:sub-operations-no-last:after_penultimate_success
qwen3-4b,structural,token_stratified_random,structural:contracts_documents-citation_target-01:sub-operations-no-last:after_penultimate_success,structural:contracts_documents-signature_status-03:sub-operations-no-last:after_penultimate_success
qwen3-4b,structural,token_stratified_random,structural:contracts_documents-citation_target-03:sub-operations-no-last:after_penultimate_success,structural:contracts_documents-section_summary-01:sub-operations-no-last:after_penultimate_success
qwen3-4b,structural,token_stratified_random,structural:contracts_documents-citation_target-04:sub-operations-no-last:after_penultimate_success,structural:contracts_documents-amendment_impact-02:sub-operations-no-last:after_penultimate_success
qwen3-4b,structural,token_stratified_random,structural:contracts_documents-contract_deadline-00:sub-operations-no-last:after_penultimate_success,structural:contracts_documents-latest_version-04:sub-operations-no-last:after_penultimate_success
qwen3-4b,structural,token_stratified_random,structural:contracts_documents-contract_deadline-02:sub-operations-no-last:after_penultimate_success,structural:contracts_documents-amendment_impact-03:sub-operations-no-last:after_penultimate_success
qwen3-4b,structural,token_stratified_random,structural:contracts_documents-contract_deadline-04:sub-operations-no-last:after_penultimate_success,structural:contracts_documents-amendment_impact-04:sub-operations-no-last:after_penultimate_success
qwen3-4b,structural,token_stratified_random,structural:contracts_documents-effective_clause-00:sub-operations-no-last:after_penultimate_success,structural:contracts_documents-citation_target-00:sub-operations-no-last:after_penultimate_success
qwen3-4b,structural,token_stratified_random,structural:contracts_documents-effective_clause-01:sub-operations-no-last:after_penultimate_success,structural:contracts_documents-section_summary-01:sub-operations-no-last:after_penultimate_success
qwen3-4b,structural,token_stratified_random,structural:contracts_documents-effective_clause-02:sub-operations-no-last:after_penultimate_success,structural:contracts_documents-section_summary-03:sub-operations-no-last:after_penultimate_success
qwen3-4b,structural,token_stratified_random,structural:contracts_documents-effective_clause-04:sub-operations-no-last:after_penultimate_success,structural:contracts_documents-amendment_impact-03:sub-operations-no-last:after_penultimate_success
qwen3-4b,structural,token_stratified_random,structural:contracts_documents-latest_version-01:sub-operations-no-last:after_penultimate_success,structural:contracts_documents-citation_target-03:sub-operations-no-last:after_penultimate_success
qwen3-4b,structural,token_stratified_random,structural:contracts_documents-latest_version-03:sub-operations-no-last:after_penultimate_success,structural:contracts_documents-citation_target-04:sub-operations-no-last:after_penultimate_success
qwen3-4b,structural,token_stratified_random,structural:contracts_documents-latest_version-04:sub-operations-no-last:after_penultimate_success,structural:contracts_documents-section_summary-04:sub-operations-no-last:after_penultimate_success
qwen3-4b,structural,token_stratified_random,structural:contracts_documents-obligation_owner-02:sub-operations-no-last:after_penultimate_success,structural:contracts_documents-amendment_impact-04:sub-operations-no-last:after_penultimate_success
qwen3-4b,structural,token_stratified_random,structural:contracts_documents-obligation_owner-04:sub-operations-no-last:after_penultimate_success,structural:contracts_documents-latest_version-03:sub-operations-no-last:after_penultimate_success
qwen3-4b,structural,token_stratified_random,structural:contracts_documents-retention_class-00:sub-operations-no-last:after_penultimate_success,structural:contracts_documents-effective_clause-00:sub-operations-no-last:after_penultimate_success
qwen3-4b,structural,token_stratified_random,structural:contracts_documents-retention_class-02:sub-operations-no-last:after_penultimate_success,structural:contracts_documents-citation_target-04:sub-operations-no-last:after_penultimate_success
qwen3-4b,structural,token_stratified_random,structural:contracts_documents-retention_class-03:sub-operations-no-last:after_penultimate_success,structural:contracts_documents-signature_status-03:sub-operations-no-last:after_penultimate_success
qwen3-4b,structural,token_stratified_random,structural:contracts_documents-retention_class-04:sub-operations-no-last:after_penultimate_success,structural:contracts_documents-contract_deadline-02:sub-operations-no-last:after_penultimate_success
qwen3-4b,structural,token_stratified_random,structural:contracts_documents-section_summary-01:sub-operations-no-last:after_penultimate_success,structural:contracts_documents-latest_version-04:sub-operations-no-last:after_penultimate_success
qwen3-4b,structural,token_stratified_random,structural:contracts_documents-section_summary-02:sub-operations-no-last:after_penultimate_success,structural:contracts_documents-citation_target-03:sub-operations-no-last:after_penultimate_success
qwen3-4b,structural,token_stratified_random,structural:contracts_documents-section_summary-03:sub-operations-no-last:after_penultimate_success,structural:contracts_documents-retention_class-02:sub-operations-no-last:after_penultimate_success
qwen3-4b,structural,token_stratified_random,structural:contracts_documents-section_summary-04:sub-operations-no-last:after_penultimate_success,structural:contracts_documents-citation_target-00:sub-operations-no-last:after_penultimate_success
qwen3-4b,structural,token_stratified_random,structural:contracts_documents-signature_status-00:sub-operations-no-last:after_penultimate_success,structural:contracts_documents-amendment_impact-01:sub-operations-no-last:after_penultimate_success
qwen3-4b,structural,token_stratified_random,structural:contracts_documents-signature_status-03:sub-operations-no-last:after_penultimate_success,structural:contracts_documents-retention_class-03:sub-operations-no-last:after_penultimate_success
qwen3-4b,structural,token_stratified_random,structural:contracts_documents-signature_status-04:sub-operations-no-last:after_penultimate_success,structural:contracts_documents-section_summary-03:sub-operations-no-last:after_penultimate_success
qwen3-4b,structural,token_stratified_random,structural:pricing_billing-currency_amount-00:sub-operations-no-last:after_penultimate_success,structural:pricing_billing-tax_amount-03:sub-operations-no-last:after_penultimate_success
qwen3-4b,structural,token_stratified_random,structural:pricing_billing-currency_amount-04:sub-operations-no-last:after_penultimate_success,structural:pricing_billing-promotional_price-02:sub-operations-no-last:after_penultimate_success
qwen3-4b,structural,token_stratified_random,structural:pricing_billing-margin_floor-01:sub-operations-no-last:after_penultimate_success,structural:pricing_billing-shipping_charge-02:sub-operations-no-last:after_penultimate_success
qwen3-4b,structural,token_stratified_random,structural:pricing_billing-order_total-01:sub-operations-no-last:after_penultimate_success,structural:pricing_billing-shipping_charge-00:sub-operations-no-last:after_penultimate_success
qwen3-4b,structural,token_stratified_random,structural:pricing_billing-promotional_price-00:sub-operations-no-last:after_penultimate_success,structural:pricing_billing-shipping_charge-00:sub-operations-no-last:after_penultimate_success
qwen3-4b,structural,token_stratified_random,structural:pricing_billing-promotional_price-02:sub-operations-no-last:after_penultimate_success,structural:pricing_billing-order_total-01:sub-operations-no-last:after_penultimate_success
qwen3-4b,structural,token_stratified_random,structural:pricing_billing-shipping_charge-00:sub-operations-no-last:after_penultimate_success,structural:pricing_billing-margin_floor-01:sub-operations-no-last:after_penultimate_success
qwen3-4b,structural,token_stratified_random,structural:pricing_billing-shipping_charge-01:sub-operations-no-last:after_penultimate_success,structural:pricing_billing-currency_amount-04:sub-operations-no-last:after_penultimate_success
qwen3-4b,structural,token_stratified_random,structural:pricing_billing-shipping_charge-02:sub-operations-no-last:after_penultimate_success,structural:pricing_billing-tax_amount-00:sub-operations-no-last:after_penultimate_success
qwen3-4b,structural,token_stratified_random,structural:pricing_billing-shipping_charge-03:sub-operations-no-last:after_penultimate_success,structural:pricing_billing-tax_amount-03:sub-operations-no-last:after_penultimate_success
qwen3-4b,structural,token_stratified_random,structural:pricing_billing-shipping_charge-04:sub-operations-no-last:after_penultimate_success,structural:pricing_billing-promotional_price-02:sub-operations-no-last:after_penultimate_success
qwen3-4b,structural,token_stratified_random,structural:pricing_billing-tax_amount-00:sub-operations-no-last:after_penultimate_success,structural:pricing_billing-promotional_price-00:sub-operations-no-last:after_penultimate_success
qwen3-4b,structural,token_stratified_random,structural:pricing_billing-tax_amount-03:sub-operations-no-last:after_penultimate_success,structural:pricing_billing-margin_floor-01:sub-operations-no-last:after_penultimate_success
qwen3-4b,structural,token_stratified_random,structural:customer_support-case_owner-03:sub-operations-no-last:after_penultimate_success,structural:customer_support-escalation_target-04:sub-operations-no-last:after_penultimate_success
qwen3-4b,structural,token_stratified_random,structural:customer_support-case_priority-02:sub-operations-no-last:after_penultimate_success,structural:customer_support-contact_channel-02:sub-operations-no-last:after_penultimate_success
qwen3-4b,structural,token_stratified_random,structural:customer_support-case_priority-03:sub-operations-no-last:after_penultimate_success,structural:customer_support-contact_channel-02:sub-operations-no-last:after_penultimate_success
qwen3-4b,structural,token_stratified_random,structural:customer_support-contact_channel-01:sub-operations-no-last:after_penultimate_success,structural:customer_support-refund_eligibility-00:sub-operations-no-last:after_penultimate_success
qwen3-4b,structural,token_stratified_random,structural:customer_support-contact_channel-02:sub-operations-no-last:after_penultimate_success,structural:customer_support-escalation_target-02:sub-operations-no-last:after_penultimate_success
qwen3-4b,structural,token_stratified_random,structural:customer_support-contact_channel-04:sub-operations-no-last:after_penultimate_success,structural:customer_support-case_priority-02:sub-operations-no-last:after_penultimate_success
qwen3-4b,structural,token_stratified_random,structural:customer_support-escalation_target-00:sub-operations-no-last:after_penultimate_success,structural:customer_support-case_priority-02:sub-operations-no-last:after_penultimate_success
qwen3-4b,structural,token_stratified_random,structural:customer_support-escalation_target-02:sub-operations-no-last:after_penultimate_success,structural:customer_support-case_priority-03:sub-operations-no-last:after_penultimate_success
qwen3-4b,structural,token_stratified_random,structural:customer_support-escalation_target-03:sub-operations-no-last:after_penultimate_success,structural:customer_support-refund_eligibility-04:sub-operations-no-last:after_penultimate_success
qwen3-4b,structural,token_stratified_random,structural:customer_support-escalation_target-04:sub-operations-no-last:after_penultimate_success,structural:customer_support-next_action-04:sub-operations-no-last:after_penultimate_success
qwen3-4b,structural,token_stratified_random,structural:customer_support-next_action-01:sub-operations-no-last:after_penultimate_success,structural:customer_support-contact_channel-04:sub-operations-no-last:after_penultimate_success
qwen3-4b,structural,token_stratified_random,structural:customer_support-next_action-02:sub-operations-no-last:after_penultimate_success,structural:customer_support-case_owner-03:sub-operations-no-last:after_penultimate_success
qwen3-4b,structural,token_stratified_random,structural:customer_support-next_action-04:sub-operations-no-last:after_penultimate_success,structural:customer_support-escalation_target-03:sub-operations-no-last:after_penultimate_success
qwen3-4b,structural,token_stratified_random,structural:customer_support-refund_eligibility-00:sub-operations-no-last:after_penultimate_success,structural:customer_support-contact_channel-04:sub-operations-no-last:after_penultimate_success
qwen3-4b,structural,token_stratified_random,structural:customer_support-refund_eligibility-02:sub-operations-no-last:after_penultimate_success,structural:customer_support-case_priority-03:sub-operations-no-last:after_penultimate_success
qwen3-4b,structural,token_stratified_random,structural:customer_support-refund_eligibility-04:sub-operations-no-last:after_penultimate_success,structural:customer_support-escalation_target-04:sub-operations-no-last:after_penultimate_success
qwen3-4b,structural,token_stratified_random,structural:procurement_suppliers-contract_compliance-00:sub-operations-no-last:after_penultimate_success,structural:procurement_suppliers-purchase_limit-03:sub-operations-no-last:after_penultimate_success
qwen3-4b,structural,token_stratified_random,structural:procurement_suppliers-contract_compliance-03:sub-operations-no-last:after_penultimate_success,structural:procurement_suppliers-expedite_decision-03:sub-operations-no-last:after_penultimate_success
qwen3-4b,structural,token_stratified_random,structural:procurement_suppliers-contract_compliance-04:sub-operations-no-last:after_penultimate_success,structural:procurement_suppliers-supplier_eligibility-01:sub-operations-no-last:after_penultimate_success
qwen3-4b,structural,token_stratified_random,structural:procurement_suppliers-expedite_decision-00:sub-operations-no-last:after_penultimate_success,structural:procurement_suppliers-contract_compliance-00:sub-operations-no-last:after_penultimate_success
qwen3-4b,structural,token_stratified_random,structural:procurement_suppliers-expedite_decision-01:sub-operations-no-last:after_penultimate_success,structural:procurement_suppliers-receipt_variance-01:sub-operations-no-last:after_penultimate_success
qwen3-4b,structural,token_stratified_random,structural:procurement_suppliers-expedite_decision-02:sub-operations-no-last:after_penultimate_success,structural:procurement_suppliers-contract_compliance-03:sub-operations-no-last:after_penultimate_success
qwen3-4b,structural,token_stratified_random,structural:procurement_suppliers-expedite_decision-03:sub-operations-no-last:after_penultimate_success,structural:procurement_suppliers-supplier_eligibility-02:sub-operations-no-last:after_penultimate_success
qwen3-4b,structural,token_stratified_random,structural:procurement_suppliers-lead_time-00:sub-operations-no-last:after_penultimate_success,structural:procurement_suppliers-expedite_decision-00:sub-operations-no-last:after_penultimate_success
qwen3-4b,structural,token_stratified_random,structural:procurement_suppliers-lead_time-01:sub-operations-no-last:after_penultimate_success,structural:procurement_suppliers-quote_rank-03:sub-operations-no-last:after_penultimate_success
qwen3-4b,structural,token_stratified_random,structural:procurement_suppliers-lead_time-02:sub-operations-no-last:after_penultimate_success,structural:procurement_suppliers-vendor_score-03:sub-operations-no-last:after_penultimate_success
qwen3-4b,structural,token_stratified_random,structural:procurement_suppliers-purchase_limit-01:sub-operations-no-last:after_penultimate_success,structural:procurement_suppliers-vendor_score-04:sub-operations-no-last:after_penultimate_success
qwen3-4b,structural,token_stratified_random,structural:procurement_suppliers-purchase_limit-03:sub-operations-no-last:after_penultimate_success,structural:procurement_suppliers-contract_compliance-04:sub-operations-no-last:after_penultimate_success
qwen3-4b,structural,token_stratified_random,structural:procurement_suppliers-quote_rank-02:sub-operations-no-last:after_penultimate_success,structural:procurement_suppliers-vendor_score-00:sub-operations-no-last:after_penultimate_success
qwen3-4b,structural,token_stratified_random,structural:procurement_suppliers-quote_rank-03:sub-operations-no-last:after_penultimate_success,structural:procurement_suppliers-supplier_eligibility-00:sub-operations-no-last:after_penultimate_success
qwen3-4b,structural,token_stratified_random,structural:procurement_suppliers-quote_rank-04:sub-operations-no-last:after_penultimate_success,structural:procurement_suppliers-supplier_eligibility-00:sub-operations-no-last:after_penultimate_success
qwen3-4b,structural,token_stratified_random,structural:procurement_suppliers-receipt_variance-01:sub-operations-no-last:after_penultimate_success,structural:procurement_suppliers-return_authorization-02:sub-operations-no-last:after_penultimate_success
qwen3-4b,structural,token_stratified_random,structural:procurement_suppliers-return_authorization-02:sub-operations-no-last:after_penultimate_success,structural:procurement_suppliers-purchase_limit-01:sub-operations-no-last:after_penultimate_success
qwen3-4b,structural,token_stratified_random,structural:procurement_suppliers-return_authorization-03:sub-operations-no-last:after_penultimate_success,structural:procurement_suppliers-receipt_variance-01:sub-operations-no-last:after_penultimate_success
qwen3-4b,structural,token_stratified_random,structural:procurement_suppliers-supplier_eligibility-00:sub-operations-no-last:after_penultimate_success,structural:procurement_suppliers-lead_time-02:sub-operations-no-last:after_penultimate_success
qwen3-4b,structural,token_stratified_random,structural:procurement_suppliers-supplier_eligibility-01:sub-operations-no-last:after_penultimate_success,structural:procurement_suppliers-contract_compliance-00:sub-operations-no-last:after_penultimate_success
qwen3-4b,structural,token_stratified_random,structural:procurement_suppliers-supplier_eligibility-02:sub-operations-no-last:after_penultimate_success,structural:procurement_suppliers-quote_rank-04:sub-operations-no-last:after_penultimate_success
qwen3-4b,structural,token_stratified_random,structural:procurement_suppliers-supplier_eligibility-03:sub-operations-no-last:after_penultimate_success,structural:procurement_suppliers-expedite_decision-01:sub-operations-no-last:after_penultimate_success
qwen3-4b,structural,token_stratified_random,structural:procurement_suppliers-vendor_score-00:sub-operations-no-last:after_penultimate_success,structural:procurement_suppliers-lead_time-01:sub-operations-no-last:after_penultimate_success
qwen3-4b,structural,token_stratified_random,structural:procurement_suppliers-vendor_score-02:sub-operations-no-last:after_penultimate_success,structural:procurement_suppliers-quote_rank-02:sub-operations-no-last:after_penultimate_success
qwen3-4b,structural,token_stratified_random,structural:procurement_suppliers-vendor_score-03:sub-operations-no-last:after_penultimate_success,structural:procurement_suppliers-contract_compliance-04:sub-operations-no-last:after_penultimate_success
qwen3-4b,structural,token_stratified_random,structural:procurement_suppliers-vendor_score-04:sub-operations-no-last:after_penultimate_success,structural:procurement_suppliers-lead_time-01:sub-operations-no-last:after_penultimate_success
qwen3-8b,semantic,same_condition_token_matched,semantic:stateful-compliance_audit-replace_audit_population_record-00:decoy-observation,semantic:stateful-compliance_audit-set_filing_artifact_count-03:decoy-observation
qwen3-8b,semantic,same_condition_token_matched,semantic:stateful-compliance_audit-replace_audit_population_record-01:decoy-observation,semantic:stateful-compliance_audit-set_remediation_owner-03:decoy-observation
qwen3-8b,semantic,same_condition_token_matched,semantic:stateful-compliance_audit-replace_audit_population_record-02:decoy-observation,semantic:stateful-compliance_audit-set_filing_artifact_count-02:decoy-observation
qwen3-8b,semantic,same_condition_token_matched,semantic:stateful-compliance_audit-replace_audit_population_record-03:decoy-observation,semantic:stateful-compliance_audit-set_exception_extension_days-04:decoy-observation
qwen3-8b,semantic,same_condition_token_matched,semantic:stateful-compliance_audit-replace_audit_population_record-04:decoy-observation,semantic:stateful-compliance_audit-set_remediation_owner-03:decoy-observation
qwen3-8b,semantic,same_condition_token_matched,semantic:stateful-compliance_audit-set_assigned_role-00:decoy-observation,semantic:stateful-compliance_audit-set_remediation_owner-01:decoy-observation
qwen3-8b,semantic,same_condition_token_matched,semantic:stateful-compliance_audit-set_assigned_role-01:decoy-observation,semantic:stateful-compliance_audit-set_remediation_owner-02:decoy-observation
qwen3-8b,semantic,same_condition_token_matched,semantic:stateful-compliance_audit-set_assigned_role-02:decoy-observation,semantic:stateful-compliance_audit-set_remediation_owner-00:decoy-observation
qwen3-8b,semantic,same_condition_token_matched,semantic:stateful-compliance_audit-set_assigned_role-03:decoy-observation,semantic:stateful-compliance_audit-set_remediation_owner-04:decoy-observation
qwen3-8b,semantic,same_condition_token_matched,semantic:stateful-compliance_audit-set_assigned_role-04:decoy-observation,semantic:stateful-compliance_audit-set_remediation_owner-00:decoy-observation
qwen3-8b,semantic,same_condition_token_matched,semantic:stateful-compliance_audit-set_control_evidence_status-00:decoy-observation,semantic:stateful-customer_support-set_sla_duration_minutes-02:decoy-observation
qwen3-8b,semantic,same_condition_token_matched,semantic:stateful-compliance_audit-set_control_evidence_status-01:decoy-observation,semantic:stateful-customer_support-set_case_routing_owner-04:decoy-observation
qwen3-8b,semantic,same_condition_token_matched,semantic:stateful-compliance_audit-set_control_evidence_status-02:decoy-observation,semantic:stateful-customer_support-set_sla_duration_minutes-02:decoy-observation
qwen3-8b,semantic,same_condition_token_matched,semantic:stateful-compliance_audit-set_control_evidence_status-03:decoy-observation,semantic:stateful-customer_support-set_sla_duration_minutes-04:decoy-observation
qwen3-8b,semantic,same_condition_token_matched,semantic:stateful-compliance_audit-set_control_evidence_status-04:decoy-observation,semantic:stateful-compliance_audit-set_risk_matrix_score-03:decoy-observation
qwen3-8b,semantic,same_condition_token_matched,semantic:stateful-compliance_audit-set_exception_extension_days-00:decoy-observation,semantic:stateful-customer_support-set_case_routing_owner-02:decoy-observation
qwen3-8b,semantic,same_condition_token_matched,semantic:stateful-compliance_audit-set_exception_extension_days-01:decoy-observation,semantic:stateful-customer_support-set_case_routing_owner-02:decoy-observation
qwen3-8b,semantic,same_condition_token_matched,semantic:stateful-compliance_audit-set_exception_extension_days-02:decoy-observation,semantic:stateful-compliance_audit-set_risk_matrix_score-03:decoy-observation
qwen3-8b,semantic,same_condition_token_matched,semantic:stateful-compliance_audit-set_exception_extension_days-03:decoy-observation,semantic:stateful-customer_support-set_case_routing_owner-00:decoy-observation
qwen3-8b,semantic,same_condition_token_matched,semantic:stateful-compliance_audit-set_exception_extension_days-04:decoy-observation,semantic:stateful-compliance_audit-replace_audit_population_record-03:decoy-observation
qwen3-8b,semantic,same_condition_token_matched,semantic:stateful-compliance_audit-set_filing_artifact_count-00:decoy-observation,semantic:stateful-compliance_audit-replace_audit_population_record-02:decoy-observation
qwen3-8b,semantic,same_condition_token_matched,semantic:stateful-compliance_audit-set_filing_artifact_count-01:decoy-observation,semantic:stateful-compliance_audit-set_risk_matrix_score-02:decoy-observation
qwen3-8b,semantic,same_condition_token_matched,semantic:stateful-compliance_audit-set_filing_artifact_count-02:decoy-observation,semantic:stateful-compliance_audit-replace_audit_population_record-04:decoy-observation
qwen3-8b,semantic,same_condition_token_matched,semantic:stateful-compliance_audit-set_filing_artifact_count-03:decoy-observation,semantic:stateful-compliance_audit-replace_audit_population_record-00:decoy-observation
qwen3-8b,semantic,same_condition_token_matched,semantic:stateful-compliance_audit-set_filing_artifact_count-04:decoy-observation,semantic:stateful-compliance_audit-replace_audit_population_record-04:decoy-observation
qwen3-8b,semantic,same_condition_token_matched,semantic:stateful-compliance_audit-set_remediation_owner-00:decoy-observation,semantic:stateful-compliance_audit-set_retention_years-01:decoy-observation
qwen3-8b,semantic,same_condition_token_matched,semantic:stateful-compliance_audit-set_remediation_owner-01:decoy-observation,semantic:stateful-compliance_audit-replace_audit_population_record-01:decoy-observation
qwen3-8b,semantic,same_condition_token_matched,semantic:stateful-compliance_audit-set_remediation_owner-02:decoy-observation,semantic:stateful-compliance_audit-replace_audit_population_record-01:decoy-observation
qwen3-8b,semantic,same_condition_token_matched,semantic:stateful-compliance_audit-set_remediation_owner-03:decoy-observation,semantic:stateful-compliance_audit-replace_audit_population_record-00:decoy-observation
qwen3-8b,semantic,same_condition_token_matched,semantic:stateful-compliance_audit-set_remediation_owner-04:decoy-observation,semantic:stateful-compliance_audit-replace_audit_population_record-02:decoy-observation
qwen3-8b,semantic,same_condition_token_matched,semantic:stateful-compliance_audit-set_retention_years-00:decoy-observation,semantic:stateful-compliance_audit-set_remediation_owner-04:decoy-observation
qwen3-8b,semantic,same_condition_token_matched,semantic:stateful-compliance_audit-set_retention_years-01:decoy-observation,semantic:stateful-compliance_audit-set_remediation_owner-01:decoy-observation
qwen3-8b,semantic,same_condition_token_matched,semantic:stateful-compliance_audit-set_retention_years-02:decoy-observation,semantic:stateful-compliance_audit-set_remediation_owner-02:decoy-observation
qwen3-8b,semantic,same_condition_token_matched,semantic:stateful-compliance_audit-set_retention_years-03:decoy-observation,semantic:stateful-compliance_audit-set_filing_artifact_count-00:decoy-observation
qwen3-8b,semantic,same_condition_token_matched,semantic:stateful-compliance_audit-set_retention_years-04:decoy-observation,semantic:stateful-compliance_audit-set_filing_artifact_count-00:decoy-observation
qwen3-8b,semantic,same_condition_token_matched,semantic:stateful-compliance_audit-set_risk_matrix_score-00:decoy-observation,semantic:stateful-compliance_audit-set_filing_artifact_count-01:decoy-observation
qwen3-8b,semantic,same_condition_token_matched,semantic:stateful-compliance_audit-set_risk_matrix_score-01:decoy-observation,semantic:stateful-compliance_audit-set_filing_artifact_count-04:decoy-observation
qwen3-8b,semantic,same_condition_token_matched,semantic:stateful-compliance_audit-set_risk_matrix_score-02:decoy-observation,semantic:stateful-compliance_audit-set_filing_artifact_count-03:decoy-observation
qwen3-8b,semantic,same_condition_token_matched,semantic:stateful-compliance_audit-set_risk_matrix_score-03:decoy-observation,semantic:stateful-compliance_audit-set_exception_extension_days-02:decoy-observation
qwen3-8b,semantic,same_condition_token_matched,semantic:stateful-compliance_audit-set_risk_matrix_score-04:decoy-observation,semantic:stateful-compliance_audit-set_filing_artifact_count-01:decoy-observation
qwen3-8b,semantic,same_condition_token_matched,semantic:stateful-contracts_documents-set_citation_target-00:decoy-observation,semantic:stateful-contracts_documents-set_retention_classification-01:decoy-observation
qwen3-8b,semantic,same_condition_token_matched,semantic:stateful-contracts_documents-set_citation_target-01:decoy-observation,semantic:stateful-workforce_access-set_overtime_approval_threshold-02:decoy-observation
qwen3-8b,semantic,same_condition_token_matched,semantic:stateful-contracts_documents-set_citation_target-02:decoy-observation,semantic:stateful-contracts_documents-set_retention_classification-00:decoy-observation
qwen3-8b,semantic,same_condition_token_matched,semantic:stateful-contracts_documents-set_citation_target-03:decoy-observation,semantic:stateful-workforce_access-set_overtime_approval_threshold-00:decoy-observation
qwen3-8b,semantic,same_condition_token_matched,semantic:stateful-contracts_documents-set_citation_target-04:decoy-observation,semantic:stateful-workforce_access-set_overtime_approval_threshold-01:decoy-observation
qwen3-8b,semantic,same_condition_token_matched,semantic:stateful-contracts_documents-set_contract_deadline_offset-00:decoy-observation,semantic:stateful-contracts_documents-set_signature_event_type-02:decoy-observation
qwen3-8b,semantic,same_condition_token_matched,semantic:stateful-contracts_documents-set_contract_deadline_offset-01:decoy-observation,semantic:stateful-contracts_documents-set_document_section_text-02:decoy-observation
qwen3-8b,semantic,same_condition_token_matched,semantic:stateful-contracts_documents-set_contract_deadline_offset-02:decoy-observation,semantic:stateful-contracts_documents-set_document_section_text-04:decoy-observation
qwen3-8b,semantic,same_condition_token_matched,semantic:stateful-contracts_documents-set_contract_deadline_offset-03:decoy-observation,semantic:stateful-contracts_documents-set_citation_target-02:decoy-observation
qwen3-8b,semantic,same_condition_token_matched,semantic:stateful-contracts_documents-set_contract_deadline_offset-04:decoy-observation,semantic:stateful-contracts_documents-set_document_section_text-04:decoy-observation
qwen3-8b,semantic,same_condition_token_matched,semantic:stateful-contracts_documents-set_document_section_text-00:decoy-observation,semantic:stateful-contracts_documents-set_revision_approval-03:decoy-observation
qwen3-8b,semantic,same_condition_token_matched,semantic:stateful-contracts_documents-set_document_section_text-01:decoy-observation,semantic:stateful-workforce_access-set_overtime_approval_threshold-02:decoy-observation
qwen3-8b,semantic,same_condition_token_matched,semantic:stateful-contracts_documents-set_document_section_text-02:decoy-observation,semantic:stateful-contracts_documents-set_contract_deadline_offset-04:decoy-observation
qwen3-8b,semantic,same_condition_token_matched,semantic:stateful-contracts_documents-set_document_section_text-03:decoy-observation,semantic:stateful-contracts_documents-set_signature_event_type-01:decoy-observation
qwen3-8b,semantic,same_condition_token_matched,semantic:stateful-contracts_documents-set_document_section_text-04:decoy-observation,semantic:stateful-contracts_documents-set_revision_approval-03:decoy-observation
qwen3-8b,semantic,same_condition_token_matched,semantic:stateful-contracts_documents-set_effective_clause_text-00:decoy-observation,semantic:stateful-contracts_documents-set_revision_approval-02:decoy-observation
qwen3-8b,semantic,same_condition_token_matched,semantic:stateful-contracts_documents-set_effective_clause_text-01:decoy-observation,semantic:stateful-contracts_documents-set_revision_approval-01:decoy-observation
qwen3-8b,semantic,same_condition_token_matched,semantic:stateful-contracts_documents-set_effective_clause_text-02:decoy-observation,semantic:stateful-contracts_documents-set_revision_approval-02:decoy-observation
qwen3-8b,semantic,same_condition_token_matched,semantic:stateful-contracts_documents-set_effective_clause_text-03:decoy-observation,semantic:stateful-contracts_documents-set_revision_approval-04:decoy-observation
qwen3-8b,semantic,same_condition_token_matched,semantic:stateful-contracts_documents-set_effective_clause_text-04:decoy-observation,semantic:stateful-contracts_documents-set_revision_approval-01:decoy-observation
qwen3-8b,semantic,same_condition_token_matched,semantic:stateful-contracts_documents-set_obligation_party-00:decoy-observation,semantic:stateful-contracts_documents-set_contract_deadline_offset-01:decoy-observation
qwen3-8b,semantic,same_condition_token_matched,semantic:stateful-contracts_documents-set_obligation_party-01:decoy-observation,semantic:stateful-contracts_documents-set_contract_deadline_offset-04:decoy-observation
qwen3-8b,semantic,same_condition_token_matched,semantic:stateful-contracts_documents-set_obligation_party-02:decoy-observation,semantic:stateful-contracts_documents-set_revision_approval-04:decoy-observation
qwen3-8b,semantic,same_condition_token_matched,semantic:stateful-contracts_documents-set_obligation_party-03:decoy-observation,semantic:stateful-contracts_documents-set_contract_deadline_offset-02:decoy-observation
qwen3-8b,semantic,same_condition_token_matched,semantic:stateful-contracts_documents-set_obligation_party-04:decoy-observation,semantic:stateful-contracts_documents-set_contract_deadline_offset-01:decoy-observation
qwen3-8b,semantic,same_condition_token_matched,semantic:stateful-contracts_documents-set_retention_classification-00:decoy-observation,semantic:stateful-contracts_documents-set_citation_target-02:decoy-observation
qwen3-8b,semantic,same_condition_token_matched,semantic:stateful-contracts_documents-set_retention_classification-01:decoy-observation,semantic:stateful-contracts_documents-set_citation_target-01:decoy-observation
qwen3-8b,semantic,same_condition_token_matched,semantic:stateful-contracts_documents-set_retention_classification-02:decoy-observation,semantic:stateful-contracts_documents-set_revision_approval-00:decoy-observation
qwen3-8b,semantic,same_condition_token_matched,semantic:stateful-contracts_documents-set_retention_classification-03:decoy-observation,semantic:stateful-workforce_access-set_delegation_allowed_actions-00:decoy-observation
qwen3-8b,semantic,same_condition_token_matched,semantic:stateful-contracts_documents-set_retention_classification-04:decoy-observation,semantic:stateful-contracts_documents-set_contract_deadline_offset-03:decoy-observation
qwen3-8b,semantic,same_condition_token_matched,semantic:stateful-contracts_documents-set_revision_approval-00:decoy-observation,semantic:stateful-contracts_documents-set_signature_event_type-02:decoy-observation
qwen3-8b,semantic,same_condition_token_matched,semantic:stateful-contracts_documents-set_revision_approval-01:decoy-observation,semantic:stateful-contracts_documents-set_retention_classification-02:decoy-observation
qwen3-8b,semantic,same_condition_token_matched,semantic:stateful-contracts_documents-set_revision_approval-02:decoy-observation,semantic:stateful-contracts_documents-set_document_section_text-02:decoy-observation
qwen3-8b,semantic,same_condition_token_matched,semantic:stateful-contracts_documents-set_revision_approval-03:decoy-observation,semantic:stateful-contracts_documents-set_document_section_text-00:decoy-observation
qwen3-8b,semantic,same_condition_token_matched,semantic:stateful-contracts_documents-set_revision_approval-04:decoy-observation,semantic:stateful-contracts_documents-set_retention_classification-02:decoy-observation
qwen3-8b,semantic,same_condition_token_matched,semantic:stateful-contracts_documents-set_signature_event_type-00:decoy-observation,semantic:stateful-workforce_access-set_overtime_approval_threshold-04:decoy-observation
qwen3-8b,semantic,same_condition_token_matched,semantic:stateful-contracts_documents-set_signature_event_type-01:decoy-observation,semantic:stateful-contracts_documents-set_document_section_text-03:decoy-observation
qwen3-8b,semantic,same_condition_token_matched,semantic:stateful-contracts_documents-set_signature_event_type-02:decoy-observation,semantic:stateful-contracts_documents-set_document_section_text-00:decoy-observation
qwen3-8b,semantic,same_condition_token_matched,semantic:stateful-contracts_documents-set_signature_event_type-03:decoy-observation,semantic:stateful-workforce_access-set_overtime_approval_threshold-00:decoy-observation
qwen3-8b,semantic,same_condition_token_matched,semantic:stateful-contracts_documents-set_signature_event_type-04:decoy-observation,semantic:stateful-workforce_access-set_overtime_approval_threshold-04:decoy-observation
qwen3-8b,semantic,same_condition_token_matched,semantic:stateful-customer_support-set_case_contact_channel-00:decoy-observation,semantic:stateful-finance_ledger-set_budget_planned_amount-02:decoy-observation
qwen3-8b,semantic,same_condition_token_matched,semantic:stateful-customer_support-set_case_contact_channel-01:decoy-observation,semantic:stateful-finance_ledger-set_statement_closing_total-03:decoy-observation
qwen3-8b,semantic,same_condition_token_matched,semantic:stateful-customer_support-set_case_contact_channel-02:decoy-observation,semantic:stateful-customer_support-set_escalation_target-03:decoy-observation
qwen3-8b,semantic,same_condition_token_matched,semantic:stateful-customer_support-set_case_contact_channel-03:decoy-observation,semantic:stateful-finance_ledger-set_budget_planned_amount-01:decoy-observation
qwen3-8b,semantic,same_condition_token_matched,semantic:stateful-customer_support-set_case_contact_channel-04:decoy-observation,semantic:stateful-customer_support-set_refund_maximum_amount-04:decoy-observation
qwen3-8b,semantic,same_condition_token_matched,semantic:stateful-customer_support-set_case_priority-00:decoy-observation,semantic:stateful-customer_support-set_duplicate_similarity_score-00:decoy-observation
qwen3-8b,semantic,same_condition_token_matched,semantic:stateful-customer_support-set_case_priority-01:decoy-observation,semantic:stateful-customer_support-set_sla_duration_minutes-01:decoy-observation
qwen3-8b,semantic,same_condition_token_matched,semantic:stateful-customer_support-set_case_priority-02:decoy-observation,semantic:stateful-customer_support-set_case_routing_owner-01:decoy-observation
qwen3-8b,semantic,same_condition_token_matched,semantic:stateful-customer_support-set_case_priority-03:decoy-observation,semantic:stateful-customer_support-set_refund_maximum_amount-02:decoy-observation
qwen3-8b,semantic,same_condition_token_matched,semantic:stateful-customer_support-set_case_priority-04:decoy-observation,semantic:stateful-customer_support-set_duplicate_similarity_score-01:decoy-observation
qwen3-8b,semantic,same_condition_token_matched,semantic:stateful-customer_support-set_case_routing_owner-00:decoy-observation,semantic:stateful-compliance_audit-set_exception_extension_days-03:decoy-observation
qwen3-8b,semantic,same_condition_token_matched,semantic:stateful-customer_support-set_case_routing_owner-01:decoy-observation,semantic:stateful-customer_support-set_case_priority-02:decoy-observation
qwen3-8b,semantic,same_condition_token_matched,semantic:stateful-customer_support-set_case_routing_owner-02:decoy-observation,semantic:stateful-compliance_audit-set_exception_extension_days-01:decoy-observation
qwen3-8b,semantic,same_condition_token_matched,semantic:stateful-customer_support-set_case_routing_owner-03:decoy-observation,semantic:stateful-customer_support-set_case_priority-01:decoy-observation
qwen3-8b,semantic,same_condition_token_matched,semantic:stateful-customer_support-set_case_routing_owner-04:decoy-observation,semantic:stateful-compliance_audit-set_control_evidence_status-01:decoy-observation
qwen3-8b,semantic,same_condition_token_matched,semantic:stateful-customer_support-set_duplicate_similarity_score-00:decoy-observation,semantic:stateful-customer_support-set_case_priority-00:decoy-observation
qwen3-8b,semantic,same_condition_token_matched,semantic:stateful-customer_support-set_duplicate_similarity_score-01:decoy-observation,semantic:stateful-customer_support-set_case_priority-04:decoy-observation
qwen3-8b,semantic,same_condition_token_matched,semantic:stateful-customer_support-set_duplicate_similarity_score-02:decoy-observation,semantic:stateful-customer_support-set_case_priority-03:decoy-observation
qwen3-8b,semantic,same_condition_token_matched,semantic:stateful-customer_support-set_duplicate_similarity_score-03:decoy-observation,semantic:stateful-customer_support-set_escalation_target-00:decoy-observation
qwen3-8b,semantic,same_condition_token_matched,semantic:stateful-customer_support-set_duplicate_similarity_score-04:decoy-observation,semantic:stateful-customer_support-set_escalation_target-04:decoy-observation
qwen3-8b,semantic,same_condition_token_matched,semantic:stateful-customer_support-set_escalation_target-00:decoy-observation,semantic:stateful-customer_support-set_duplicate_similarity_score-03:decoy-observation
qwen3-8b,semantic,same_condition_token_matched,semantic:stateful-customer_support-set_escalation_target-01:decoy-observation,semantic:stateful-customer_support-set_refund_maximum_amount-00:decoy-observation
qwen3-8b,semantic,same_condition_token_matched,semantic:stateful-customer_support-set_escalation_target-02:decoy-observation,semantic:stateful-customer_support-set_refund_maximum_amount-00:decoy-observation
qwen3-8b,semantic,same_condition_token_matched,semantic:stateful-customer_support-set_escalation_target-03:decoy-observation,semantic:stateful-customer_support-set_next_case_action-04:decoy-observation
qwen3-8b,semantic,same_condition_token_matched,semantic:stateful-customer_support-set_escalation_target-04:decoy-observation,semantic:stateful-customer_support-set_duplicate_similarity_score-03:decoy-observation
qwen3-8b,semantic,same_condition_token_matched,semantic:stateful-customer_support-set_next_case_action-00:decoy-observation,semantic:stateful-finance_ledger-set_statement_closing_total-02:decoy-observation
qwen3-8b,semantic,same_condition_token_matched,semantic:stateful-customer_support-set_next_case_action-01:decoy-observation,semantic:stateful-finance_ledger-set_budget_planned_amount-01:decoy-observation
qwen3-8b,semantic,same_condition_token_matched,semantic:stateful-customer_support-set_next_case_action-02:decoy-observation,semantic:stateful-customer_support-set_refund_maximum_amount-04:decoy-observation
qwen3-8b,semantic,same_condition_token_matched,semantic:stateful-customer_support-set_next_case_action-03:decoy-observation,semantic:stateful-finance_ledger-set_budget_planned_amount-02:decoy-observation
qwen3-8b,semantic,same_condition_token_matched,semantic:stateful-customer_support-set_next_case_action-04:decoy-observation,semantic:stateful-customer_support-set_escalation_target-03:decoy-observation
qwen3-8b,semantic,same_condition_token_matched,semantic:stateful-customer_support-set_refund_maximum_amount-00:decoy-observation,semantic:stateful-customer_support-set_escalation_target-01:decoy-observation
qwen3-8b,semantic,same_condition_token_matched,semantic:stateful-customer_support-set_refund_maximum_amount-01:decoy-observation,semantic:stateful-customer_support-set_case_priority-04:decoy-observation
qwen3-8b,semantic,same_condition_token_matched,semantic:stateful-customer_support-set_refund_maximum_amount-02:decoy-observation,semantic:stateful-customer_support-set_case_priority-03:decoy-observation
qwen3-8b,semantic,same_condition_token_matched,semantic:stateful-customer_support-set_refund_maximum_amount-03:decoy-observation,semantic:stateful-customer_support-set_escalation_target-04:decoy-observation
qwen3-8b,semantic,same_condition_token_matched,semantic:stateful-customer_support-set_refund_maximum_amount-04:decoy-observation,semantic:stateful-customer_support-set_next_case_action-02:decoy-observation
qwen3-8b,semantic,same_condition_token_matched,semantic:stateful-customer_support-set_sla_duration_minutes-00:decoy-observation,semantic:stateful-compliance_audit-set_exception_extension_days-03:decoy-observation
qwen3-8b,semantic,same_condition_token_matched,semantic:stateful-customer_support-set_sla_duration_minutes-01:decoy-observation,semantic:stateful-customer_support-set_case_priority-01:decoy-observation
qwen3-8b,semantic,same_condition_token_matched,semantic:stateful-customer_support-set_sla_duration_minutes-02:decoy-observation,semantic:stateful-compliance_audit-set_control_evidence_status-02:decoy-observation
qwen3-8b,semantic,same_condition_token_matched,semantic:stateful-customer_support-set_sla_duration_minutes-03:decoy-observation,semantic:stateful-customer_support-set_case_priority-02:decoy-observation
qwen3-8b,semantic,same_condition_token_matched,semantic:stateful-customer_support-set_sla_duration_minutes-04:decoy-observation,semantic:stateful-compliance_audit-set_control_evidence_status-03:decoy-observation
qwen3-8b,semantic,same_condition_token_matched,semantic:stateful-finance_ledger-post_transaction_fee-00:decoy-observation,semantic:stateful-finance_ledger-set_ledger_entry_amount-03:decoy-observation
qwen3-8b,semantic,same_condition_token_matched,semantic:stateful-finance_ledger-post_transaction_fee-01:decoy-observation,semantic:stateful-finance_ledger-set_account_hold_amount-03:decoy-observation
qwen3-8b,semantic,same_condition_token_matched,semantic:stateful-finance_ledger-post_transaction_fee-02:decoy-observation,semantic:stateful-finance_ledger-set_ledger_entry_amount-04:decoy-observation
qwen3-8b,semantic,same_condition_token_matched,semantic:stateful-finance_ledger-post_transaction_fee-03:decoy-observation,semantic:stateful-finance_ledger-set_payment_status_code-01:decoy-observation
qwen3-8b,semantic,same_condition_token_matched,semantic:stateful-finance_ledger-post_transaction_fee-04:decoy-observation,semantic:stateful-finance_ledger-set_payment_status_code-01:decoy-observation
qwen3-8b,semantic,same_condition_token_matched,semantic:stateful-finance_ledger-record_tax_basis-00:decoy-observation,semantic:stateful-finance_ledger-set_ledger_entry_amount-02:decoy-observation
qwen3-8b,semantic,same_condition_token_matched,semantic:stateful-finance_ledger-record_tax_basis-01:decoy-observation,semantic:stateful-finance_ledger-set_fx_exchange_rate-01:decoy-observation
qwen3-8b,semantic,same_condition_token_matched,semantic:stateful-finance_ledger-record_tax_basis-02:decoy-observation,semantic:stateful-finance_ledger-set_payment_status_code-03:decoy-observation
qwen3-8b,semantic,same_condition_token_matched,semantic:stateful-finance_ledger-record_tax_basis-03:decoy-observation,semantic:stateful-finance_ledger-set_ledger_entry_amount-03:decoy-observation
qwen3-8b,semantic,same_condition_token_matched,semantic:stateful-finance_ledger-record_tax_basis-04:decoy-observation,semantic:stateful-finance_ledger-set_account_hold_amount-03:decoy-observation
qwen3-8b,semantic,same_condition_token_matched,semantic:stateful-finance_ledger-set_account_hold_amount-00:decoy-observation,semantic:stateful-finance_ledger-set_fx_exchange_rate-00:decoy-observation
qwen3-8b,semantic,same_condition_token_matched,semantic:stateful-finance_ledger-set_account_hold_amount-01:decoy-observation,semantic:stateful-finance_ledger-set_payment_status_code-04:decoy-observation
qwen3-8b,semantic,same_condition_token_matched,semantic:stateful-finance_ledger-set_account_hold_amount-02:decoy-observation,semantic:stateful-finance_ledger-set_fx_exchange_rate-00:decoy-observation
qwen3-8b,semantic,same_condition_token_matched,semantic:stateful-finance_ledger-set_account_hold_amount-03:decoy-observation,semantic:stateful-finance_ledger-set_fx_exchange_rate-03:decoy-observation
qwen3-8b,semantic,same_condition_token_matched,semantic:stateful-finance_ledger-set_account_hold_amount-04:decoy-observation,semantic:stateful-finance_ledger-set_fx_exchange_rate-01:decoy-observation
qwen3-8b,semantic,same_condition_token_matched,semantic:stateful-finance_ledger-set_audit_event_reference-00:decoy-observation,semantic:stateful-finance_ledger-set_fx_exchange_rate-02:decoy-observation
qwen3-8b,semantic,same_condition_token_matched,semantic:stateful-finance_ledger-set_audit_event_reference-01:decoy-observation,semantic:stateful-finance_ledger-set_budget_planned_amount-03:decoy-observation
qwen3-8b,semantic,same_condition_token_matched,semantic:stateful-finance_ledger-set_audit_event_reference-02:decoy-observation,semantic:stateful-customer_support-set_case_contact_channel-01:decoy-observation
qwen3-8b,semantic,same_condition_token_matched,semantic:stateful-finance_ledger-set_audit_event_reference-03:decoy-observation,semantic:stateful-finance_ledger-set_budget_planned_amount-00:decoy-observation
qwen3-8b,semantic,same_condition_token_matched,semantic:stateful-finance_ledger-set_audit_event_reference-04:decoy-observation,semantic:stateful-finance_ledger-set_budget_planned_amount-00:decoy-observation
qwen3-8b,semantic,same_condition_token_matched,semantic:stateful-finance_ledger-set_budget_planned_amount-00:decoy-observation,semantic:stateful-finance_ledger-set_journal_debit_amount-02:decoy-observation
qwen3-8b,semantic,same_condition_token_matched,semantic:stateful-finance_ledger-set_budget_planned_amount-01:decoy-observation,semantic:stateful-customer_support-set_next_case_action-01:decoy-observation
qwen3-8b,semantic,same_condition_token_matched,semantic:stateful-finance_ledger-set_budget_planned_amount-02:decoy-observation,semantic:stateful-customer_support-set_next_case_action-03:decoy-observation
qwen3-8b,semantic,same_condition_token_matched,semantic:stateful-finance_ledger-set_budget_planned_amount-03:decoy-observation,semantic:stateful-finance_ledger-set_audit_event_reference-02:decoy-observation
qwen3-8b,semantic,same_condition_token_matched,semantic:stateful-finance_ledger-set_budget_planned_amount-04:decoy-observation,semantic:stateful-customer_support-set_case_contact_channel-00:decoy-observation
qwen3-8b,semantic,same_condition_token_matched,semantic:stateful-finance_ledger-set_fx_exchange_rate-00:decoy-observation,semantic:stateful-finance_ledger-set_account_hold_amount-00:decoy-observation
qwen3-8b,semantic,same_condition_token_matched,semantic:stateful-finance_ledger-set_fx_exchange_rate-01:decoy-observation,semantic:stateful-finance_ledger-set_account_hold_amount-04:decoy-observation
qwen3-8b,semantic,same_condition_token_matched,semantic:stateful-finance_ledger-set_fx_exchange_rate-02:decoy-observation,semantic:stateful-finance_ledger-set_ledger_entry_amount-01:decoy-observation
qwen3-8b,semantic,same_condition_token_matched,semantic:stateful-finance_ledger-set_fx_exchange_rate-03:decoy-observation,semantic:stateful-finance_ledger-set_ledger_entry_amount-00:decoy-observation
qwen3-8b,semantic,same_condition_token_matched,semantic:stateful-finance_ledger-set_fx_exchange_rate-04:decoy-observation,semantic:stateful-finance_ledger-set_ledger_entry_amount-01:decoy-observation
qwen3-8b,semantic,same_condition_token_matched,semantic:stateful-finance_ledger-set_journal_debit_amount-00:decoy-observation,semantic:stateful-finance_ledger-set_fx_exchange_rate-02:decoy-observation
qwen3-8b,semantic,same_condition_token_matched,semantic:stateful-finance_ledger-set_journal_debit_amount-01:decoy-observation,semantic:stateful-finance_ledger-set_budget_planned_amount-03:decoy-observation
qwen3-8b,semantic,same_condition_token_matched,semantic:stateful-finance_ledger-set_journal_debit_amount-02:decoy-observation,semantic:stateful-finance_ledger-set_statement_closing_total-00:decoy-observation
qwen3-8b,semantic,same_condition_token_matched,semantic:stateful-finance_ledger-set_journal_debit_amount-03:decoy-observation,semantic:stateful-finance_ledger-set_statement_closing_total-00:decoy-observation
qwen3-8b,semantic,same_condition_token_matched,semantic:stateful-finance_ledger-set_journal_debit_amount-04:decoy-observation,semantic:stateful-finance_ledger-set_payment_status_code-02:decoy-observation
qwen3-8b,semantic,same_condition_token_matched,semantic:stateful-finance_ledger-set_ledger_entry_amount-00:decoy-observation,semantic:stateful-finance_ledger-set_payment_status_code-00:decoy-observation
qwen3-8b,semantic,same_condition_token_matched,semantic:stateful-finance_ledger-set_ledger_entry_amount-01:decoy-observation,semantic:stateful-finance_ledger-set_payment_status_code-04:decoy-observation
qwen3-8b,semantic,same_condition_token_matched,semantic:stateful-finance_ledger-set_ledger_entry_amount-02:decoy-observation,semantic:stateful-finance_ledger-set_fx_exchange_rate-03:decoy-observation
qwen3-8b,semantic,same_condition_token_matched,semantic:stateful-finance_ledger-set_ledger_entry_amount-03:decoy-observation,semantic:stateful-finance_ledger-set_payment_status_code-03:decoy-observation
qwen3-8b,semantic,same_condition_token_matched,semantic:stateful-finance_ledger-set_ledger_entry_amount-04:decoy-observation,semantic:stateful-finance_ledger-set_payment_status_code-00:decoy-observation
qwen3-8b,semantic,same_condition_token_matched,semantic:stateful-finance_ledger-set_payment_status_code-00:decoy-observation,semantic:stateful-finance_ledger-set_ledger_entry_amount-00:decoy-observation
qwen3-8b,semantic,same_condition_token_matched,semantic:stateful-finance_ledger-set_payment_status_code-01:decoy-observation,semantic:stateful-finance_ledger-set_ledger_entry_amount-02:decoy-observation
qwen3-8b,semantic,same_condition_token_matched,semantic:stateful-finance_ledger-set_payment_status_code-02:decoy-observation,semantic:stateful-finance_ledger-set_account_hold_amount-01:decoy-observation
qwen3-8b,semantic,same_condition_token_matched,semantic:stateful-finance_ledger-set_payment_status_code-03:decoy-observation,semantic:stateful-finance_ledger-set_ledger_entry_amount-04:decoy-observation
qwen3-8b,semantic,same_condition_token_matched,semantic:stateful-finance_ledger-set_payment_status_code-04:decoy-observation,semantic:stateful-finance_ledger-set_account_hold_amount-01:decoy-observation
qwen3-8b,semantic,same_condition_token_matched,semantic:stateful-finance_ledger-set_statement_closing_total-00:decoy-observation,semantic:stateful-finance_ledger-set_journal_debit_amount-02:decoy-observation
qwen3-8b,semantic,same_condition_token_matched,semantic:stateful-finance_ledger-set_statement_closing_total-01:decoy-observation,semantic:stateful-customer_support-set_next_case_action-03:decoy-observation
qwen3-8b,semantic,same_condition_token_matched,semantic:stateful-finance_ledger-set_statement_closing_total-02:decoy-observation,semantic:stateful-customer_support-set_next_case_action-00:decoy-observation
qwen3-8b,semantic,same_condition_token_matched,semantic:stateful-finance_ledger-set_statement_closing_total-03:decoy-observation,semantic:stateful-customer_support-set_case_contact_channel-01:decoy-observation
qwen3-8b,semantic,same_condition_token_matched,semantic:stateful-finance_ledger-set_statement_closing_total-04:decoy-observation,semantic:stateful-customer_support-set_next_case_action-00:decoy-observation
qwen3-8b,semantic,same_condition_token_matched,semantic:stateful-inventory_fulfillment-apply_cycle_count_adjustment-00:decoy-observation,semantic:stateful-inventory_fulfillment-set_expiry_warning_window-02:decoy-observation
qwen3-8b,semantic,same_condition_token_matched,semantic:stateful-inventory_fulfillment-apply_cycle_count_adjustment-01:decoy-observation,semantic:stateful-inventory_fulfillment-set_expiry_warning_window-01:decoy-observation
qwen3-8b,semantic,same_condition_token_matched,semantic:stateful-inventory_fulfillment-apply_cycle_count_adjustment-02:decoy-observation,semantic:stateful-inventory_fulfillment-set_expiry_warning_window-02:decoy-observation
qwen3-8b,semantic,same_condition_token_matched,semantic:stateful-inventory_fulfillment-apply_cycle_count_adjustment-03:decoy-observation,semantic:stateful-inventory_fulfillment-set_expiry_warning_window-00:decoy-observation
qwen3-8b,semantic,same_condition_token_matched,semantic:stateful-inventory_fulfillment-apply_cycle_count_adjustment-04:decoy-observation,semantic:stateful-inventory_fulfillment-set_source_transfer_cost-04:decoy-observation
qwen3-8b,semantic,same_condition_token_matched,semantic:stateful-inventory_fulfillment-apply_sales_reservation-00:decoy-observation,semantic:stateful-inventory_fulfillment-set_source_transfer_cost-02:decoy-observation
qwen3-8b,semantic,same_condition_token_matched,semantic:stateful-inventory_fulfillment-apply_sales_reservation-01:decoy-observation,semantic:stateful-inventory_fulfillment-set_source_transfer_cost-01:decoy-observation
qwen3-8b,semantic,same_condition_token_matched,semantic:stateful-inventory_fulfillment-apply_sales_reservation-02:decoy-observation,semantic:stateful-inventory_fulfillment-set_source_transfer_cost-02:decoy-observation
qwen3-8b,semantic,same_condition_token_matched,semantic:stateful-inventory_fulfillment-apply_sales_reservation-03:decoy-observation,semantic:stateful-inventory_fulfillment-set_expiry_warning_window-01:decoy-observation
qwen3-8b,semantic,same_condition_token_matched,semantic:stateful-inventory_fulfillment-apply_sales_reservation-04:decoy-observation,semantic:stateful-inventory_fulfillment-set_source_transfer_cost-01:decoy-observation
qwen3-8b,semantic,same_condition_token_matched,semantic:stateful-inventory_fulfillment-set_backorder_customer_tier-00:decoy-observation,semantic:stateful-inventory_fulfillment-set_reorder_target_cover-03:decoy-observation
qwen3-8b,semantic,same_condition_token_matched,semantic:stateful-inventory_fulfillment-set_backorder_customer_tier-01:decoy-observation,semantic:stateful-inventory_fulfillment-set_safety_stock_floor-01:decoy-observation
qwen3-8b,semantic,same_condition_token_matched,semantic:stateful-inventory_fulfillment-set_backorder_customer_tier-02:decoy-observation,semantic:stateful-inventory_fulfillment-set_reorder_target_cover-00:decoy-observation
qwen3-8b,semantic,same_condition_token_matched,semantic:stateful-inventory_fulfillment-set_backorder_customer_tier-03:decoy-observation,semantic:stateful-inventory_fulfillment-set_safety_stock_floor-01:decoy-observation
qwen3-8b,semantic,same_condition_token_matched,semantic:stateful-inventory_fulfillment-set_backorder_customer_tier-04:decoy-observation,semantic:stateful-inventory_fulfillment-set_reorder_target_cover-00:decoy-observation
qwen3-8b,semantic,same_condition_token_matched,semantic:stateful-inventory_fulfillment-set_bin_pick_sequence-00:decoy-observation,semantic:stateful-inventory_fulfillment-set_warehouse_capacity_volume-03:decoy-observation
qwen3-8b,semantic,same_condition_token_matched,semantic:stateful-inventory_fulfillment-set_bin_pick_sequence-01:decoy-observation,semantic:stateful-inventory_fulfillment-set_reorder_target_cover-01:decoy-observation
qwen3-8b,semantic,same_condition_token_matched,semantic:stateful-inventory_fulfillment-set_bin_pick_sequence-02:decoy-observation,semantic:stateful-inventory_fulfillment-set_fulfillment_on_hand_units-04:decoy-observation
qwen3-8b,semantic,same_condition_token_matched,semantic:stateful-inventory_fulfillment-set_bin_pick_sequence-03:decoy-observation,semantic:stateful-inventory_fulfillment-set_safety_stock_floor-00:decoy-observation
qwen3-8b,semantic,same_condition_token_matched,semantic:stateful-inventory_fulfillment-set_bin_pick_sequence-04:decoy-observation,semantic:stateful-inventory_fulfillment-set_fulfillment_on_hand_units-04:decoy-observation
qwen3-8b,semantic,same_condition_token_matched,semantic:stateful-inventory_fulfillment-set_expiry_warning_window-00:decoy-observation,semantic:stateful-inventory_fulfillment-apply_cycle_count_adjustment-01:decoy-observation
qwen3-8b,semantic,same_condition_token_matched,semantic:stateful-inventory_fulfillment-set_expiry_warning_window-01:decoy-observation,semantic:stateful-inventory_fulfillment-apply_cycle_count_adjustment-01:decoy-observation
qwen3-8b,semantic,same_condition_token_matched,semantic:stateful-inventory_fulfillment-set_expiry_warning_window-02:decoy-observation,semantic:stateful-inventory_fulfillment-apply_cycle_count_adjustment-04:decoy-observation
qwen3-8b,semantic,same_condition_token_matched,semantic:stateful-inventory_fulfillment-set_expiry_warning_window-03:decoy-observation,semantic:stateful-inventory_fulfillment-apply_cycle_count_adjustment-03:decoy-observation
qwen3-8b,semantic,same_condition_token_matched,semantic:stateful-inventory_fulfillment-set_expiry_warning_window-04:decoy-observation,semantic:stateful-inventory_fulfillment-apply_cycle_count_adjustment-00:decoy-observation
qwen3-8b,semantic,same_condition_token_matched,semantic:stateful-inventory_fulfillment-set_fulfillment_on_hand_units-00:decoy-observation,semantic:stateful-inventory_fulfillment-set_bin_pick_sequence-00:decoy-observation
qwen3-8b,semantic,same_condition_token_matched,semantic:stateful-inventory_fulfillment-set_fulfillment_on_hand_units-01:decoy-observation,semantic:stateful-inventory_fulfillment-set_bin_pick_sequence-02:decoy-observation
qwen3-8b,semantic,same_condition_token_matched,semantic:stateful-inventory_fulfillment-set_fulfillment_on_hand_units-02:decoy-observation,semantic:stateful-inventory_fulfillment-set_reorder_target_cover-02:decoy-observation
qwen3-8b,semantic,same_condition_token_matched,semantic:stateful-inventory_fulfillment-set_fulfillment_on_hand_units-03:decoy-observation,semantic:stateful-inventory_fulfillment-set_bin_pick_sequence-04:decoy-observation
qwen3-8b,semantic,same_condition_token_matched,semantic:stateful-inventory_fulfillment-set_fulfillment_on_hand_units-04:decoy-observation,semantic:stateful-inventory_fulfillment-set_bin_pick_sequence-04:decoy-observation
qwen3-8b,semantic,same_condition_token_matched,semantic:stateful-inventory_fulfillment-set_reorder_target_cover-00:decoy-observation,semantic:stateful-inventory_fulfillment-set_backorder_customer_tier-04:decoy-observation
qwen3-8b,semantic,same_condition_token_matched,semantic:stateful-inventory_fulfillment-set_reorder_target_cover-01:decoy-observation,semantic:stateful-inventory_fulfillment-set_bin_pick_sequence-01:decoy-observation
qwen3-8b,semantic,same_condition_token_matched,semantic:stateful-inventory_fulfillment-set_reorder_target_cover-02:decoy-observation,semantic:stateful-inventory_fulfillment-set_warehouse_capacity_volume-04:decoy-observation
qwen3-8b,semantic,same_condition_token_matched,semantic:stateful-inventory_fulfillment-set_reorder_target_cover-03:decoy-observation,semantic:stateful-inventory_fulfillment-set_backorder_customer_tier-00:decoy-observation
qwen3-8b,semantic,same_condition_token_matched,semantic:stateful-inventory_fulfillment-set_reorder_target_cover-04:decoy-observation,semantic:stateful-inventory_fulfillment-set_backorder_customer_tier-00:decoy-observation
qwen3-8b,semantic,same_condition_token_matched,semantic:stateful-inventory_fulfillment-set_safety_stock_floor-00:decoy-observation,semantic:stateful-inventory_fulfillment-set_bin_pick_sequence-03:decoy-observation
qwen3-8b,semantic,same_condition_token_matched,semantic:stateful-inventory_fulfillment-set_safety_stock_floor-01:decoy-observation,semantic:stateful-inventory_fulfillment-set_bin_pick_sequence-01:decoy-observation
qwen3-8b,semantic,same_condition_token_matched,semantic:stateful-inventory_fulfillment-set_safety_stock_floor-02:decoy-observation,semantic:stateful-inventory_fulfillment-set_warehouse_capacity_volume-04:decoy-observation
qwen3-8b,semantic,same_condition_token_matched,semantic:stateful-inventory_fulfillment-set_safety_stock_floor-03:decoy-observation,semantic:stateful-inventory_fulfillment-set_backorder_customer_tier-04:decoy-observation
qwen3-8b,semantic,same_condition_token_matched,semantic:stateful-inventory_fulfillment-set_safety_stock_floor-04:decoy-observation,semantic:stateful-inventory_fulfillment-set_bin_pick_sequence-03:decoy-observation
qwen3-8b,semantic,same_condition_token_matched,semantic:stateful-inventory_fulfillment-set_source_transfer_cost-00:decoy-observation,semantic:stateful-inventory_fulfillment-apply_sales_reservation-03:decoy-observation
qwen3-8b,semantic,same_condition_token_matched,semantic:stateful-inventory_fulfillment-set_source_transfer_cost-01:decoy-observation,semantic:stateful-inventory_fulfillment-apply_sales_reservation-03:decoy-observation
qwen3-8b,semantic,same_condition_token_matched,semantic:stateful-inventory_fulfillment-set_source_transfer_cost-02:decoy-observation,semantic:stateful-inventory_fulfillment-apply_sales_reservation-04:decoy-observation
qwen3-8b,semantic,same_condition_token_matched,semantic:stateful-inventory_fulfillment-set_source_transfer_cost-03:decoy-observation,semantic:stateful-inventory_fulfillment-apply_cycle_count_adjustment-03:decoy-observation
qwen3-8b,semantic,same_condition_token_matched,semantic:stateful-inventory_fulfillment-set_source_transfer_cost-04:decoy-observation,semantic:stateful-inventory_fulfillment-apply_cycle_count_adjustment-04:decoy-observation
qwen3-8b,semantic,same_condition_token_matched,semantic:stateful-inventory_fulfillment-set_warehouse_capacity_volume-00:decoy-observation,semantic:stateful-inventory_fulfillment-set_safety_stock_floor-02:decoy-observation
qwen3-8b,semantic,same_condition_token_matched,semantic:stateful-inventory_fulfillment-set_warehouse_capacity_volume-01:decoy-observation,semantic:stateful-inventory_fulfillment-set_reorder_target_cover-02:decoy-observation
qwen3-8b,semantic,same_condition_token_matched,semantic:stateful-inventory_fulfillment-set_warehouse_capacity_volume-02:decoy-observation,semantic:stateful-inventory_fulfillment-set_safety_stock_floor-02:decoy-observation
qwen3-8b,semantic,same_condition_token_matched,semantic:stateful-inventory_fulfillment-set_warehouse_capacity_volume-03:decoy-observation,semantic:stateful-inventory_fulfillment-set_bin_pick_sequence-02:decoy-observation
qwen3-8b,semantic,same_condition_token_matched,semantic:stateful-inventory_fulfillment-set_warehouse_capacity_volume-04:decoy-observation,semantic:stateful-inventory_fulfillment-set_bin_pick_sequence-00:decoy-observation
qwen3-8b,semantic,same_condition_token_matched,semantic:stateful-pricing_billing-activate_list_price-00:decoy-observation,semantic:stateful-pricing_billing-set_shipping_minimum_charge-02:decoy-observation
qwen3-8b,semantic,same_condition_token_matched,semantic:stateful-pricing_billing-activate_list_price-01:decoy-observation,semantic:stateful-pricing_billing-set_tax_rate-01:decoy-observation
qwen3-8b,semantic,same_condition_token_matched,semantic:stateful-pricing_billing-activate_list_price-02:decoy-observation,semantic:stateful-pricing_billing-set_shipping_minimum_charge-02:decoy-observation
qwen3-8b,semantic,same_condition_token_matched,semantic:stateful-pricing_billing-activate_list_price-03:decoy-observation,semantic:stateful-pricing_billing-set_tax_rate-03:decoy-observation
qwen3-8b,semantic,same_condition_token_matched,semantic:stateful-pricing_billing-activate_list_price-04:decoy-observation,semantic:stateful-pricing_billing-set_tax_rate-00:decoy-observation
qwen3-8b,semantic,same_condition_token_matched,semantic:stateful-pricing_billing-activate_margin_floor-00:decoy-observation,semantic:stateful-pricing_billing-set_shipping_minimum_charge-01:decoy-observation
qwen3-8b,semantic,same_condition_token_matched,semantic:stateful-pricing_billing-activate_margin_floor-01:decoy-observation,semantic:stateful-pricing_billing-set_tax_rate-00:decoy-observation
qwen3-8b,semantic,same_condition_token_matched,semantic:stateful-pricing_billing-activate_margin_floor-02:decoy-observation,semantic:stateful-pricing_billing-set_shipping_minimum_charge-00:decoy-observation
qwen3-8b,semantic,same_condition_token_matched,semantic:stateful-pricing_billing-activate_margin_floor-03:decoy-observation,semantic:stateful-pricing_billing-set_shipping_minimum_charge-01:decoy-observation
qwen3-8b,semantic,same_condition_token_matched,semantic:stateful-pricing_billing-activate_margin_floor-04:decoy-observation,semantic:stateful-pricing_billing-set_shipping_minimum_charge-00:decoy-observation
qwen3-8b,semantic,same_condition_token_matched,semantic:stateful-pricing_billing-set_contract_adjustment_value-00:decoy-observation,semantic:stateful-pricing_billing-set_credit_adjustment_value-00:decoy-observation
qwen3-8b,semantic,same_condition_token_matched,semantic:stateful-pricing_billing-set_contract_adjustment_value-01:decoy-observation,semantic:stateful-pricing_billing-set_credit_adjustment_value-04:decoy-observation
qwen3-8b,semantic,same_condition_token_matched,semantic:stateful-pricing_billing-set_contract_adjustment_value-02:decoy-observation,semantic:stateful-pricing_billing-set_currency_exchange_rate-03:decoy-observation
qwen3-8b,semantic,same_condition_token_matched,semantic:stateful-pricing_billing-set_contract_adjustment_value-03:decoy-observation,semantic:stateful-pricing_billing-set_credit_adjustment_value-03:decoy-observation
qwen3-8b,semantic,same_condition_token_matched,semantic:stateful-pricing_billing-set_contract_adjustment_value-04:decoy-observation,semantic:stateful-pricing_billing-set_credit_adjustment_value-00:decoy-observation
qwen3-8b,semantic,same_condition_token_matched,semantic:stateful-pricing_billing-set_credit_adjustment_value-00:decoy-observation,semantic:stateful-pricing_billing-set_contract_adjustment_value-02:decoy-observation
qwen3-8b,semantic,same_condition_token_matched,semantic:stateful-pricing_billing-set_credit_adjustment_value-01:decoy-observation,semantic:stateful-pricing_billing-set_promotion_discount_value-01:decoy-observation
qwen3-8b,semantic,same_condition_token_matched,semantic:stateful-pricing_billing-set_credit_adjustment_value-02:decoy-observation,semantic:stateful-pricing_billing-set_contract_adjustment_value-04:decoy-observation
qwen3-8b,semantic,same_condition_token_matched,semantic:stateful-pricing_billing-set_credit_adjustment_value-03:decoy-observation,semantic:stateful-pricing_billing-set_contract_adjustment_value-01:decoy-observation
qwen3-8b,semantic,same_condition_token_matched,semantic:stateful-pricing_billing-set_credit_adjustment_value-04:decoy-observation,semantic:stateful-pricing_billing-set_contract_adjustment_value-01:decoy-observation
qwen3-8b,semantic,same_condition_token_matched,semantic:stateful-pricing_billing-set_currency_exchange_rate-00:decoy-observation,semantic:stateful-pricing_billing-set_contract_adjustment_value-00:decoy-observation
qwen3-8b,semantic,same_condition_token_matched,semantic:stateful-pricing_billing-set_currency_exchange_rate-01:decoy-observation,semantic:stateful-pricing_billing-set_promotion_discount_value-02:decoy-observation
qwen3-8b,semantic,same_condition_token_matched,semantic:stateful-pricing_billing-set_currency_exchange_rate-02:decoy-observation,semantic:stateful-pricing_billing-set_promotion_discount_value-04:decoy-observation
qwen3-8b,semantic,same_condition_token_matched,semantic:stateful-pricing_billing-set_currency_exchange_rate-03:decoy-observation,semantic:stateful-pricing_billing-set_contract_adjustment_value-02:decoy-observation
qwen3-8b,semantic,same_condition_token_matched,semantic:stateful-pricing_billing-set_currency_exchange_rate-04:decoy-observation,semantic:stateful-pricing_billing-set_promotion_discount_value-04:decoy-observation
qwen3-8b,semantic,same_condition_token_matched,semantic:stateful-pricing_billing-set_order_discount_value-00:decoy-observation,semantic:stateful-pricing_billing-set_currency_exchange_rate-00:decoy-observation
qwen3-8b,semantic,same_condition_token_matched,semantic:stateful-pricing_billing-set_order_discount_value-01:decoy-observation,semantic:stateful-pricing_billing-set_promotion_discount_value-02:decoy-observation
qwen3-8b,semantic,same_condition_token_matched,semantic:stateful-pricing_billing-set_order_discount_value-02:decoy-observation,semantic:stateful-workforce_access-set_access_minimum_clearance-03:decoy-observation
qwen3-8b,semantic,same_condition_token_matched,semantic:stateful-pricing_billing-set_order_discount_value-03:decoy-observation,semantic:stateful-workforce_access-set_access_minimum_clearance-03:decoy-observation
qwen3-8b,semantic,same_condition_token_matched,semantic:stateful-pricing_billing-set_order_discount_value-04:decoy-observation,semantic:stateful-pricing_billing-set_promotion_discount_value-00:decoy-observation
qwen3-8b,semantic,same_condition_token_matched,semantic:stateful-pricing_billing-set_promotion_discount_value-00:decoy-observation,semantic:stateful-pricing_billing-set_currency_exchange_rate-01:decoy-observation
qwen3-8b,semantic,same_condition_token_matched,semantic:stateful-pricing_billing-set_promotion_discount_value-01:decoy-observation,semantic:stateful-pricing_billing-set_credit_adjustment_value-02:decoy-observation
qwen3-8b,semantic,same_condition_token_matched,semantic:stateful-pricing_billing-set_promotion_discount_value-02:decoy-observation,semantic:stateful-pricing_billing-set_currency_exchange_rate-01:decoy-observation
qwen3-8b,semantic,same_condition_token_matched,semantic:stateful-pricing_billing-set_promotion_discount_value-03:decoy-observation,semantic:stateful-pricing_billing-set_credit_adjustment_value-02:decoy-observation
qwen3-8b,semantic,same_condition_token_matched,semantic:stateful-pricing_billing-set_promotion_discount_value-04:decoy-observation,semantic:stateful-pricing_billing-set_currency_exchange_rate-04:decoy-observation
qwen3-8b,semantic,same_condition_token_matched,semantic:stateful-pricing_billing-set_service_fee_value-00:decoy-observation,semantic:stateful-pricing_billing-set_promotion_discount_value-00:decoy-observation
qwen3-8b,semantic,same_condition_token_matched,semantic:stateful-pricing_billing-set_service_fee_value-01:decoy-observation,semantic:stateful-pricing_billing-set_currency_exchange_rate-02:decoy-observation
qwen3-8b,semantic,same_condition_token_matched,semantic:stateful-pricing_billing-set_service_fee_value-02:decoy-observation,semantic:stateful-pricing_billing-set_currency_exchange_rate-00:decoy-observation
qwen3-8b,semantic,same_condition_token_matched,semantic:stateful-pricing_billing-set_service_fee_value-03:decoy-observation,semantic:stateful-pricing_billing-set_currency_exchange_rate-02:decoy-observation
qwen3-8b,semantic,same_condition_token_matched,semantic:stateful-pricing_billing-set_service_fee_value-04:decoy-observation,semantic:stateful-pricing_billing-set_contract_adjustment_value-00:decoy-observation
qwen3-8b,semantic,same_condition_token_matched,semantic:stateful-pricing_billing-set_shipping_minimum_charge-00:decoy-observation,semantic:stateful-pricing_billing-activate_margin_floor-02:decoy-observation
qwen3-8b,semantic,same_condition_token_matched,semantic:stateful-pricing_billing-set_shipping_minimum_charge-01:decoy-observation,semantic:stateful-pricing_billing-activate_list_price-00:decoy-observation
qwen3-8b,semantic,same_condition_token_matched,semantic:stateful-pricing_billing-set_shipping_minimum_charge-02:decoy-observation,semantic:stateful-pricing_billing-activate_list_price-02:decoy-observation
qwen3-8b,semantic,same_condition_token_matched,semantic:stateful-pricing_billing-set_shipping_minimum_charge-03:decoy-observation,semantic:stateful-pricing_billing-activate_margin_floor-04:decoy-observation
qwen3-8b,semantic,same_condition_token_matched,semantic:stateful-pricing_billing-set_shipping_minimum_charge-04:decoy-observation,semantic:stateful-pricing_billing-activate_margin_floor-00:decoy-observation
qwen3-8b,semantic,same_condition_token_matched,semantic:stateful-pricing_billing-set_tax_rate-00:decoy-observation,semantic:stateful-pricing_billing-activate_list_price-04:decoy-observation
qwen3-8b,semantic,same_condition_token_matched,semantic:stateful-pricing_billing-set_tax_rate-01:decoy-observation,semantic:stateful-pricing_billing-activate_list_price-01:decoy-observation
qwen3-8b,semantic,same_condition_token_matched,semantic:stateful-pricing_billing-set_tax_rate-02:decoy-observation,semantic:stateful-pricing_billing-activate_list_price-01:decoy-observation
qwen3-8b,semantic,same_condition_token_matched,semantic:stateful-pricing_billing-set_tax_rate-03:decoy-observation,semantic:stateful-pricing_billing-activate_list_price-03:decoy-observation
qwen3-8b,semantic,same_condition_token_matched,semantic:stateful-pricing_billing-set_tax_rate-04:decoy-observation,semantic:stateful-pricing_billing-activate_margin_floor-03:decoy-observation
qwen3-8b,semantic,same_condition_token_matched,semantic:stateful-procurement_suppliers-assign_quote_supplier-00:decoy-observation,semantic:stateful-procurement_suppliers-set_purchase_approval_threshold-03:decoy-observation
qwen3-8b,semantic,same_condition_token_matched,semantic:stateful-procurement_suppliers-assign_quote_supplier-01:decoy-observation,semantic:stateful-procurement_suppliers-set_supplier_transit_days-02:decoy-observation
qwen3-8b,semantic,same_condition_token_matched,semantic:stateful-procurement_suppliers-assign_quote_supplier-02:decoy-observation,semantic:stateful-procurement_suppliers-set_purchase_approval_threshold-02:decoy-observation
qwen3-8b,semantic,same_condition_token_matched,semantic:stateful-procurement_suppliers-assign_quote_supplier-03:decoy-observation,semantic:stateful-procurement_suppliers-set_purchase_approval_threshold-00:decoy-observation
qwen3-8b,semantic,same_condition_token_matched,semantic:stateful-procurement_suppliers-assign_quote_supplier-04:decoy-observation,semantic:stateful-procurement_suppliers-set_purchase_approval_threshold-04:decoy-observation
qwen3-8b,semantic,same_condition_token_matched,semantic:stateful-procurement_suppliers-set_contract_allowed_price-00:decoy-observation,semantic:stateful-procurement_suppliers-set_expedited_delivery_days-03:decoy-observation
qwen3-8b,semantic,same_condition_token_matched,semantic:stateful-procurement_suppliers-set_contract_allowed_price-01:decoy-observation,semantic:stateful-procurement_suppliers-set_expedited_delivery_days-02:decoy-observation
qwen3-8b,semantic,same_condition_token_matched,semantic:stateful-procurement_suppliers-set_contract_allowed_price-02:decoy-observation,semantic:stateful-procurement_suppliers-set_supplier_performance_value-04:decoy-observation
qwen3-8b,semantic,same_condition_token_matched,semantic:stateful-procurement_suppliers-set_contract_allowed_price-03:decoy-observation,semantic:stateful-procurement_suppliers-set_expedited_delivery_days-04:decoy-observation
qwen3-8b,semantic,same_condition_token_matched,semantic:stateful-procurement_suppliers-set_contract_allowed_price-04:decoy-observation,semantic:stateful-procurement_suppliers-set_expedited_delivery_days-00:decoy-observation
qwen3-8b,semantic,same_condition_token_matched,semantic:stateful-procurement_suppliers-set_expedited_delivery_days-00:decoy-observation,semantic:stateful-procurement_suppliers-set_contract_allowed_price-04:decoy-observation
qwen3-8b,semantic,same_condition_token_matched,semantic:stateful-procurement_suppliers-set_expedited_delivery_days-01:decoy-observation,semantic:stateful-procurement_suppliers-set_goods_receipt_quantity-02:decoy-observation
qwen3-8b,semantic,same_condition_token_matched,semantic:stateful-procurement_suppliers-set_expedited_delivery_days-02:decoy-observation,semantic:stateful-procurement_suppliers-set_goods_receipt_quantity-02:decoy-observation
qwen3-8b,semantic,same_condition_token_matched,semantic:stateful-procurement_suppliers-set_expedited_delivery_days-03:decoy-observation,semantic:stateful-procurement_suppliers-set_goods_receipt_quantity-04:decoy-observation
qwen3-8b,semantic,same_condition_token_matched,semantic:stateful-procurement_suppliers-set_expedited_delivery_days-04:decoy-observation,semantic:stateful-procurement_suppliers-set_goods_receipt_quantity-04:decoy-observation
qwen3-8b,semantic,same_condition_token_matched,semantic:stateful-procurement_suppliers-set_goods_receipt_quantity-00:decoy-observation,semantic:stateful-procurement_suppliers-set_expedited_delivery_days-04:decoy-observation
qwen3-8b,semantic,same_condition_token_matched,semantic:stateful-procurement_suppliers-set_goods_receipt_quantity-01:decoy-observation,semantic:stateful-procurement_suppliers-set_expedited_delivery_days-01:decoy-observation
qwen3-8b,semantic,same_condition_token_matched,semantic:stateful-procurement_suppliers-set_goods_receipt_quantity-02:decoy-observation,semantic:stateful-procurement_suppliers-set_expedited_delivery_days-02:decoy-observation
qwen3-8b,semantic,same_condition_token_matched,semantic:stateful-procurement_suppliers-set_goods_receipt_quantity-03:decoy-observation,semantic:stateful-procurement_suppliers-set_expedited_delivery_days-03:decoy-observation
qwen3-8b,semantic,same_condition_token_matched,semantic:stateful-procurement_suppliers-set_goods_receipt_quantity-04:decoy-observation,semantic:stateful-procurement_suppliers-set_expedited_delivery_days-00:decoy-observation
qwen3-8b,semantic,same_condition_token_matched,semantic:stateful-procurement_suppliers-set_purchase_approval_threshold-00:decoy-observation,semantic:stateful-procurement_suppliers-assign_quote_supplier-03:decoy-observation
qwen3-8b,semantic,same_condition_token_matched,semantic:stateful-procurement_suppliers-set_purchase_approval_threshold-01:decoy-observation,semantic:stateful-procurement_suppliers-assign_quote_supplier-03:decoy-observation
qwen3-8b,semantic,same_condition_token_matched,semantic:stateful-procurement_suppliers-set_purchase_approval_threshold-02:decoy-observation,semantic:stateful-procurement_suppliers-assign_quote_supplier-02:decoy-observation
qwen3-8b,semantic,same_condition_token_matched,semantic:stateful-procurement_suppliers-set_purchase_approval_threshold-03:decoy-observation,semantic:stateful-procurement_suppliers-set_supplier_certification_level-01:decoy-observation
qwen3-8b,semantic,same_condition_token_matched,semantic:stateful-procurement_suppliers-set_purchase_approval_threshold-04:decoy-observation,semantic:stateful-procurement_suppliers-assign_quote_supplier-04:decoy-observation
qwen3-8b,semantic,same_condition_token_matched,semantic:stateful-procurement_suppliers-set_supplier_certification_level-00:decoy-observation,semantic:stateful-procurement_suppliers-set_supplier_transit_days-03:decoy-observation
qwen3-8b,semantic,same_condition_token_matched,semantic:stateful-procurement_suppliers-set_supplier_certification_level-01:decoy-observation,semantic:stateful-procurement_suppliers-set_purchase_approval_threshold-03:decoy-observation
qwen3-8b,semantic,same_condition_token_matched,semantic:stateful-procurement_suppliers-set_supplier_certification_level-02:decoy-observation,semantic:stateful-procurement_suppliers-set_supplier_transit_days-02:decoy-observation
qwen3-8b,semantic,same_condition_token_matched,semantic:stateful-procurement_suppliers-set_supplier_certification_level-03:decoy-observation,semantic:stateful-procurement_suppliers-set_supplier_transit_days-00:decoy-observation
qwen3-8b,semantic,same_condition_token_matched,semantic:stateful-procurement_suppliers-set_supplier_certification_level-04:decoy-observation,semantic:stateful-procurement_suppliers-set_supplier_transit_days-03:decoy-observation
qwen3-8b,semantic,same_condition_token_matched,semantic:stateful-procurement_suppliers-set_supplier_performance_value-00:decoy-observation,semantic:stateful-procurement_suppliers-set_contract_allowed_price-01:decoy-observation
qwen3-8b,semantic,same_condition_token_matched,semantic:stateful-procurement_suppliers-set_supplier_performance_value-01:decoy-observation,semantic:stateful-procurement_suppliers-set_supplier_transit_days-01:decoy-observation
qwen3-8b,semantic,same_condition_token_matched,semantic:stateful-procurement_suppliers-set_supplier_performance_value-02:decoy-observation,semantic:stateful-procurement_suppliers-set_contract_allowed_price-02:decoy-observation
qwen3-8b,semantic,same_condition_token_matched,semantic:stateful-procurement_suppliers-set_supplier_performance_value-03:decoy-observation,semantic:stateful-procurement_suppliers-set_contract_allowed_price-01:decoy-observation
qwen3-8b,semantic,same_condition_token_matched,semantic:stateful-procurement_suppliers-set_supplier_performance_value-04:decoy-observation,semantic:stateful-procurement_suppliers-set_contract_allowed_price-02:decoy-observation
qwen3-8b,semantic,same_condition_token_matched,semantic:stateful-procurement_suppliers-set_supplier_transit_days-00:decoy-observation,semantic:stateful-procurement_suppliers-set_supplier_certification_level-03:decoy-observation
qwen3-8b,semantic,same_condition_token_matched,semantic:stateful-procurement_suppliers-set_supplier_transit_days-01:decoy-observation,semantic:stateful-procurement_suppliers-set_supplier_certification_level-03:decoy-observation
qwen3-8b,semantic,same_condition_token_matched,semantic:stateful-procurement_suppliers-set_supplier_transit_days-02:decoy-observation,semantic:stateful-procurement_suppliers-assign_quote_supplier-01:decoy-observation
qwen3-8b,semantic,same_condition_token_matched,semantic:stateful-procurement_suppliers-set_supplier_transit_days-03:decoy-observation,semantic:stateful-procurement_suppliers-set_supplier_certification_level-04:decoy-observation
qwen3-8b,semantic,same_condition_token_matched,semantic:stateful-procurement_suppliers-set_supplier_transit_days-04:decoy-observation,semantic:stateful-procurement_suppliers-set_supplier_certification_level-04:decoy-observation
qwen3-8b,semantic,same_condition_token_matched,semantic:stateful-workforce_access-set_access_minimum_clearance-00:decoy-observation,semantic:stateful-workforce_access-set_badge_validity_days-00:decoy-observation
qwen3-8b,semantic,same_condition_token_matched,semantic:stateful-workforce_access-set_access_minimum_clearance-01:decoy-observation,semantic:stateful-workforce_access-set_badge_validity_days-04:decoy-observation
qwen3-8b,semantic,same_condition_token_matched,semantic:stateful-workforce_access-set_access_minimum_clearance-02:decoy-observation,semantic:stateful-workforce_access-set_oncall_capacity-01:decoy-observation
qwen3-8b,semantic,same_condition_token_matched,semantic:stateful-workforce_access-set_access_minimum_clearance-03:decoy-observation,semantic:stateful-workforce_access-set_badge_validity_days-03:decoy-observation
qwen3-8b,semantic,same_condition_token_matched,semantic:stateful-workforce_access-set_access_minimum_clearance-04:decoy-observation,semantic:stateful-workforce_access-set_badge_validity_days-03:decoy-observation
qwen3-8b,semantic,same_condition_token_matched,semantic:stateful-workforce_access-set_badge_validity_days-00:decoy-observation,semantic:stateful-workforce_access-set_access_minimum_clearance-00:decoy-observation
qwen3-8b,semantic,same_condition_token_matched,semantic:stateful-workforce_access-set_badge_validity_days-01:decoy-observation,semantic:stateful-workforce_access-set_role_assignment_priority-04:decoy-observation
qwen3-8b,semantic,same_condition_token_matched,semantic:stateful-workforce_access-set_badge_validity_days-02:decoy-observation,semantic:stateful-workforce_access-set_role_assignment_priority-04:decoy-observation
qwen3-8b,semantic,same_condition_token_matched,semantic:stateful-workforce_access-set_badge_validity_days-03:decoy-observation,semantic:stateful-workforce_access-set_access_minimum_clearance-04:decoy-observation
qwen3-8b,semantic,same_condition_token_matched,semantic:stateful-workforce_access-set_badge_validity_days-04:decoy-observation,semantic:stateful-workforce_access-set_access_minimum_clearance-01:decoy-observation
qwen3-8b,semantic,same_condition_token_matched,semantic:stateful-workforce_access-set_delegation_allowed_actions-00:decoy-observation,semantic:stateful-contracts_documents-set_citation_target-00:decoy-observation
qwen3-8b,semantic,same_condition_token_matched,semantic:stateful-workforce_access-set_delegation_allowed_actions-01:decoy-observation,semantic:stateful-contracts_documents-set_retention_classification-03:decoy-observation
qwen3-8b,semantic,same_condition_token_matched,semantic:stateful-workforce_access-set_delegation_allowed_actions-02:decoy-observation,semantic:stateful-contracts_documents-set_signature_event_type-01:decoy-observation
qwen3-8b,semantic,same_condition_token_matched,semantic:stateful-workforce_access-set_delegation_allowed_actions-03:decoy-observation,semantic:stateful-contracts_documents-set_retention_classification-03:decoy-observation
qwen3-8b,semantic,same_condition_token_matched,semantic:stateful-workforce_access-set_delegation_allowed_actions-04:decoy-observation,semantic:stateful-contracts_documents-set_retention_classification-01:decoy-observation
qwen3-8b,semantic,same_condition_token_matched,semantic:stateful-workforce_access-set_leave_ledger_units-00:decoy-observation,semantic:stateful-workforce_access-set_overtime_approval_threshold-01:decoy-observation
qwen3-8b,semantic,same_condition_token_matched,semantic:stateful-workforce_access-set_leave_ledger_units-01:decoy-observation,semantic:stateful-workforce_access-set_oncall_capacity-04:decoy-observation
qwen3-8b,semantic,same_condition_token_matched,semantic:stateful-workforce_access-set_leave_ledger_units-02:decoy-observation,semantic:stateful-workforce_access-set_role_assignment_priority-02:decoy-observation
qwen3-8b,semantic,same_condition_token_matched,semantic:stateful-workforce_access-set_leave_ledger_units-03:decoy-observation,semantic:stateful-workforce_access-set_access_minimum_clearance-02:decoy-observation
qwen3-8b,semantic,same_condition_token_matched,semantic:stateful-workforce_access-set_leave_ledger_units-04:decoy-observation,semantic:stateful-workforce_access-set_role_assignment_priority-01:decoy-observation
qwen3-8b,semantic,same_condition_token_matched,semantic:stateful-workforce_access-set_oncall_capacity-00:decoy-observation,semantic:stateful-workforce_access-set_access_minimum_clearance-02:decoy-observation
qwen3-8b,semantic,same_condition_token_matched,semantic:stateful-workforce_access-set_oncall_capacity-01:decoy-observation,semantic:stateful-workforce_access-set_role_assignment_priority-01:decoy-observation
qwen3-8b,semantic,same_condition_token_matched,semantic:stateful-workforce_access-set_oncall_capacity-02:decoy-observation,semantic:stateful-workforce_access-set_shift_minimum_rest_hours-02:decoy-observation
qwen3-8b,semantic,same_condition_token_matched,semantic:stateful-workforce_access-set_oncall_capacity-03:decoy-observation,semantic:stateful-workforce_access-set_shift_minimum_rest_hours-03:decoy-observation
qwen3-8b,semantic,same_condition_token_matched,semantic:stateful-workforce_access-set_oncall_capacity-04:decoy-observation,semantic:stateful-workforce_access-set_shift_minimum_rest_hours-01:decoy-observation
qwen3-8b,semantic,same_condition_token_matched,semantic:stateful-workforce_access-set_overtime_approval_threshold-00:decoy-observation,semantic:stateful-contracts_documents-set_citation_target-04:decoy-observation
qwen3-8b,semantic,same_condition_token_matched,semantic:stateful-workforce_access-set_overtime_approval_threshold-01:decoy-observation,semantic:stateful-workforce_access-set_leave_ledger_units-00:decoy-observation
qwen3-8b,semantic,same_condition_token_matched,semantic:stateful-workforce_access-set_overtime_approval_threshold-02:decoy-observation,semantic:stateful-contracts_documents-set_citation_target-01:decoy-observation
qwen3-8b,semantic,same_condition_token_matched,semantic:stateful-workforce_access-set_overtime_approval_threshold-03:decoy-observation,semantic:stateful-contracts_documents-set_signature_event_type-04:decoy-observation
qwen3-8b,semantic,same_condition_token_matched,semantic:stateful-workforce_access-set_overtime_approval_threshold-04:decoy-observation,semantic:stateful-contracts_documents-set_signature_event_type-04:decoy-observation
qwen3-8b,semantic,same_condition_token_matched,semantic:stateful-workforce_access-set_role_assignment_priority-00:decoy-observation,semantic:stateful-workforce_access-set_badge_validity_days-01:decoy-observation
qwen3-8b,semantic,same_condition_token_matched,semantic:stateful-workforce_access-set_role_assignment_priority-01:decoy-observation,semantic:stateful-workforce_access-set_oncall_capacity-01:decoy-observation
qwen3-8b,semantic,same_condition_token_matched,semantic:stateful-workforce_access-set_role_assignment_priority-02:decoy-observation,semantic:stateful-workforce_access-set_oncall_capacity-02:decoy-observation
qwen3-8b,semantic,same_condition_token_matched,semantic:stateful-workforce_access-set_role_assignment_priority-03:decoy-observation,semantic:stateful-workforce_access-set_badge_validity_days-00:decoy-observation
qwen3-8b,semantic,same_condition_token_matched,semantic:stateful-workforce_access-set_role_assignment_priority-04:decoy-observation,semantic:stateful-workforce_access-set_badge_validity_days-01:decoy-observation
qwen3-8b,semantic,same_condition_token_matched,semantic:stateful-workforce_access-set_shift_minimum_rest_hours-00:decoy-observation,semantic:stateful-workforce_access-set_oncall_capacity-02:decoy-observation
qwen3-8b,semantic,same_condition_token_matched,semantic:stateful-workforce_access-set_shift_minimum_rest_hours-01:decoy-observation,semantic:stateful-workforce_access-set_oncall_capacity-04:decoy-observation
qwen3-8b,semantic,same_condition_token_matched,semantic:stateful-workforce_access-set_shift_minimum_rest_hours-02:decoy-observation,semantic:stateful-workforce_access-set_role_assignment_priority-02:decoy-observation
qwen3-8b,semantic,same_condition_token_matched,semantic:stateful-workforce_access-set_shift_minimum_rest_hours-03:decoy-observation,semantic:stateful-workforce_access-set_oncall_capacity-03:decoy-observation
qwen3-8b,semantic,same_condition_token_matched,semantic:stateful-workforce_access-set_shift_minimum_rest_hours-04:decoy-observation,semantic:stateful-workforce_access-set_oncall_capacity-03:decoy-observation
qwen3-8b,semantic,token_stratified_random,semantic:stateful-compliance_audit-replace_audit_population_record-00:decoy-observation,semantic:stateful-compliance_audit-set_filing_artifact_count-00:decoy-observation
qwen3-8b,semantic,token_stratified_random,semantic:stateful-compliance_audit-replace_audit_population_record-01:decoy-observation,semantic:stateful-procurement_suppliers-set_contract_allowed_price-02:decoy-observation
qwen3-8b,semantic,token_stratified_random,semantic:stateful-compliance_audit-replace_audit_population_record-02:decoy-observation,semantic:stateful-compliance_audit-set_assigned_role-04:decoy-observation
qwen3-8b,semantic,token_stratified_random,semantic:stateful-compliance_audit-replace_audit_population_record-03:decoy-observation,semantic:stateful-contracts_documents-set_document_section_text-00:decoy-observation
qwen3-8b,semantic,token_stratified_random,semantic:stateful-compliance_audit-replace_audit_population_record-04:decoy-observation,semantic:stateful-compliance_audit-set_assigned_role-00:decoy-observation
qwen3-8b,semantic,token_stratified_random,semantic:stateful-compliance_audit-set_assigned_role-00:decoy-observation,semantic:stateful-procurement_suppliers-set_purchase_approval_threshold-01:decoy-observation
qwen3-8b,semantic,token_stratified_random,semantic:stateful-compliance_audit-set_assigned_role-01:decoy-observation,semantic:stateful-workforce_access-set_access_minimum_clearance-01:decoy-observation
qwen3-8b,semantic,token_stratified_random,semantic:stateful-compliance_audit-set_assigned_role-02:decoy-observation,semantic:stateful-procurement_suppliers-set_supplier_performance_value-02:decoy-observation
qwen3-8b,semantic,token_stratified_random,semantic:stateful-compliance_audit-set_assigned_role-03:decoy-observation,semantic:stateful-contracts_documents-set_obligation_party-04:decoy-observation
qwen3-8b,semantic,token_stratified_random,semantic:stateful-compliance_audit-set_assigned_role-04:decoy-observation,semantic:stateful-inventory_fulfillment-set_source_transfer_cost-02:decoy-observation
qwen3-8b,semantic,token_stratified_random,semantic:stateful-compliance_audit-set_control_evidence_status-00:decoy-observation,semantic:stateful-finance_ledger-set_ledger_entry_amount-04:decoy-observation
qwen3-8b,semantic,token_stratified_random,semantic:stateful-compliance_audit-set_control_evidence_status-01:decoy-observation,semantic:stateful-contracts_documents-set_document_section_text-01:decoy-observation
qwen3-8b,semantic,token_stratified_random,semantic:stateful-compliance_audit-set_control_evidence_status-02:decoy-observation,semantic:stateful-workforce_access-set_leave_ledger_units-04:decoy-observation
qwen3-8b,semantic,token_stratified_random,semantic:stateful-compliance_audit-set_control_evidence_status-03:decoy-observation,semantic:stateful-procurement_suppliers-set_supplier_transit_days-02:decoy-observation
qwen3-8b,semantic,token_stratified_random,semantic:stateful-compliance_audit-set_control_evidence_status-04:decoy-observation,semantic:stateful-workforce_access-set_badge_validity_days-03:decoy-observation
qwen3-8b,semantic,token_stratified_random,semantic:stateful-compliance_audit-set_exception_extension_days-00:decoy-observation,semantic:stateful-pricing_billing-set_service_fee_value-03:decoy-observation
qwen3-8b,semantic,token_stratified_random,semantic:stateful-compliance_audit-set_exception_extension_days-01:decoy-observation,semantic:stateful-customer_support-set_next_case_action-00:decoy-observation
qwen3-8b,semantic,token_stratified_random,semantic:stateful-compliance_audit-set_exception_extension_days-02:decoy-observation,semantic:stateful-pricing_billing-set_tax_rate-03:decoy-observation
qwen3-8b,semantic,token_stratified_random,semantic:stateful-compliance_audit-set_exception_extension_days-03:decoy-observation,semantic:stateful-workforce_access-set_shift_minimum_rest_hours-01:decoy-observation
qwen3-8b,semantic,token_stratified_random,semantic:stateful-compliance_audit-set_exception_extension_days-04:decoy-observation,semantic:stateful-contracts_documents-set_revision_approval-04:decoy-observation
qwen3-8b,semantic,token_stratified_random,semantic:stateful-compliance_audit-set_filing_artifact_count-00:decoy-observation,semantic:stateful-finance_ledger-set_ledger_entry_amount-00:decoy-observation
qwen3-8b,semantic,token_stratified_random,semantic:stateful-compliance_audit-set_filing_artifact_count-01:decoy-observation,semantic:stateful-finance_ledger-set_audit_event_reference-02:decoy-observation
qwen3-8b,semantic,token_stratified_random,semantic:stateful-compliance_audit-set_filing_artifact_count-02:decoy-observation,semantic:stateful-pricing_billing-activate_list_price-01:decoy-observation
qwen3-8b,semantic,token_stratified_random,semantic:stateful-compliance_audit-set_filing_artifact_count-03:decoy-observation,semantic:stateful-pricing_billing-set_contract_adjustment_value-01:decoy-observation
qwen3-8b,semantic,token_stratified_random,semantic:stateful-compliance_audit-set_filing_artifact_count-04:decoy-observation,semantic:stateful-inventory_fulfillment-set_bin_pick_sequence-04:decoy-observation
qwen3-8b,semantic,token_stratified_random,semantic:stateful-compliance_audit-set_remediation_owner-00:decoy-observation,semantic:stateful-pricing_billing-set_shipping_minimum_charge-00:decoy-observation
qwen3-8b,semantic,token_stratified_random,semantic:stateful-compliance_audit-set_remediation_owner-01:decoy-observation,semantic:stateful-pricing_billing-set_tax_rate-04:decoy-observation
qwen3-8b,semantic,token_stratified_random,semantic:stateful-compliance_audit-set_remediation_owner-02:decoy-observation,semantic:stateful-customer_support-set_case_contact_channel-04:decoy-observation
qwen3-8b,semantic,token_stratified_random,semantic:stateful-compliance_audit-set_remediation_owner-03:decoy-observation,semantic:stateful-workforce_access-set_role_assignment_priority-02:decoy-observation
qwen3-8b,semantic,token_stratified_random,semantic:stateful-compliance_audit-set_remediation_owner-04:decoy-observation,semantic:stateful-inventory_fulfillment-set_expiry_warning_window-03:decoy-observation
qwen3-8b,semantic,token_stratified_random,semantic:stateful-compliance_audit-set_retention_years-00:decoy-observation,semantic:stateful-contracts_documents-set_effective_clause_text-04:decoy-observation
qwen3-8b,semantic,token_stratified_random,semantic:stateful-compliance_audit-set_retention_years-01:decoy-observation,semantic:stateful-finance_ledger-set_payment_status_code-01:decoy-observation
qwen3-8b,semantic,token_stratified_random,semantic:stateful-compliance_audit-set_retention_years-02:decoy-observation,semantic:stateful-compliance_audit-set_exception_extension_days-00:decoy-observation
qwen3-8b,semantic,token_stratified_random,semantic:stateful-compliance_audit-set_retention_years-03:decoy-observation,semantic:stateful-inventory_fulfillment-apply_sales_reservation-00:decoy-observation
qwen3-8b,semantic,token_stratified_random,semantic:stateful-compliance_audit-set_retention_years-04:decoy-observation,semantic:stateful-pricing_billing-activate_margin_floor-00:decoy-observation
qwen3-8b,semantic,token_stratified_random,semantic:stateful-compliance_audit-set_risk_matrix_score-00:decoy-observation,semantic:stateful-procurement_suppliers-set_supplier_transit_days-04:decoy-observation
qwen3-8b,semantic,token_stratified_random,semantic:stateful-compliance_audit-set_risk_matrix_score-01:decoy-observation,semantic:stateful-pricing_billing-activate_margin_floor-02:decoy-observation
qwen3-8b,semantic,token_stratified_random,semantic:stateful-compliance_audit-set_risk_matrix_score-02:decoy-observation,semantic:stateful-contracts_documents-set_revision_approval-00:decoy-observation
qwen3-8b,semantic,token_stratified_random,semantic:stateful-compliance_audit-set_risk_matrix_score-03:decoy-observation,semantic:stateful-pricing_billing-set_order_discount_value-04:decoy-observation
qwen3-8b,semantic,token_stratified_random,semantic:stateful-compliance_audit-set_risk_matrix_score-04:decoy-observation,semantic:stateful-compliance_audit-set_retention_years-01:decoy-observation
qwen3-8b,semantic,token_stratified_random,semantic:stateful-contracts_documents-set_citation_target-00:decoy-observation,semantic:stateful-procurement_suppliers-set_goods_receipt_quantity-04:decoy-observation
qwen3-8b,semantic,token_stratified_random,semantic:stateful-contracts_documents-set_citation_target-01:decoy-observation,semantic:stateful-workforce_access-set_leave_ledger_units-03:decoy-observation
qwen3-8b,semantic,token_stratified_random,semantic:stateful-contracts_documents-set_citation_target-02:decoy-observation,semantic:stateful-pricing_billing-set_service_fee_value-01:decoy-observation
qwen3-8b,semantic,token_stratified_random,semantic:stateful-contracts_documents-set_citation_target-03:decoy-observation,semantic:stateful-finance_ledger-record_tax_basis-04:decoy-observation
qwen3-8b,semantic,token_stratified_random,semantic:stateful-contracts_documents-set_citation_target-04:decoy-observation,semantic:stateful-pricing_billing-set_shipping_minimum_charge-01:decoy-observation
qwen3-8b,semantic,token_stratified_random,semantic:stateful-contracts_documents-set_contract_deadline_offset-00:decoy-observation,semantic:stateful-procurement_suppliers-set_contract_allowed_price-03:decoy-observation
qwen3-8b,semantic,token_stratified_random,semantic:stateful-contracts_documents-set_contract_deadline_offset-01:decoy-observation,semantic:stateful-contracts_documents-set_signature_event_type-03:decoy-observation
qwen3-8b,semantic,token_stratified_random,semantic:stateful-contracts_documents-set_contract_deadline_offset-02:decoy-observation,semantic:stateful-pricing_billing-set_currency_exchange_rate-04:decoy-observation
qwen3-8b,semantic,token_stratified_random,semantic:stateful-contracts_documents-set_contract_deadline_offset-03:decoy-observation,semantic:stateful-inventory_fulfillment-apply_sales_reservation-02:decoy-observation
qwen3-8b,semantic,token_stratified_random,semantic:stateful-contracts_documents-set_contract_deadline_offset-04:decoy-observation,semantic:stateful-procurement_suppliers-set_expedited_delivery_days-03:decoy-observation
qwen3-8b,semantic,token_stratified_random,semantic:stateful-contracts_documents-set_document_section_text-00:decoy-observation,semantic:stateful-workforce_access-set_badge_validity_days-00:decoy-observation
qwen3-8b,semantic,token_stratified_random,semantic:stateful-contracts_documents-set_document_section_text-01:decoy-observation,semantic:stateful-contracts_documents-set_revision_approval-00:decoy-observation
qwen3-8b,semantic,token_stratified_random,semantic:stateful-contracts_documents-set_document_section_text-02:decoy-observation,semantic:stateful-contracts_documents-set_revision_approval-03:decoy-observation
qwen3-8b,semantic,token_stratified_random,semantic:stateful-contracts_documents-set_document_section_text-03:decoy-observation,semantic:stateful-workforce_access-set_overtime_approval_threshold-01:decoy-observation
qwen3-8b,semantic,token_stratified_random,semantic:stateful-contracts_documents-set_document_section_text-04:decoy-observation,semantic:stateful-procurement_suppliers-set_expedited_delivery_days-04:decoy-observation
qwen3-8b,semantic,token_stratified_random,semantic:stateful-contracts_documents-set_effective_clause_text-00:decoy-observation,semantic:stateful-customer_support-set_case_priority-02:decoy-observation
qwen3-8b,semantic,token_stratified_random,semantic:stateful-contracts_documents-set_effective_clause_text-01:decoy-observation,semantic:stateful-workforce_access-set_access_minimum_clearance-02:decoy-observation
qwen3-8b,semantic,token_stratified_random,semantic:stateful-contracts_documents-set_effective_clause_text-02:decoy-observation,semantic:stateful-finance_ledger-set_journal_debit_amount-01:decoy-observation
qwen3-8b,semantic,token_stratified_random,semantic:stateful-contracts_documents-set_effective_clause_text-03:decoy-observation,semantic:stateful-finance_ledger-set_account_hold_amount-00:decoy-observation
qwen3-8b,semantic,token_stratified_random,semantic:stateful-contracts_documents-set_effective_clause_text-04:decoy-observation,semantic:stateful-procurement_suppliers-set_purchase_approval_threshold-04:decoy-observation
qwen3-8b,semantic,token_stratified_random,semantic:stateful-contracts_documents-set_obligation_party-00:decoy-observation,semantic:stateful-workforce_access-set_leave_ledger_units-02:decoy-observation
qwen3-8b,semantic,token_stratified_random,semantic:stateful-contracts_documents-set_obligation_party-01:decoy-observation,semantic:stateful-contracts_documents-set_document_section_text-04:decoy-observation
qwen3-8b,semantic,token_stratified_random,semantic:stateful-contracts_documents-set_obligation_party-02:decoy-observation,semantic:stateful-inventory_fulfillment-set_backorder_customer_tier-01:decoy-observation
qwen3-8b,semantic,token_stratified_random,semantic:stateful-contracts_documents-set_obligation_party-03:decoy-observation,semantic:stateful-workforce_access-set_shift_minimum_rest_hours-01:decoy-observation
qwen3-8b,semantic,token_stratified_random,semantic:stateful-contracts_documents-set_obligation_party-04:decoy-observation,semantic:stateful-inventory_fulfillment-set_reorder_target_cover-02:decoy-observation
qwen3-8b,semantic,token_stratified_random,semantic:stateful-contracts_documents-set_retention_classification-00:decoy-observation,semantic:stateful-pricing_billing-set_promotion_discount_value-00:decoy-observation
qwen3-8b,semantic,token_stratified_random,semantic:stateful-contracts_documents-set_retention_classification-01:decoy-observation,semantic:stateful-finance_ledger-set_ledger_entry_amount-04:decoy-observation
qwen3-8b,semantic,token_stratified_random,semantic:stateful-contracts_documents-set_retention_classification-02:decoy-observation,semantic:stateful-finance_ledger-set_budget_planned_amount-03:decoy-observation
qwen3-8b,semantic,token_stratified_random,semantic:stateful-contracts_documents-set_retention_classification-03:decoy-observation,semantic:stateful-inventory_fulfillment-apply_sales_reservation-02:decoy-observation
qwen3-8b,semantic,token_stratified_random,semantic:stateful-contracts_documents-set_retention_classification-04:decoy-observation,semantic:stateful-pricing_billing-set_promotion_discount_value-03:decoy-observation
qwen3-8b,semantic,token_stratified_random,semantic:stateful-contracts_documents-set_revision_approval-00:decoy-observation,semantic:stateful-inventory_fulfillment-apply_cycle_count_adjustment-00:decoy-observation
qwen3-8b,semantic,token_stratified_random,semantic:stateful-contracts_documents-set_revision_approval-01:decoy-observation,semantic:stateful-inventory_fulfillment-apply_cycle_count_adjustment-02:decoy-observation
qwen3-8b,semantic,token_stratified_random,semantic:stateful-contracts_documents-set_revision_approval-02:decoy-observation,semantic:stateful-customer_support-set_sla_duration_minutes-03:decoy-observation
qwen3-8b,semantic,token_stratified_random,semantic:stateful-contracts_documents-set_revision_approval-03:decoy-observation,semantic:stateful-customer_support-set_case_routing_owner-04:decoy-observation
qwen3-8b,semantic,token_stratified_random,semantic:stateful-contracts_documents-set_revision_approval-04:decoy-observation,semantic:stateful-compliance_audit-set_assigned_role-04:decoy-observation
qwen3-8b,semantic,token_stratified_random,semantic:stateful-contracts_documents-set_signature_event_type-00:decoy-observation,semantic:stateful-finance_ledger-set_statement_closing_total-04:decoy-observation
qwen3-8b,semantic,token_stratified_random,semantic:stateful-contracts_documents-set_signature_event_type-01:decoy-observation,semantic:stateful-workforce_access-set_role_assignment_priority-04:decoy-observation
qwen3-8b,semantic,token_stratified_random,semantic:stateful-contracts_documents-set_signature_event_type-02:decoy-observation,semantic:stateful-inventory_fulfillment-set_expiry_warning_window-02:decoy-observation
qwen3-8b,semantic,token_stratified_random,semantic:stateful-contracts_documents-set_signature_event_type-03:decoy-observation,semantic:stateful-compliance_audit-set_remediation_owner-03:decoy-observation
qwen3-8b,semantic,token_stratified_random,semantic:stateful-contracts_documents-set_signature_event_type-04:decoy-observation,semantic:stateful-inventory_fulfillment-set_backorder_customer_tier-00:decoy-observation
qwen3-8b,semantic,token_stratified_random,semantic:stateful-customer_support-set_case_contact_channel-00:decoy-observation,semantic:stateful-pricing_billing-set_credit_adjustment_value-02:decoy-observation
qwen3-8b,semantic,token_stratified_random,semantic:stateful-customer_support-set_case_contact_channel-01:decoy-observation,semantic:stateful-workforce_access-set_badge_validity_days-03:decoy-observation
qwen3-8b,semantic,token_stratified_random,semantic:stateful-customer_support-set_case_contact_channel-02:decoy-observation,semantic:stateful-finance_ledger-set_fx_exchange_rate-04:decoy-observation
qwen3-8b,semantic,token_stratified_random,semantic:stateful-customer_support-set_case_contact_channel-03:decoy-observation,semantic:stateful-workforce_access-set_access_minimum_clearance-00:decoy-observation
qwen3-8b,semantic,token_stratified_random,semantic:stateful-customer_support-set_case_contact_channel-04:decoy-observation,semantic:stateful-contracts_documents-set_signature_event_type-00:decoy-observation
qwen3-8b,semantic,token_stratified_random,semantic:stateful-customer_support-set_case_priority-00:decoy-observation,semantic:stateful-compliance_audit-set_assigned_role-01:decoy-observation
qwen3-8b,semantic,token_stratified_random,semantic:stateful-customer_support-set_case_priority-01:decoy-observation,semantic:stateful-inventory_fulfillment-set_fulfillment_on_hand_units-04:decoy-observation
qwen3-8b,semantic,token_stratified_random,semantic:stateful-customer_support-set_case_priority-02:decoy-observation,semantic:stateful-workforce_access-set_oncall_capacity-04:decoy-observation
qwen3-8b,semantic,token_stratified_random,semantic:stateful-customer_support-set_case_priority-03:decoy-observation,semantic:stateful-finance_ledger-set_fx_exchange_rate-04:decoy-observation
qwen3-8b,semantic,token_stratified_random,semantic:stateful-customer_support-set_case_priority-04:decoy-observation,semantic:stateful-compliance_audit-set_filing_artifact_count-01:decoy-observation
qwen3-8b,semantic,token_stratified_random,semantic:stateful-customer_support-set_case_routing_owner-00:decoy-observation,semantic:stateful-customer_support-set_escalation_target-02:decoy-observation
qwen3-8b,semantic,token_stratified_random,semantic:stateful-customer_support-set_case_routing_owner-01:decoy-observation,semantic:stateful-workforce_access-set_role_assignment_priority-04:decoy-observation
qwen3-8b,semantic,token_stratified_random,semantic:stateful-customer_support-set_case_routing_owner-02:decoy-observation,semantic:stateful-customer_support-set_escalation_target-00:decoy-observation
qwen3-8b,semantic,token_stratified_random,semantic:stateful-customer_support-set_case_routing_owner-03:decoy-observation,semantic:stateful-compliance_audit-set_risk_matrix_score-00:decoy-observation
qwen3-8b,semantic,token_stratified_random,semantic:stateful-customer_support-set_case_routing_owner-04:decoy-observation,semantic:stateful-pricing_billing-set_tax_rate-00:decoy-observation
qwen3-8b,semantic,token_stratified_random,semantic:stateful-customer_support-set_duplicate_similarity_score-00:decoy-observation,semantic:stateful-finance_ledger-set_budget_planned_amount-03:decoy-observation
qwen3-8b,semantic,token_stratified_random,semantic:stateful-customer_support-set_duplicate_similarity_score-01:decoy-observation,semantic:stateful-finance_ledger-set_budget_planned_amount-02:decoy-observation
qwen3-8b,semantic,token_stratified_random,semantic:stateful-customer_support-set_duplicate_similarity_score-02:decoy-observation,semantic:stateful-inventory_fulfillment-apply_sales_reservation-04:decoy-observation
qwen3-8b,semantic,token_stratified_random,semantic:stateful-customer_support-set_duplicate_similarity_score-03:decoy-observation,semantic:stateful-inventory_fulfillment-set_source_transfer_cost-04:decoy-observation
qwen3-8b,semantic,token_stratified_random,semantic:stateful-customer_support-set_duplicate_similarity_score-04:decoy-observation,semantic:stateful-finance_ledger-post_transaction_fee-01:decoy-observation
qwen3-8b,semantic,token_stratified_random,semantic:stateful-customer_support-set_escalation_target-00:decoy-observation,semantic:stateful-procurement_suppliers-set_supplier_performance_value-03:decoy-observation
qwen3-8b,semantic,token_stratified_random,semantic:stateful-customer_support-set_escalation_target-01:decoy-observation,semantic:stateful-finance_ledger-post_transaction_fee-02:decoy-observation
qwen3-8b,semantic,token_stratified_random,semantic:stateful-customer_support-set_escalation_target-02:decoy-observation,semantic:stateful-pricing_billing-set_order_discount_value-01:decoy-observation
qwen3-8b,semantic,token_stratified_random,semantic:stateful-customer_support-set_escalation_target-03:decoy-observation,semantic:stateful-finance_ledger-set_account_hold_amount-04:decoy-observation
qwen3-8b,semantic,token_stratified_random,semantic:stateful-customer_support-set_escalation_target-04:decoy-observation,semantic:stateful-pricing_billing-set_contract_adjustment_value-03:decoy-observation
qwen3-8b,semantic,token_stratified_random,semantic:stateful-customer_support-set_next_case_action-00:decoy-observation,semantic:stateful-compliance_audit-set_exception_extension_days-04:decoy-observation
qwen3-8b,semantic,token_stratified_random,semantic:stateful-customer_support-set_next_case_action-01:decoy-observation,semantic:stateful-procurement_suppliers-set_supplier_certification_level-00:decoy-observation
qwen3-8b,semantic,token_stratified_random,semantic:stateful-customer_support-set_next_case_action-02:decoy-observation,semantic:stateful-procurement_suppliers-assign_quote_supplier-00:decoy-observation
qwen3-8b,semantic,token_stratified_random,semantic:stateful-customer_support-set_next_case_action-03:decoy-observation,semantic:stateful-inventory_fulfillment-set_backorder_customer_tier-02:decoy-observation
qwen3-8b,semantic,token_stratified_random,semantic:stateful-customer_support-set_next_case_action-04:decoy-observation,semantic:stateful-inventory_fulfillment-set_reorder_target_cover-01:decoy-observation
qwen3-8b,semantic,token_stratified_random,semantic:stateful-customer_support-set_refund_maximum_amount-00:decoy-observation,semantic:stateful-pricing_billing-set_currency_exchange_rate-02:decoy-observation
qwen3-8b,semantic,token_stratified_random,semantic:stateful-customer_support-set_refund_maximum_amount-01:decoy-observation,semantic:stateful-procurement_suppliers-set_contract_allowed_price-00:decoy-observation
qwen3-8b,semantic,token_stratified_random,semantic:stateful-customer_support-set_refund_maximum_amount-02:decoy-observation,semantic:stateful-procurement_suppliers-set_supplier_performance_value-03:decoy-observation
qwen3-8b,semantic,token_stratified_random,semantic:stateful-customer_support-set_refund_maximum_amount-03:decoy-observation,semantic:stateful-finance_ledger-set_fx_exchange_rate-00:decoy-observation
qwen3-8b,semantic,token_stratified_random,semantic:stateful-customer_support-set_refund_maximum_amount-04:decoy-observation,semantic:stateful-compliance_audit-set_retention_years-02:decoy-observation
qwen3-8b,semantic,token_stratified_random,semantic:stateful-customer_support-set_sla_duration_minutes-00:decoy-observation,semantic:stateful-contracts_documents-set_revision_approval-04:decoy-observation
qwen3-8b,semantic,token_stratified_random,semantic:stateful-customer_support-set_sla_duration_minutes-01:decoy-observation,semantic:stateful-procurement_suppliers-set_expedited_delivery_days-02:decoy-observation
qwen3-8b,semantic,token_stratified_random,semantic:stateful-customer_support-set_sla_duration_minutes-02:decoy-observation,semantic:stateful-compliance_audit-set_retention_years-00:decoy-observation
qwen3-8b,semantic,token_stratified_random,semantic:stateful-customer_support-set_sla_duration_minutes-03:decoy-observation,semantic:stateful-customer_support-set_escalation_target-03:decoy-observation
qwen3-8b,semantic,token_stratified_random,semantic:stateful-customer_support-set_sla_duration_minutes-04:decoy-observation,semantic:stateful-compliance_audit-set_remediation_owner-01:decoy-observation
qwen3-8b,semantic,token_stratified_random,semantic:stateful-finance_ledger-post_transaction_fee-00:decoy-observation,semantic:stateful-workforce_access-set_delegation_allowed_actions-02:decoy-observation
qwen3-8b,semantic,token_stratified_random,semantic:stateful-finance_ledger-post_transaction_fee-01:decoy-observation,semantic:stateful-finance_ledger-set_budget_planned_amount-01:decoy-observation
qwen3-8b,semantic,token_stratified_random,semantic:stateful-finance_ledger-post_transaction_fee-02:decoy-observation,semantic:stateful-pricing_billing-set_shipping_minimum_charge-00:decoy-observation
qwen3-8b,semantic,token_stratified_random,semantic:stateful-finance_ledger-post_transaction_fee-03:decoy-observation,semantic:stateful-procurement_suppliers-set_supplier_performance_value-04:decoy-observation
qwen3-8b,semantic,token_stratified_random,semantic:stateful-finance_ledger-post_transaction_fee-04:decoy-observation,semantic:stateful-finance_ledger-set_payment_status_code-04:decoy-observation
qwen3-8b,semantic,token_stratified_random,semantic:stateful-finance_ledger-record_tax_basis-00:decoy-observation,semantic:stateful-inventory_fulfillment-set_bin_pick_sequence-02:decoy-observation
qwen3-8b,semantic,token_stratified_random,semantic:stateful-finance_ledger-record_tax_basis-01:decoy-observation,semantic:stateful-inventory_fulfillment-set_source_transfer_cost-00:decoy-observation
qwen3-8b,semantic,token_stratified_random,semantic:stateful-finance_ledger-record_tax_basis-02:decoy-observation,semantic:stateful-inventory_fulfillment-set_bin_pick_sequence-01:decoy-observation
qwen3-8b,semantic,token_stratified_random,semantic:stateful-finance_ledger-record_tax_basis-03:decoy-observation,semantic:stateful-inventory_fulfillment-set_expiry_warning_window-00:decoy-observation
qwen3-8b,semantic,token_stratified_random,semantic:stateful-finance_ledger-record_tax_basis-04:decoy-observation,semantic:stateful-customer_support-set_case_routing_owner-01:decoy-observation
qwen3-8b,semantic,token_stratified_random,semantic:stateful-finance_ledger-set_account_hold_amount-00:decoy-observation,semantic:stateful-contracts_documents-set_obligation_party-04:decoy-observation
qwen3-8b,semantic,token_stratified_random,semantic:stateful-finance_ledger-set_account_hold_amount-01:decoy-observation,semantic:stateful-customer_support-set_next_case_action-02:decoy-observation
qwen3-8b,semantic,token_stratified_random,semantic:stateful-finance_ledger-set_account_hold_amount-02:decoy-observation,semantic:stateful-customer_support-set_sla_duration_minutes-02:decoy-observation
qwen3-8b,semantic,token_stratified_random,semantic:stateful-finance_ledger-set_account_hold_amount-03:decoy-observation,semantic:stateful-inventory_fulfillment-set_backorder_customer_tier-04:decoy-observation
qwen3-8b,semantic,token_stratified_random,semantic:stateful-finance_ledger-set_account_hold_amount-04:decoy-observation,semantic:stateful-customer_support-set_next_case_action-04:decoy-observation
qwen3-8b,semantic,token_stratified_random,semantic:stateful-finance_ledger-set_audit_event_reference-00:decoy-observation,semantic:stateful-finance_ledger-record_tax_basis-04:decoy-observation
qwen3-8b,semantic,token_stratified_random,semantic:stateful-finance_ledger-set_audit_event_reference-01:decoy-observation,semantic:stateful-pricing_billing-activate_margin_floor-04:decoy-observation
qwen3-8b,semantic,token_stratified_random,semantic:stateful-finance_ledger-set_audit_event_reference-02:decoy-observation,semantic:stateful-customer_support-set_next_case_action-01:decoy-observation
qwen3-8b,semantic,token_stratified_random,semantic:stateful-finance_ledger-set_audit_event_reference-03:decoy-observation,semantic:stateful-contracts_documents-set_retention_classification-01:decoy-observation
qwen3-8b,semantic,token_stratified_random,semantic:stateful-finance_ledger-set_audit_event_reference-04:decoy-observation,semantic:stateful-contracts_documents-set_contract_deadline_offset-01:decoy-observation
qwen3-8b,semantic,token_stratified_random,semantic:stateful-finance_ledger-set_budget_planned_amount-00:decoy-observation,semantic:stateful-finance_ledger-record_tax_basis-02:decoy-observation
qwen3-8b,semantic,token_stratified_random,semantic:stateful-finance_ledger-set_budget_planned_amount-01:decoy-observation,semantic:stateful-customer_support-set_next_case_action-02:decoy-observation
qwen3-8b,semantic,token_stratified_random,semantic:stateful-finance_ledger-set_budget_planned_amount-02:decoy-observation,semantic:stateful-finance_ledger-post_transaction_fee-00:decoy-observation
qwen3-8b,semantic,token_stratified_random,semantic:stateful-finance_ledger-set_budget_planned_amount-03:decoy-observation,semantic:stateful-pricing_billing-set_currency_exchange_rate-02:decoy-observation
qwen3-8b,semantic,token_stratified_random,semantic:stateful-finance_ledger-set_budget_planned_amount-04:decoy-observation,semantic:stateful-customer_support-set_refund_maximum_amount-00:decoy-observation
qwen3-8b,semantic,token_stratified_random,semantic:stateful-finance_ledger-set_fx_exchange_rate-00:decoy-observation,semantic:stateful-customer_support-set_refund_maximum_amount-00:decoy-observation
qwen3-8b,semantic,token_stratified_random,semantic:stateful-finance_ledger-set_fx_exchange_rate-01:decoy-observation,semantic:stateful-customer_support-set_case_priority-01:decoy-observation
qwen3-8b,semantic,token_stratified_random,semantic:stateful-finance_ledger-set_fx_exchange_rate-02:decoy-observation,semantic:stateful-pricing_billing-set_currency_exchange_rate-03:decoy-observation
qwen3-8b,semantic,token_stratified_random,semantic:stateful-finance_ledger-set_fx_exchange_rate-03:decoy-observation,semantic:stateful-pricing_billing-set_order_discount_value-01:decoy-observation
qwen3-8b,semantic,token_stratified_random,semantic:stateful-finance_ledger-set_fx_exchange_rate-04:decoy-observation,semantic:stateful-workforce_access-set_access_minimum_clearance-03:decoy-observation
qwen3-8b,semantic,token_stratified_random,semantic:stateful-finance_ledger-set_journal_debit_amount-00:decoy-observation,semantic:stateful-finance_ledger-post_transaction_fee-03:decoy-observation
qwen3-8b,semantic,token_stratified_random,semantic:stateful-finance_ledger-set_journal_debit_amount-01:decoy-observation,semantic:stateful-finance_ledger-set_budget_planned_amount-00:decoy-observation
qwen3-8b,semantic,token_stratified_random,semantic:stateful-finance_ledger-set_journal_debit_amount-02:decoy-observation,semantic:stateful-contracts_documents-set_retention_classification-02:decoy-observation
qwen3-8b,semantic,token_stratified_random,semantic:stateful-finance_ledger-set_journal_debit_amount-03:decoy-observation,semantic:stateful-contracts_documents-set_citation_target-04:decoy-observation
qwen3-8b,semantic,token_stratified_random,semantic:stateful-finance_ledger-set_journal_debit_amount-04:decoy-observation,semantic:stateful-contracts_documents-set_effective_clause_text-02:decoy-observation
qwen3-8b,semantic,token_stratified_random,semantic:stateful-finance_ledger-set_ledger_entry_amount-00:decoy-observation,semantic:stateful-inventory_fulfillment-set_fulfillment_on_hand_units-00:decoy-observation
qwen3-8b,semantic,token_stratified_random,semantic:stateful-finance_ledger-set_ledger_entry_amount-01:decoy-observation,semantic:stateful-finance_ledger-set_payment_status_code-00:decoy-observation
qwen3-8b,semantic,token_stratified_random,semantic:stateful-finance_ledger-set_ledger_entry_amount-02:decoy-observation,semantic:stateful-customer_support-set_escalation_target-00:decoy-observation
qwen3-8b,semantic,token_stratified_random,semantic:stateful-finance_ledger-set_ledger_entry_amount-03:decoy-observation,semantic:stateful-contracts_documents-set_effective_clause_text-04:decoy-observation
qwen3-8b,semantic,token_stratified_random,semantic:stateful-finance_ledger-set_ledger_entry_amount-04:decoy-observation,semantic:stateful-compliance_audit-set_retention_years-03:decoy-observation
qwen3-8b,semantic,token_stratified_random,semantic:stateful-finance_ledger-set_payment_status_code-00:decoy-observation,semantic:stateful-finance_ledger-set_audit_event_reference-00:decoy-observation
qwen3-8b,semantic,token_stratified_random,semantic:stateful-finance_ledger-set_payment_status_code-01:decoy-observation,semantic:stateful-inventory_fulfillment-set_warehouse_capacity_volume-04:decoy-observation
qwen3-8b,semantic,token_stratified_random,semantic:stateful-finance_ledger-set_payment_status_code-02:decoy-observation,semantic:stateful-compliance_audit-set_assigned_role-02:decoy-observation
qwen3-8b,semantic,token_stratified_random,semantic:stateful-finance_ledger-set_payment_status_code-03:decoy-observation,semantic:stateful-procurement_suppliers-set_expedited_delivery_days-02:decoy-observation
qwen3-8b,semantic,token_stratified_random,semantic:stateful-finance_ledger-set_payment_status_code-04:decoy-observation,semantic:stateful-finance_ledger-set_budget_planned_amount-02:decoy-observation
qwen3-8b,semantic,token_stratified_random,semantic:stateful-finance_ledger-set_statement_closing_total-00:decoy-observation,semantic:stateful-finance_ledger-set_ledger_entry_amount-00:decoy-observation
qwen3-8b,semantic,token_stratified_random,semantic:stateful-finance_ledger-set_statement_closing_total-01:decoy-observation,semantic:stateful-customer_support-set_duplicate_similarity_score-00:decoy-observation
qwen3-8b,semantic,token_stratified_random,semantic:stateful-finance_ledger-set_statement_closing_total-02:decoy-observation,semantic:stateful-pricing_billing-set_currency_exchange_rate-00:decoy-observation
qwen3-8b,semantic,token_stratified_random,semantic:stateful-finance_ledger-set_statement_closing_total-03:decoy-observation,semantic:stateful-finance_ledger-set_payment_status_code-00:decoy-observation
qwen3-8b,semantic,token_stratified_random,semantic:stateful-finance_ledger-set_statement_closing_total-04:decoy-observation,semantic:stateful-inventory_fulfillment-set_reorder_target_cover-00:decoy-observation
qwen3-8b,semantic,token_stratified_random,semantic:stateful-inventory_fulfillment-apply_cycle_count_adjustment-00:decoy-observation,semantic:stateful-procurement_suppliers-set_supplier_transit_days-02:decoy-observation
qwen3-8b,semantic,token_stratified_random,semantic:stateful-inventory_fulfillment-apply_cycle_count_adjustment-01:decoy-observation,semantic:stateful-inventory_fulfillment-set_expiry_warning_window-02:decoy-observation
qwen3-8b,semantic,token_stratified_random,semantic:stateful-inventory_fulfillment-apply_cycle_count_adjustment-02:decoy-observation,semantic:stateful-workforce_access-set_access_minimum_clearance-03:decoy-observation
qwen3-8b,semantic,token_stratified_random,semantic:stateful-inventory_fulfillment-apply_cycle_count_adjustment-03:decoy-observation,semantic:stateful-pricing_billing-set_shipping_minimum_charge-01:decoy-observation
qwen3-8b,semantic,token_stratified_random,semantic:stateful-inventory_fulfillment-apply_cycle_count_adjustment-04:decoy-observation,semantic:stateful-procurement_suppliers-set_supplier_transit_days-00:decoy-observation
qwen3-8b,semantic,token_stratified_random,semantic:stateful-inventory_fulfillment-apply_sales_reservation-00:decoy-observation,semantic:stateful-procurement_suppliers-set_supplier_performance_value-04:decoy-observation
qwen3-8b,semantic,token_stratified_random,semantic:stateful-inventory_fulfillment-apply_sales_reservation-01:decoy-observation,semantic:stateful-finance_ledger-post_transaction_fee-00:decoy-observation
qwen3-8b,semantic,token_stratified_random,semantic:stateful-inventory_fulfillment-apply_sales_reservation-02:decoy-observation,semantic:stateful-inventory_fulfillment-set_bin_pick_sequence-00:decoy-observation
qwen3-8b,semantic,token_stratified_random,semantic:stateful-inventory_fulfillment-apply_sales_reservation-03:decoy-observation,semantic:stateful-inventory_fulfillment-set_bin_pick_sequence-04:decoy-observation
qwen3-8b,semantic,token_stratified_random,semantic:stateful-inventory_fulfillment-apply_sales_reservation-04:decoy-observation,semantic:stateful-compliance_audit-set_exception_extension_days-01:decoy-observation
qwen3-8b,semantic,token_stratified_random,semantic:stateful-inventory_fulfillment-set_backorder_customer_tier-00:decoy-observation,semantic:stateful-workforce_access-set_leave_ledger_units-04:decoy-observation
qwen3-8b,semantic,token_stratified_random,semantic:stateful-inventory_fulfillment-set_backorder_customer_tier-01:decoy-observation,semantic:stateful-inventory_fulfillment-set_reorder_target_cover-03:decoy-observation
qwen3-8b,semantic,token_stratified_random,semantic:stateful-inventory_fulfillment-set_backorder_customer_tier-02:decoy-observation,semantic:stateful-pricing_billing-set_promotion_discount_value-02:decoy-observation
qwen3-8b,semantic,token_stratified_random,semantic:stateful-inventory_fulfillment-set_backorder_customer_tier-03:decoy-observation,semantic:stateful-procurement_suppliers-set_goods_receipt_quantity-00:decoy-observation
qwen3-8b,semantic,token_stratified_random,semantic:stateful-inventory_fulfillment-set_backorder_customer_tier-04:decoy-observation,semantic:stateful-inventory_fulfillment-set_expiry_warning_window-04:decoy-observation
qwen3-8b,semantic,token_stratified_random,semantic:stateful-inventory_fulfillment-set_bin_pick_sequence-00:decoy-observation,semantic:stateful-customer_support-set_case_routing_owner-02:decoy-observation
qwen3-8b,semantic,token_stratified_random,semantic:stateful-inventory_fulfillment-set_bin_pick_sequence-01:decoy-observation,semantic:stateful-contracts_documents-set_contract_deadline_offset-04:decoy-observation
qwen3-8b,semantic,token_stratified_random,semantic:stateful-inventory_fulfillment-set_bin_pick_sequence-02:decoy-observation,semantic:stateful-workforce_access-set_role_assignment_priority-02:decoy-observation
qwen3-8b,semantic,token_stratified_random,semantic:stateful-inventory_fulfillment-set_bin_pick_sequence-03:decoy-observation,semantic:stateful-pricing_billing-set_contract_adjustment_value-04:decoy-observation
qwen3-8b,semantic,token_stratified_random,semantic:stateful-inventory_fulfillment-set_bin_pick_sequence-04:decoy-observation,semantic:stateful-inventory_fulfillment-set_fulfillment_on_hand_units-01:decoy-observation
qwen3-8b,semantic,token_stratified_random,semantic:stateful-inventory_fulfillment-set_expiry_warning_window-00:decoy-observation,semantic:stateful-procurement_suppliers-set_purchase_approval_threshold-04:decoy-observation
qwen3-8b,semantic,token_stratified_random,semantic:stateful-inventory_fulfillment-set_expiry_warning_window-01:decoy-observation,semantic:stateful-finance_ledger-set_journal_debit_amount-03:decoy-observation
qwen3-8b,semantic,token_stratified_random,semantic:stateful-inventory_fulfillment-set_expiry_warning_window-02:decoy-observation,semantic:stateful-workforce_access-set_badge_validity_days-02:decoy-observation
qwen3-8b,semantic,token_stratified_random,semantic:stateful-inventory_fulfillment-set_expiry_warning_window-03:decoy-observation,semantic:stateful-compliance_audit-set_exception_extension_days-04:decoy-observation
qwen3-8b,semantic,token_stratified_random,semantic:stateful-inventory_fulfillment-set_expiry_warning_window-04:decoy-observation,semantic:stateful-compliance_audit-set_retention_years-00:decoy-observation
qwen3-8b,semantic,token_stratified_random,semantic:stateful-inventory_fulfillment-set_fulfillment_on_hand_units-00:decoy-observation,semantic:stateful-pricing_billing-activate_margin_floor-01:decoy-observation
qwen3-8b,semantic,token_stratified_random,semantic:stateful-inventory_fulfillment-set_fulfillment_on_hand_units-01:decoy-observation,semantic:stateful-customer_support-set_duplicate_similarity_score-04:decoy-observation
qwen3-8b,semantic,token_stratified_random,semantic:stateful-inventory_fulfillment-set_fulfillment_on_hand_units-02:decoy-observation,semantic:stateful-procurement_suppliers-assign_quote_supplier-00:decoy-observation
qwen3-8b,semantic,token_stratified_random,semantic:stateful-inventory_fulfillment-set_fulfillment_on_hand_units-03:decoy-observation,semantic:stateful-pricing_billing-set_promotion_discount_value-01:decoy-observation
qwen3-8b,semantic,token_stratified_random,semantic:stateful-inventory_fulfillment-set_fulfillment_on_hand_units-04:decoy-observation,semantic:stateful-pricing_billing-set_currency_exchange_rate-01:decoy-observation
qwen3-8b,semantic,token_stratified_random,semantic:stateful-inventory_fulfillment-set_reorder_target_cover-00:decoy-observation,semantic:stateful-pricing_billing-set_shipping_minimum_charge-02:decoy-observation
qwen3-8b,semantic,token_stratified_random,semantic:stateful-inventory_fulfillment-set_reorder_target_cover-01:decoy-observation,semantic:stateful-procurement_suppliers-assign_quote_supplier-01:decoy-observation
qwen3-8b,semantic,token_stratified_random,semantic:stateful-inventory_fulfillment-set_reorder_target_cover-02:decoy-observation,semantic:stateful-compliance_audit-set_control_evidence_status-02:decoy-observation
qwen3-8b,semantic,token_stratified_random,semantic:stateful-inventory_fulfillment-set_reorder_target_cover-03:decoy-observation,semantic:stateful-workforce_access-set_access_minimum_clearance-01:decoy-observation
qwen3-8b,semantic,token_stratified_random,semantic:stateful-inventory_fulfillment-set_reorder_target_cover-04:decoy-observation,semantic:stateful-customer_support-set_case_priority-04:decoy-observation
qwen3-8b,semantic,token_stratified_random,semantic:stateful-inventory_fulfillment-set_safety_stock_floor-00:decoy-observation,semantic:stateful-contracts_documents-set_signature_event_type-02:decoy-observation
qwen3-8b,semantic,token_stratified_random,semantic:stateful-inventory_fulfillment-set_safety_stock_floor-01:decoy-observation,semantic:stateful-compliance_audit-replace_audit_population_record-02:decoy-observation
qwen3-8b,semantic,token_stratified_random,semantic:stateful-inventory_fulfillment-set_safety_stock_floor-02:decoy-observation,semantic:stateful-compliance_audit-set_assigned_role-02:decoy-observation
qwen3-8b,semantic,token_stratified_random,semantic:stateful-inventory_fulfillment-set_safety_stock_floor-03:decoy-observation,semantic:stateful-workforce_access-set_badge_validity_days-01:decoy-observation
qwen3-8b,semantic,token_stratified_random,semantic:stateful-inventory_fulfillment-set_safety_stock_floor-04:decoy-observation,semantic:stateful-workforce_access-set_badge_validity_days-00:decoy-observation
qwen3-8b,semantic,token_stratified_random,semantic:stateful-inventory_fulfillment-set_source_transfer_cost-00:decoy-observation,semantic:stateful-compliance_audit-set_filing_artifact_count-04:decoy-observation
qwen3-8b,semantic,token_stratified_random,semantic:stateful-inventory_fulfillment-set_source_transfer_cost-01:decoy-observation,semantic:stateful-compliance_audit-set_filing_artifact_count-02:decoy-observation
qwen3-8b,semantic,token_stratified_random,semantic:stateful-inventory_fulfillment-set_source_transfer_cost-02:decoy-observation,semantic:stateful-finance_ledger-set_ledger_entry_amount-01:decoy-observation
qwen3-8b,semantic,token_stratified_random,semantic:stateful-inventory_fulfillment-set_source_transfer_cost-03:decoy-observation,semantic:stateful-pricing_billing-set_credit_adjustment_value-04:decoy-observation
qwen3-8b,semantic,token_stratified_random,semantic:stateful-inventory_fulfillment-set_source_transfer_cost-04:decoy-observation,semantic:stateful-compliance_audit-set_risk_matrix_score-03:decoy-observation
qwen3-8b,semantic,token_stratified_random,semantic:stateful-inventory_fulfillment-set_warehouse_capacity_volume-00:decoy-observation,semantic:stateful-finance_ledger-set_journal_debit_amount-01:decoy-observation
qwen3-8b,semantic,token_stratified_random,semantic:stateful-inventory_fulfillment-set_warehouse_capacity_volume-01:decoy-observation,semantic:stateful-inventory_fulfillment-set_source_transfer_cost-02:decoy-observation
qwen3-8b,semantic,token_stratified_random,semantic:stateful-inventory_fulfillment-set_warehouse_capacity_volume-02:decoy-observation,semantic:stateful-procurement_suppliers-set_contract_allowed_price-03:decoy-observation
qwen3-8b,semantic,token_stratified_random,semantic:stateful-inventory_fulfillment-set_warehouse_capacity_volume-03:decoy-observation,semantic:stateful-inventory_fulfillment-set_bin_pick_sequence-01:decoy-observation
qwen3-8b,semantic,token_stratified_random,semantic:stateful-inventory_fulfillment-set_warehouse_capacity_volume-04:decoy-observation,semantic:stateful-workforce_access-set_shift_minimum_rest_hours-04:decoy-observation
qwen3-8b,semantic,token_stratified_random,semantic:stateful-pricing_billing-activate_list_price-00:decoy-observation,semantic:stateful-customer_support-set_duplicate_similarity_score-02:decoy-observation
qwen3-8b,semantic,token_stratified_random,semantic:stateful-pricing_billing-activate_list_price-01:decoy-observation,semantic:stateful-contracts_documents-set_contract_deadline_offset-00:decoy-observation
qwen3-8b,semantic,token_stratified_random,semantic:stateful-pricing_billing-activate_list_price-02:decoy-observation,semantic:stateful-compliance_audit-set_exception_extension_days-02:decoy-observation
qwen3-8b,semantic,token_stratified_random,semantic:stateful-pricing_billing-activate_list_price-03:decoy-observation,semantic:stateful-customer_support-set_case_priority-03:decoy-observation
qwen3-8b,semantic,token_stratified_random,semantic:stateful-pricing_billing-activate_list_price-04:decoy-observation,semantic:stateful-inventory_fulfillment-set_expiry_warning_window-00:decoy-observation
qwen3-8b,semantic,token_stratified_random,semantic:stateful-pricing_billing-activate_margin_floor-00:decoy-observation,semantic:stateful-finance_ledger-set_statement_closing_total-02:decoy-observation
qwen3-8b,semantic,token_stratified_random,semantic:stateful-pricing_billing-activate_margin_floor-01:decoy-observation,semantic:stateful-contracts_documents-set_retention_classification-00:decoy-observation
qwen3-8b,semantic,token_stratified_random,semantic:stateful-pricing_billing-activate_margin_floor-02:decoy-observation,semantic:stateful-contracts_documents-set_document_section_text-02:decoy-observation
qwen3-8b,semantic,token_stratified_random,semantic:stateful-pricing_billing-activate_margin_floor-03:decoy-observation,semantic:stateful-procurement_suppliers-set_contract_allowed_price-01:decoy-observation
qwen3-8b,semantic,token_stratified_random,semantic:stateful-pricing_billing-activate_margin_floor-04:decoy-observation,semantic:stateful-compliance_audit-set_risk_matrix_score-01:decoy-observation
qwen3-8b,semantic,token_stratified_random,semantic:stateful-pricing_billing-set_contract_adjustment_value-00:decoy-observation,semantic:stateful-pricing_billing-set_credit_adjustment_value-04:decoy-observation
qwen3-8b,semantic,token_stratified_random,semantic:stateful-pricing_billing-set_contract_adjustment_value-01:decoy-observation,semantic:stateful-workforce_access-set_leave_ledger_units-00:decoy-observation
qwen3-8b,semantic,token_stratified_random,semantic:stateful-pricing_billing-set_contract_adjustment_value-02:decoy-observation,semantic:stateful-contracts_documents-set_signature_event_type-03:decoy-observation
qwen3-8b,semantic,token_stratified_random,semantic:stateful-pricing_billing-set_contract_adjustment_value-03:decoy-observation,semantic:stateful-compliance_audit-set_retention_years-01:decoy-observation
qwen3-8b,semantic,token_stratified_random,semantic:stateful-pricing_billing-set_contract_adjustment_value-04:decoy-observation,semantic:stateful-compliance_audit-set_risk_matrix_score-03:decoy-observation
qwen3-8b,semantic,token_stratified_random,semantic:stateful-pricing_billing-set_credit_adjustment_value-00:decoy-observation,semantic:stateful-customer_support-set_duplicate_similarity_score-02:decoy-observation
qwen3-8b,semantic,token_stratified_random,semantic:stateful-pricing_billing-set_credit_adjustment_value-01:decoy-observation,semantic:stateful-pricing_billing-activate_list_price-04:decoy-observation
qwen3-8b,semantic,token_stratified_random,semantic:stateful-pricing_billing-set_credit_adjustment_value-02:decoy-observation,semantic:stateful-compliance_audit-set_assigned_role-01:decoy-observation
qwen3-8b,semantic,token_stratified_random,semantic:stateful-pricing_billing-set_credit_adjustment_value-03:decoy-observation,semantic:stateful-finance_ledger-set_ledger_entry_amount-02:decoy-observation
qwen3-8b,semantic,token_stratified_random,semantic:stateful-pricing_billing-set_credit_adjustment_value-04:decoy-observation,semantic:stateful-finance_ledger-record_tax_basis-01:decoy-observation
qwen3-8b,semantic,token_stratified_random,semantic:stateful-pricing_billing-set_currency_exchange_rate-00:decoy-observation,semantic:stateful-pricing_billing-set_service_fee_value-01:decoy-observation
qwen3-8b,semantic,token_stratified_random,semantic:stateful-pricing_billing-set_currency_exchange_rate-01:decoy-observation,semantic:stateful-pricing_billing-activate_margin_floor-04:decoy-observation
qwen3-8b,semantic,token_stratified_random,semantic:stateful-pricing_billing-set_currency_exchange_rate-02:decoy-observation,semantic:stateful-procurement_suppliers-set_expedited_delivery_days-01:decoy-observation
qwen3-8b,semantic,token_stratified_random,semantic:stateful-pricing_billing-set_currency_exchange_rate-03:decoy-observation,semantic:stateful-compliance_audit-replace_audit_population_record-00:decoy-observation
qwen3-8b,semantic,token_stratified_random,semantic:stateful-pricing_billing-set_currency_exchange_rate-04:decoy-observation,semantic:stateful-procurement_suppliers-assign_quote_supplier-01:decoy-observation
qwen3-8b,semantic,token_stratified_random,semantic:stateful-pricing_billing-set_order_discount_value-00:decoy-observation,semantic:stateful-finance_ledger-set_budget_planned_amount-04:decoy-observation
qwen3-8b,semantic,token_stratified_random,semantic:stateful-pricing_billing-set_order_discount_value-01:decoy-observation,semantic:stateful-pricing_billing-set_contract_adjustment_value-02:decoy-observation
qwen3-8b,semantic,token_stratified_random,semantic:stateful-pricing_billing-set_order_discount_value-02:decoy-observation,semantic:stateful-inventory_fulfillment-set_warehouse_capacity_volume-03:decoy-observation
qwen3-8b,semantic,token_stratified_random,semantic:stateful-pricing_billing-set_order_discount_value-03:decoy-observation,semantic:stateful-contracts_documents-set_contract_deadline_offset-03:decoy-observation
qwen3-8b,semantic,token_stratified_random,semantic:stateful-pricing_billing-set_order_discount_value-04:decoy-observation,semantic:stateful-pricing_billing-set_shipping_minimum_charge-03:decoy-observation
qwen3-8b,semantic,token_stratified_random,semantic:stateful-pricing_billing-set_promotion_discount_value-00:decoy-observation,semantic:stateful-customer_support-set_next_case_action-04:decoy-observation
qwen3-8b,semantic,token_stratified_random,semantic:stateful-pricing_billing-set_promotion_discount_value-01:decoy-observation,semantic:stateful-customer_support-set_case_routing_owner-04:decoy-observation
qwen3-8b,semantic,token_stratified_random,semantic:stateful-pricing_billing-set_promotion_discount_value-02:decoy-observation,semantic:stateful-pricing_billing-activate_list_price-03:decoy-observation
qwen3-8b,semantic,token_stratified_random,semantic:stateful-pricing_billing-set_promotion_discount_value-03:decoy-observation,semantic:stateful-inventory_fulfillment-set_backorder_customer_tier-04:decoy-observation
qwen3-8b,semantic,token_stratified_random,semantic:stateful-pricing_billing-set_promotion_discount_value-04:decoy-observation,semantic:stateful-workforce_access-set_overtime_approval_threshold-04:decoy-observation
qwen3-8b,semantic,token_stratified_random,semantic:stateful-pricing_billing-set_service_fee_value-00:decoy-observation,semantic:stateful-procurement_suppliers-assign_quote_supplier-03:decoy-observation
qwen3-8b,semantic,token_stratified_random,semantic:stateful-pricing_billing-set_service_fee_value-01:decoy-observation,semantic:stateful-customer_support-set_duplicate_similarity_score-00:decoy-observation
qwen3-8b,semantic,token_stratified_random,semantic:stateful-pricing_billing-set_service_fee_value-02:decoy-observation,semantic:stateful-customer_support-set_refund_maximum_amount-01:decoy-observation
qwen3-8b,semantic,token_stratified_random,semantic:stateful-pricing_billing-set_service_fee_value-03:decoy-observation,semantic:stateful-workforce_access-set_leave_ledger_units-01:decoy-observation
qwen3-8b,semantic,token_stratified_random,semantic:stateful-pricing_billing-set_service_fee_value-04:decoy-observation,semantic:stateful-finance_ledger-set_fx_exchange_rate-00:decoy-observation
qwen3-8b,semantic,token_stratified_random,semantic:stateful-pricing_billing-set_shipping_minimum_charge-00:decoy-observation,semantic:stateful-inventory_fulfillment-set_fulfillment_on_hand_units-04:decoy-observation
qwen3-8b,semantic,token_stratified_random,semantic:stateful-pricing_billing-set_shipping_minimum_charge-01:decoy-observation,semantic:stateful-compliance_audit-set_control_evidence_status-01:decoy-observation
qwen3-8b,semantic,token_stratified_random,semantic:stateful-pricing_billing-set_shipping_minimum_charge-02:decoy-observation,semantic:stateful-customer_support-set_case_priority-00:decoy-observation
qwen3-8b,semantic,token_stratified_random,semantic:stateful-pricing_billing-set_shipping_minimum_charge-03:decoy-observation,semantic:stateful-compliance_audit-set_control_evidence_status-01:decoy-observation
qwen3-8b,semantic,token_stratified_random,semantic:stateful-pricing_billing-set_shipping_minimum_charge-04:decoy-observation,semantic:stateful-pricing_billing-set_service_fee_value-02:decoy-observation
qwen3-8b,semantic,token_stratified_random,semantic:stateful-pricing_billing-set_tax_rate-00:decoy-observation,semantic:stateful-pricing_billing-set_credit_adjustment_value-02:decoy-observation
qwen3-8b,semantic,token_stratified_random,semantic:stateful-pricing_billing-set_tax_rate-01:decoy-observation,semantic:stateful-procurement_suppliers-assign_quote_supplier-03:decoy-observation
qwen3-8b,semantic,token_stratified_random,semantic:stateful-pricing_billing-set_tax_rate-02:decoy-observation,semantic:stateful-procurement_suppliers-set_goods_receipt_quantity-02:decoy-observation
qwen3-8b,semantic,token_stratified_random,semantic:stateful-pricing_billing-set_tax_rate-03:decoy-observation,semantic:stateful-pricing_billing-set_service_fee_value-00:decoy-observation
qwen3-8b,semantic,token_stratified_random,semantic:stateful-pricing_billing-set_tax_rate-04:decoy-observation,semantic:stateful-contracts_documents-set_signature_event_type-02:decoy-observation
qwen3-8b,semantic,token_stratified_random,semantic:stateful-procurement_suppliers-assign_quote_supplier-00:decoy-observation,semantic:stateful-inventory_fulfillment-set_source_transfer_cost-03:decoy-observation
qwen3-8b,semantic,token_stratified_random,semantic:stateful-procurement_suppliers-assign_quote_supplier-01:decoy-observation,semantic:stateful-compliance_audit-set_remediation_owner-00:decoy-observation
qwen3-8b,semantic,token_stratified_random,semantic:stateful-procurement_suppliers-assign_quote_supplier-02:decoy-observation,semantic:stateful-customer_support-set_escalation_target-01:decoy-observation
qwen3-8b,semantic,token_stratified_random,semantic:stateful-procurement_suppliers-assign_quote_supplier-03:decoy-observation,semantic:stateful-procurement_suppliers-set_goods_receipt_quantity-00:decoy-observation
qwen3-8b,semantic,token_stratified_random,semantic:stateful-procurement_suppliers-assign_quote_supplier-04:decoy-observation,semantic:stateful-inventory_fulfillment-set_fulfillment_on_hand_units-02:decoy-observation
qwen3-8b,semantic,token_stratified_random,semantic:stateful-procurement_suppliers-set_contract_allowed_price-00:decoy-observation,semantic:stateful-inventory_fulfillment-set_warehouse_capacity_volume-01:decoy-observation
qwen3-8b,semantic,token_stratified_random,semantic:stateful-procurement_suppliers-set_contract_allowed_price-01:decoy-observation,semantic:stateful-pricing_billing-set_contract_adjustment_value-02:decoy-observation
qwen3-8b,semantic,token_stratified_random,semantic:stateful-procurement_suppliers-set_contract_allowed_price-02:decoy-observation,semantic:stateful-compliance_audit-set_retention_years-04:decoy-observation
qwen3-8b,semantic,token_stratified_random,semantic:stateful-procurement_suppliers-set_contract_allowed_price-03:decoy-observation,semantic:stateful-compliance_audit-set_filing_artifact_count-01:decoy-observation
qwen3-8b,semantic,token_stratified_random,semantic:stateful-procurement_suppliers-set_contract_allowed_price-04:decoy-observation,semantic:stateful-compliance_audit-set_control_evidence_status-04:decoy-observation
qwen3-8b,semantic,token_stratified_random,semantic:stateful-procurement_suppliers-set_expedited_delivery_days-00:decoy-observation,semantic:stateful-contracts_documents-set_effective_clause_text-00:decoy-observation
qwen3-8b,semantic,token_stratified_random,semantic:stateful-procurement_suppliers-set_expedited_delivery_days-01:decoy-observation,semantic:stateful-pricing_billing-set_tax_rate-00:decoy-observation
qwen3-8b,semantic,token_stratified_random,semantic:stateful-procurement_suppliers-set_expedited_delivery_days-02:decoy-observation,semantic:stateful-compliance_audit-set_retention_years-04:decoy-observation
qwen3-8b,semantic,token_stratified_random,semantic:stateful-procurement_suppliers-set_expedited_delivery_days-03:decoy-observation,semantic:stateful-contracts_documents-set_revision_approval-01:decoy-observation
qwen3-8b,semantic,token_stratified_random,semantic:stateful-procurement_suppliers-set_expedited_delivery_days-04:decoy-observation,semantic:stateful-workforce_access-set_badge_validity_days-04:decoy-observation
qwen3-8b,semantic,token_stratified_random,semantic:stateful-procurement_suppliers-set_goods_receipt_quantity-00:decoy-observation,semantic:stateful-finance_ledger-set_statement_closing_total-04:decoy-observation
qwen3-8b,semantic,token_stratified_random,semantic:stateful-procurement_suppliers-set_goods_receipt_quantity-01:decoy-observation,semantic:stateful-inventory_fulfillment-set_safety_stock_floor-04:decoy-observation
qwen3-8b,semantic,token_stratified_random,semantic:stateful-procurement_suppliers-set_goods_receipt_quantity-02:decoy-observation,semantic:stateful-customer_support-set_case_contact_channel-00:decoy-observation
qwen3-8b,semantic,token_stratified_random,semantic:stateful-procurement_suppliers-set_goods_receipt_quantity-03:decoy-observation,semantic:stateful-compliance_audit-set_risk_matrix_score-02:decoy-observation
qwen3-8b,semantic,token_stratified_random,semantic:stateful-procurement_suppliers-set_goods_receipt_quantity-04:decoy-observation,semantic:stateful-workforce_access-set_leave_ledger_units-01:decoy-observation
qwen3-8b,semantic,token_stratified_random,semantic:stateful-procurement_suppliers-set_purchase_approval_threshold-00:decoy-observation,semantic:stateful-customer_support-set_case_contact_channel-04:decoy-observation
qwen3-8b,semantic,token_stratified_random,semantic:stateful-procurement_suppliers-set_purchase_approval_threshold-01:decoy-observation,semantic:stateful-workforce_access-set_leave_ledger_units-02:decoy-observation
qwen3-8b,semantic,token_stratified_random,semantic:stateful-procurement_suppliers-set_purchase_approval_threshold-02:decoy-observation,semantic:stateful-contracts_documents-set_obligation_party-03:decoy-observation
qwen3-8b,semantic,token_stratified_random,semantic:stateful-procurement_suppliers-set_purchase_approval_threshold-03:decoy-observation,semantic:stateful-inventory_fulfillment-set_warehouse_capacity_volume-01:decoy-observation
qwen3-8b,semantic,token_stratified_random,semantic:stateful-procurement_suppliers-set_purchase_approval_threshold-04:decoy-observation,semantic:stateful-pricing_billing-set_service_fee_value-02:decoy-observation
qwen3-8b,semantic,token_stratified_random,semantic:stateful-procurement_suppliers-set_supplier_certification_level-00:decoy-observation,semantic:stateful-inventory_fulfillment-set_reorder_target_cover-02:decoy-observation
qwen3-8b,semantic,token_stratified_random,semantic:stateful-procurement_suppliers-set_supplier_certification_level-01:decoy-observation,semantic:stateful-pricing_billing-set_tax_rate-04:decoy-observation
qwen3-8b,semantic,token_stratified_random,semantic:stateful-procurement_suppliers-set_supplier_certification_level-02:decoy-observation,semantic:stateful-customer_support-set_escalation_target-01:decoy-observation
qwen3-8b,semantic,token_stratified_random,semantic:stateful-procurement_suppliers-set_supplier_certification_level-03:decoy-observation,semantic:stateful-workforce_access-set_delegation_allowed_actions-04:decoy-observation
qwen3-8b,semantic,token_stratified_random,semantic:stateful-procurement_suppliers-set_supplier_certification_level-04:decoy-observation,semantic:stateful-pricing_billing-activate_margin_floor-00:decoy-observation
qwen3-8b,semantic,token_stratified_random,semantic:stateful-procurement_suppliers-set_supplier_performance_value-00:decoy-observation,semantic:stateful-contracts_documents-set_document_section_text-01:decoy-observation
qwen3-8b,semantic,token_stratified_random,semantic:stateful-procurement_suppliers-set_supplier_performance_value-01:decoy-observation,semantic:stateful-pricing_billing-set_service_fee_value-04:decoy-observation
qwen3-8b,semantic,token_stratified_random,semantic:stateful-procurement_suppliers-set_supplier_performance_value-02:decoy-observation,semantic:stateful-finance_ledger-set_payment_status_code-01:decoy-observation
qwen3-8b,semantic,token_stratified_random,semantic:stateful-procurement_suppliers-set_supplier_performance_value-03:decoy-observation,semantic:stateful-procurement_suppliers-set_contract_allowed_price-01:decoy-observation
qwen3-8b,semantic,token_stratified_random,semantic:stateful-procurement_suppliers-set_supplier_performance_value-04:decoy-observation,semantic:stateful-inventory_fulfillment-apply_cycle_count_adjustment-00:decoy-observation
qwen3-8b,semantic,token_stratified_random,semantic:stateful-procurement_suppliers-set_supplier_transit_days-00:decoy-observation,semantic:stateful-finance_ledger-set_statement_closing_total-03:decoy-observation
qwen3-8b,semantic,token_stratified_random,semantic:stateful-procurement_suppliers-set_supplier_transit_days-01:decoy-observation,semantic:stateful-workforce_access-set_oncall_capacity-01:decoy-observation
qwen3-8b,semantic,token_stratified_random,semantic:stateful-procurement_suppliers-set_supplier_transit_days-02:decoy-observation,semantic:stateful-inventory_fulfillment-set_source_transfer_cost-03:decoy-observation
qwen3-8b,semantic,token_stratified_random,semantic:stateful-procurement_suppliers-set_supplier_transit_days-03:decoy-observation,semantic:stateful-finance_ledger-post_transaction_fee-04:decoy-observation
qwen3-8b,semantic,token_stratified_random,semantic:stateful-procurement_suppliers-set_supplier_transit_days-04:decoy-observation,semantic:stateful-customer_support-set_refund_maximum_amount-04:decoy-observation
qwen3-8b,semantic,token_stratified_random,semantic:stateful-workforce_access-set_access_minimum_clearance-00:decoy-observation,semantic:stateful-workforce_access-set_leave_ledger_units-00:decoy-observation
qwen3-8b,semantic,token_stratified_random,semantic:stateful-workforce_access-set_access_minimum_clearance-01:decoy-observation,semantic:stateful-customer_support-set_sla_duration_minutes-00:decoy-observation
qwen3-8b,semantic,token_stratified_random,semantic:stateful-workforce_access-set_access_minimum_clearance-02:decoy-observation,semantic:stateful-pricing_billing-activate_list_price-03:decoy-observation
qwen3-8b,semantic,token_stratified_random,semantic:stateful-workforce_access-set_access_minimum_clearance-03:decoy-observation,semantic:stateful-inventory_fulfillment-set_safety_stock_floor-00:decoy-observation
qwen3-8b,semantic,token_stratified_random,semantic:stateful-workforce_access-set_access_minimum_clearance-04:decoy-observation,semantic:stateful-customer_support-set_sla_duration_minutes-00:decoy-observation
qwen3-8b,semantic,token_stratified_random,semantic:stateful-workforce_access-set_badge_validity_days-00:decoy-observation,semantic:stateful-inventory_fulfillment-set_fulfillment_on_hand_units-02:decoy-observation
qwen3-8b,semantic,token_stratified_random,semantic:stateful-workforce_access-set_badge_validity_days-01:decoy-observation,semantic:stateful-pricing_billing-activate_margin_floor-02:decoy-observation
qwen3-8b,semantic,token_stratified_random,semantic:stateful-workforce_access-set_badge_validity_days-02:decoy-observation,semantic:stateful-finance_ledger-set_statement_closing_total-01:decoy-observation
qwen3-8b,semantic,token_stratified_random,semantic:stateful-workforce_access-set_badge_validity_days-03:decoy-observation,semantic:stateful-inventory_fulfillment-set_source_transfer_cost-04:decoy-observation
qwen3-8b,semantic,token_stratified_random,semantic:stateful-workforce_access-set_badge_validity_days-04:decoy-observation,semantic:stateful-contracts_documents-set_obligation_party-00:decoy-observation
qwen3-8b,semantic,token_stratified_random,semantic:stateful-workforce_access-set_delegation_allowed_actions-00:decoy-observation,semantic:stateful-compliance_audit-replace_audit_population_record-00:decoy-observation
qwen3-8b,semantic,token_stratified_random,semantic:stateful-workforce_access-set_delegation_allowed_actions-01:decoy-observation,semantic:stateful-contracts_documents-set_document_section_text-00:decoy-observation
qwen3-8b,semantic,token_stratified_random,semantic:stateful-workforce_access-set_delegation_allowed_actions-02:decoy-observation,semantic:stateful-contracts_documents-set_signature_event_type-01:decoy-observation
qwen3-8b,semantic,token_stratified_random,semantic:stateful-workforce_access-set_delegation_allowed_actions-03:decoy-observation,semantic:stateful-finance_ledger-record_tax_basis-02:decoy-observation
qwen3-8b,semantic,token_stratified_random,semantic:stateful-workforce_access-set_delegation_allowed_actions-04:decoy-observation,semantic:stateful-contracts_documents-set_obligation_party-01:decoy-observation
qwen3-8b,semantic,token_stratified_random,semantic:stateful-workforce_access-set_leave_ledger_units-00:decoy-observation,semantic:stateful-finance_ledger-set_audit_event_reference-01:decoy-observation
qwen3-8b,semantic,token_stratified_random,semantic:stateful-workforce_access-set_leave_ledger_units-01:decoy-observation,semantic:stateful-workforce_access-set_overtime_approval_threshold-01:decoy-observation
qwen3-8b,semantic,token_stratified_random,semantic:stateful-workforce_access-set_leave_ledger_units-02:decoy-observation,semantic:stateful-inventory_fulfillment-apply_cycle_count_adjustment-02:decoy-observation
qwen3-8b,semantic,token_stratified_random,semantic:stateful-workforce_access-set_leave_ledger_units-03:decoy-observation,semantic:stateful-procurement_suppliers-set_supplier_certification_level-04:decoy-observation
qwen3-8b,semantic,token_stratified_random,semantic:stateful-workforce_access-set_leave_ledger_units-04:decoy-observation,semantic:stateful-pricing_billing-set_shipping_minimum_charge-04:decoy-observation
qwen3-8b,semantic,token_stratified_random,semantic:stateful-workforce_access-set_oncall_capacity-00:decoy-observation,semantic:stateful-inventory_fulfillment-set_safety_stock_floor-01:decoy-observation
qwen3-8b,semantic,token_stratified_random,semantic:stateful-workforce_access-set_oncall_capacity-01:decoy-observation,semantic:stateful-compliance_audit-set_exception_extension_days-02:decoy-observation
qwen3-8b,semantic,token_stratified_random,semantic:stateful-workforce_access-set_oncall_capacity-02:decoy-observation,semantic:stateful-pricing_billing-set_tax_rate-01:decoy-observation
qwen3-8b,semantic,token_stratified_random,semantic:stateful-workforce_access-set_oncall_capacity-03:decoy-observation,semantic:stateful-workforce_access-set_overtime_approval_threshold-02:decoy-observation
qwen3-8b,semantic,token_stratified_random,semantic:stateful-workforce_access-set_oncall_capacity-04:decoy-observation,semantic:stateful-pricing_billing-set_promotion_discount_value-03:decoy-observation
qwen3-8b,semantic,token_stratified_random,semantic:stateful-workforce_access-set_overtime_approval_threshold-00:decoy-observation,semantic:stateful-finance_ledger-set_ledger_entry_amount-02:decoy-observation
qwen3-8b,semantic,token_stratified_random,semantic:stateful-workforce_access-set_overtime_approval_threshold-01:decoy-observation,semantic:stateful-contracts_documents-set_obligation_party-02:decoy-observation
qwen3-8b,semantic,token_stratified_random,semantic:stateful-workforce_access-set_overtime_approval_threshold-02:decoy-observation,semantic:stateful-compliance_audit-set_risk_matrix_score-01:decoy-observation
qwen3-8b,semantic,token_stratified_random,semantic:stateful-workforce_access-set_overtime_approval_threshold-03:decoy-observation,semantic:stateful-customer_support-set_case_routing_owner-00:decoy-observation
qwen3-8b,semantic,token_stratified_random,semantic:stateful-workforce_access-set_overtime_approval_threshold-04:decoy-observation,semantic:stateful-workforce_access-set_oncall_capacity-01:decoy-observation
qwen3-8b,semantic,token_stratified_random,semantic:stateful-workforce_access-set_role_assignment_priority-00:decoy-observation,semantic:stateful-contracts_documents-set_effective_clause_text-03:decoy-observation
qwen3-8b,semantic,token_stratified_random,semantic:stateful-workforce_access-set_role_assignment_priority-01:decoy-observation,semantic:stateful-pricing_billing-set_service_fee_value-04:decoy-observation
qwen3-8b,semantic,token_stratified_random,semantic:stateful-workforce_access-set_role_assignment_priority-02:decoy-observation,semantic:stateful-workforce_access-set_overtime_approval_threshold-02:decoy-observation
qwen3-8b,semantic,token_stratified_random,semantic:stateful-workforce_access-set_role_assignment_priority-03:decoy-observation,semantic:stateful-workforce_access-set_badge_validity_days-04:decoy-observation
qwen3-8b,semantic,token_stratified_random,semantic:stateful-workforce_access-set_role_assignment_priority-04:decoy-observation,semantic:stateful-contracts_documents-set_revision_approval-03:decoy-observation
qwen3-8b,semantic,token_stratified_random,semantic:stateful-workforce_access-set_shift_minimum_rest_hours-00:decoy-observation,semantic:stateful-finance_ledger-set_statement_closing_total-03:decoy-observation
qwen3-8b,semantic,token_stratified_random,semantic:stateful-workforce_access-set_shift_minimum_rest_hours-01:decoy-observation,semantic:stateful-procurement_suppliers-set_goods_receipt_quantity-01:decoy-observation
qwen3-8b,semantic,token_stratified_random,semantic:stateful-workforce_access-set_shift_minimum_rest_hours-02:decoy-observation,semantic:stateful-inventory_fulfillment-apply_cycle_count_adjustment-01:decoy-observation
qwen3-8b,semantic,token_stratified_random,semantic:stateful-workforce_access-set_shift_minimum_rest_hours-03:decoy-observation,semantic:stateful-workforce_access-set_access_minimum_clearance-04:decoy-observation
qwen3-8b,semantic,token_stratified_random,semantic:stateful-workforce_access-set_shift_minimum_rest_hours-04:decoy-observation,semantic:stateful-contracts_documents-set_citation_target-00:decoy-observation
qwen3-4b,semantic,same_condition_token_matched,semantic:stateful-compliance_audit-replace_audit_population_record-00:decoy-observation,semantic:stateful-compliance_audit-set_filing_artifact_count-03:decoy-observation
qwen3-4b,semantic,same_condition_token_matched,semantic:stateful-compliance_audit-replace_audit_population_record-01:decoy-observation,semantic:stateful-compliance_audit-set_remediation_owner-03:decoy-observation
qwen3-4b,semantic,same_condition_token_matched,semantic:stateful-compliance_audit-replace_audit_population_record-02:decoy-observation,semantic:stateful-compliance_audit-set_filing_artifact_count-02:decoy-observation
qwen3-4b,semantic,same_condition_token_matched,semantic:stateful-compliance_audit-replace_audit_population_record-03:decoy-observation,semantic:stateful-compliance_audit-set_exception_extension_days-04:decoy-observation
qwen3-4b,semantic,same_condition_token_matched,semantic:stateful-compliance_audit-replace_audit_population_record-04:decoy-observation,semantic:stateful-compliance_audit-set_remediation_owner-03:decoy-observation
qwen3-4b,semantic,same_condition_token_matched,semantic:stateful-compliance_audit-set_assigned_role-00:decoy-observation,semantic:stateful-compliance_audit-set_remediation_owner-01:decoy-observation
qwen3-4b,semantic,same_condition_token_matched,semantic:stateful-compliance_audit-set_assigned_role-01:decoy-observation,semantic:stateful-compliance_audit-set_remediation_owner-02:decoy-observation
qwen3-4b,semantic,same_condition_token_matched,semantic:stateful-compliance_audit-set_assigned_role-02:decoy-observation,semantic:stateful-compliance_audit-set_remediation_owner-00:decoy-observation
qwen3-4b,semantic,same_condition_token_matched,semantic:stateful-compliance_audit-set_assigned_role-03:decoy-observation,semantic:stateful-compliance_audit-set_remediation_owner-04:decoy-observation
qwen3-4b,semantic,same_condition_token_matched,semantic:stateful-compliance_audit-set_assigned_role-04:decoy-observation,semantic:stateful-compliance_audit-set_remediation_owner-00:decoy-observation
qwen3-4b,semantic,same_condition_token_matched,semantic:stateful-compliance_audit-set_control_evidence_status-00:decoy-observation,semantic:stateful-customer_support-set_sla_duration_minutes-02:decoy-observation
qwen3-4b,semantic,same_condition_token_matched,semantic:stateful-compliance_audit-set_control_evidence_status-01:decoy-observation,semantic:stateful-customer_support-set_case_routing_owner-04:decoy-observation
qwen3-4b,semantic,same_condition_token_matched,semantic:stateful-compliance_audit-set_control_evidence_status-02:decoy-observation,semantic:stateful-customer_support-set_sla_duration_minutes-02:decoy-observation
qwen3-4b,semantic,same_condition_token_matched,semantic:stateful-compliance_audit-set_control_evidence_status-03:decoy-observation,semantic:stateful-customer_support-set_sla_duration_minutes-04:decoy-observation
qwen3-4b,semantic,same_condition_token_matched,semantic:stateful-compliance_audit-set_control_evidence_status-04:decoy-observation,semantic:stateful-compliance_audit-set_risk_matrix_score-03:decoy-observation
qwen3-4b,semantic,same_condition_token_matched,semantic:stateful-compliance_audit-set_exception_extension_days-00:decoy-observation,semantic:stateful-customer_support-set_case_routing_owner-02:decoy-observation
qwen3-4b,semantic,same_condition_token_matched,semantic:stateful-compliance_audit-set_exception_extension_days-01:decoy-observation,semantic:stateful-customer_support-set_case_routing_owner-02:decoy-observation
qwen3-4b,semantic,same_condition_token_matched,semantic:stateful-compliance_audit-set_exception_extension_days-02:decoy-observation,semantic:stateful-compliance_audit-set_risk_matrix_score-03:decoy-observation
qwen3-4b,semantic,same_condition_token_matched,semantic:stateful-compliance_audit-set_exception_extension_days-03:decoy-observation,semantic:stateful-customer_support-set_case_routing_owner-00:decoy-observation
qwen3-4b,semantic,same_condition_token_matched,semantic:stateful-compliance_audit-set_exception_extension_days-04:decoy-observation,semantic:stateful-compliance_audit-replace_audit_population_record-03:decoy-observation
qwen3-4b,semantic,same_condition_token_matched,semantic:stateful-compliance_audit-set_filing_artifact_count-00:decoy-observation,semantic:stateful-compliance_audit-replace_audit_population_record-02:decoy-observation
qwen3-4b,semantic,same_condition_token_matched,semantic:stateful-compliance_audit-set_filing_artifact_count-01:decoy-observation,semantic:stateful-compliance_audit-set_risk_matrix_score-02:decoy-observation
qwen3-4b,semantic,same_condition_token_matched,semantic:stateful-compliance_audit-set_filing_artifact_count-02:decoy-observation,semantic:stateful-compliance_audit-replace_audit_population_record-04:decoy-observation
qwen3-4b,semantic,same_condition_token_matched,semantic:stateful-compliance_audit-set_filing_artifact_count-03:decoy-observation,semantic:stateful-compliance_audit-replace_audit_population_record-00:decoy-observation
qwen3-4b,semantic,same_condition_token_matched,semantic:stateful-compliance_audit-set_filing_artifact_count-04:decoy-observation,semantic:stateful-compliance_audit-replace_audit_population_record-04:decoy-observation
qwen3-4b,semantic,same_condition_token_matched,semantic:stateful-compliance_audit-set_remediation_owner-00:decoy-observation,semantic:stateful-compliance_audit-set_retention_years-01:decoy-observation
qwen3-4b,semantic,same_condition_token_matched,semantic:stateful-compliance_audit-set_remediation_owner-01:decoy-observation,semantic:stateful-compliance_audit-replace_audit_population_record-01:decoy-observation
qwen3-4b,semantic,same_condition_token_matched,semantic:stateful-compliance_audit-set_remediation_owner-02:decoy-observation,semantic:stateful-compliance_audit-replace_audit_population_record-01:decoy-observation
qwen3-4b,semantic,same_condition_token_matched,semantic:stateful-compliance_audit-set_remediation_owner-03:decoy-observation,semantic:stateful-compliance_audit-replace_audit_population_record-00:decoy-observation
qwen3-4b,semantic,same_condition_token_matched,semantic:stateful-compliance_audit-set_remediation_owner-04:decoy-observation,semantic:stateful-compliance_audit-replace_audit_population_record-02:decoy-observation
qwen3-4b,semantic,same_condition_token_matched,semantic:stateful-compliance_audit-set_retention_years-00:decoy-observation,semantic:stateful-compliance_audit-set_remediation_owner-04:decoy-observation
qwen3-4b,semantic,same_condition_token_matched,semantic:stateful-compliance_audit-set_retention_years-01:decoy-observation,semantic:stateful-compliance_audit-set_remediation_owner-01:decoy-observation
qwen3-4b,semantic,same_condition_token_matched,semantic:stateful-compliance_audit-set_retention_years-02:decoy-observation,semantic:stateful-compliance_audit-set_remediation_owner-02:decoy-observation
qwen3-4b,semantic,same_condition_token_matched,semantic:stateful-compliance_audit-set_retention_years-03:decoy-observation,semantic:stateful-compliance_audit-set_filing_artifact_count-00:decoy-observation
qwen3-4b,semantic,same_condition_token_matched,semantic:stateful-compliance_audit-set_retention_years-04:decoy-observation,semantic:stateful-compliance_audit-set_filing_artifact_count-00:decoy-observation
qwen3-4b,semantic,same_condition_token_matched,semantic:stateful-compliance_audit-set_risk_matrix_score-00:decoy-observation,semantic:stateful-compliance_audit-set_filing_artifact_count-01:decoy-observation
qwen3-4b,semantic,same_condition_token_matched,semantic:stateful-compliance_audit-set_risk_matrix_score-01:decoy-observation,semantic:stateful-compliance_audit-set_filing_artifact_count-04:decoy-observation
qwen3-4b,semantic,same_condition_token_matched,semantic:stateful-compliance_audit-set_risk_matrix_score-02:decoy-observation,semantic:stateful-compliance_audit-set_filing_artifact_count-03:decoy-observation
qwen3-4b,semantic,same_condition_token_matched,semantic:stateful-compliance_audit-set_risk_matrix_score-03:decoy-observation,semantic:stateful-compliance_audit-set_exception_extension_days-02:decoy-observation
qwen3-4b,semantic,same_condition_token_matched,semantic:stateful-compliance_audit-set_risk_matrix_score-04:decoy-observation,semantic:stateful-compliance_audit-set_filing_artifact_count-01:decoy-observation
qwen3-4b,semantic,same_condition_token_matched,semantic:stateful-contracts_documents-set_citation_target-00:decoy-observation,semantic:stateful-contracts_documents-set_retention_classification-01:decoy-observation
qwen3-4b,semantic,same_condition_token_matched,semantic:stateful-contracts_documents-set_citation_target-01:decoy-observation,semantic:stateful-workforce_access-set_overtime_approval_threshold-02:decoy-observation
qwen3-4b,semantic,same_condition_token_matched,semantic:stateful-contracts_documents-set_citation_target-02:decoy-observation,semantic:stateful-contracts_documents-set_retention_classification-00:decoy-observation
qwen3-4b,semantic,same_condition_token_matched,semantic:stateful-contracts_documents-set_citation_target-03:decoy-observation,semantic:stateful-workforce_access-set_overtime_approval_threshold-00:decoy-observation
qwen3-4b,semantic,same_condition_token_matched,semantic:stateful-contracts_documents-set_citation_target-04:decoy-observation,semantic:stateful-workforce_access-set_overtime_approval_threshold-01:decoy-observation
qwen3-4b,semantic,same_condition_token_matched,semantic:stateful-contracts_documents-set_contract_deadline_offset-00:decoy-observation,semantic:stateful-contracts_documents-set_signature_event_type-02:decoy-observation
qwen3-4b,semantic,same_condition_token_matched,semantic:stateful-contracts_documents-set_contract_deadline_offset-01:decoy-observation,semantic:stateful-contracts_documents-set_document_section_text-02:decoy-observation
qwen3-4b,semantic,same_condition_token_matched,semantic:stateful-contracts_documents-set_contract_deadline_offset-02:decoy-observation,semantic:stateful-contracts_documents-set_document_section_text-04:decoy-observation
qwen3-4b,semantic,same_condition_token_matched,semantic:stateful-contracts_documents-set_contract_deadline_offset-03:decoy-observation,semantic:stateful-contracts_documents-set_citation_target-02:decoy-observation
qwen3-4b,semantic,same_condition_token_matched,semantic:stateful-contracts_documents-set_contract_deadline_offset-04:decoy-observation,semantic:stateful-contracts_documents-set_document_section_text-04:decoy-observation
qwen3-4b,semantic,same_condition_token_matched,semantic:stateful-contracts_documents-set_document_section_text-00:decoy-observation,semantic:stateful-contracts_documents-set_revision_approval-03:decoy-observation
qwen3-4b,semantic,same_condition_token_matched,semantic:stateful-contracts_documents-set_document_section_text-01:decoy-observation,semantic:stateful-workforce_access-set_overtime_approval_threshold-02:decoy-observation
qwen3-4b,semantic,same_condition_token_matched,semantic:stateful-contracts_documents-set_document_section_text-02:decoy-observation,semantic:stateful-contracts_documents-set_contract_deadline_offset-04:decoy-observation
qwen3-4b,semantic,same_condition_token_matched,semantic:stateful-contracts_documents-set_document_section_text-03:decoy-observation,semantic:stateful-contracts_documents-set_signature_event_type-01:decoy-observation
qwen3-4b,semantic,same_condition_token_matched,semantic:stateful-contracts_documents-set_document_section_text-04:decoy-observation,semantic:stateful-contracts_documents-set_revision_approval-03:decoy-observation
qwen3-4b,semantic,same_condition_token_matched,semantic:stateful-contracts_documents-set_effective_clause_text-00:decoy-observation,semantic:stateful-contracts_documents-set_revision_approval-02:decoy-observation
qwen3-4b,semantic,same_condition_token_matched,semantic:stateful-contracts_documents-set_effective_clause_text-01:decoy-observation,semantic:stateful-contracts_documents-set_revision_approval-01:decoy-observation
qwen3-4b,semantic,same_condition_token_matched,semantic:stateful-contracts_documents-set_effective_clause_text-02:decoy-observation,semantic:stateful-contracts_documents-set_revision_approval-02:decoy-observation
qwen3-4b,semantic,same_condition_token_matched,semantic:stateful-contracts_documents-set_effective_clause_text-03:decoy-observation,semantic:stateful-contracts_documents-set_revision_approval-04:decoy-observation
qwen3-4b,semantic,same_condition_token_matched,semantic:stateful-contracts_documents-set_effective_clause_text-04:decoy-observation,semantic:stateful-contracts_documents-set_revision_approval-01:decoy-observation
qwen3-4b,semantic,same_condition_token_matched,semantic:stateful-contracts_documents-set_obligation_party-00:decoy-observation,semantic:stateful-contracts_documents-set_contract_deadline_offset-01:decoy-observation
qwen3-4b,semantic,same_condition_token_matched,semantic:stateful-contracts_documents-set_obligation_party-01:decoy-observation,semantic:stateful-contracts_documents-set_contract_deadline_offset-04:decoy-observation
qwen3-4b,semantic,same_condition_token_matched,semantic:stateful-contracts_documents-set_obligation_party-02:decoy-observation,semantic:stateful-contracts_documents-set_revision_approval-04:decoy-observation
qwen3-4b,semantic,same_condition_token_matched,semantic:stateful-contracts_documents-set_obligation_party-03:decoy-observation,semantic:stateful-contracts_documents-set_contract_deadline_offset-02:decoy-observation
qwen3-4b,semantic,same_condition_token_matched,semantic:stateful-contracts_documents-set_obligation_party-04:decoy-observation,semantic:stateful-contracts_documents-set_contract_deadline_offset-01:decoy-observation
qwen3-4b,semantic,same_condition_token_matched,semantic:stateful-contracts_documents-set_retention_classification-00:decoy-observation,semantic:stateful-contracts_documents-set_citation_target-02:decoy-observation
qwen3-4b,semantic,same_condition_token_matched,semantic:stateful-contracts_documents-set_retention_classification-01:decoy-observation,semantic:stateful-contracts_documents-set_citation_target-01:decoy-observation
qwen3-4b,semantic,same_condition_token_matched,semantic:stateful-contracts_documents-set_retention_classification-02:decoy-observation,semantic:stateful-contracts_documents-set_revision_approval-00:decoy-observation
qwen3-4b,semantic,same_condition_token_matched,semantic:stateful-contracts_documents-set_retention_classification-03:decoy-observation,semantic:stateful-workforce_access-set_delegation_allowed_actions-00:decoy-observation
qwen3-4b,semantic,same_condition_token_matched,semantic:stateful-contracts_documents-set_retention_classification-04:decoy-observation,semantic:stateful-contracts_documents-set_contract_deadline_offset-03:decoy-observation
qwen3-4b,semantic,same_condition_token_matched,semantic:stateful-contracts_documents-set_revision_approval-00:decoy-observation,semantic:stateful-contracts_documents-set_signature_event_type-02:decoy-observation
qwen3-4b,semantic,same_condition_token_matched,semantic:stateful-contracts_documents-set_revision_approval-01:decoy-observation,semantic:stateful-contracts_documents-set_retention_classification-02:decoy-observation
qwen3-4b,semantic,same_condition_token_matched,semantic:stateful-contracts_documents-set_revision_approval-02:decoy-observation,semantic:stateful-contracts_documents-set_document_section_text-02:decoy-observation
qwen3-4b,semantic,same_condition_token_matched,semantic:stateful-contracts_documents-set_revision_approval-03:decoy-observation,semantic:stateful-contracts_documents-set_document_section_text-00:decoy-observation
qwen3-4b,semantic,same_condition_token_matched,semantic:stateful-contracts_documents-set_revision_approval-04:decoy-observation,semantic:stateful-contracts_documents-set_retention_classification-02:decoy-observation
qwen3-4b,semantic,same_condition_token_matched,semantic:stateful-contracts_documents-set_signature_event_type-00:decoy-observation,semantic:stateful-workforce_access-set_overtime_approval_threshold-04:decoy-observation
qwen3-4b,semantic,same_condition_token_matched,semantic:stateful-contracts_documents-set_signature_event_type-01:decoy-observation,semantic:stateful-contracts_documents-set_document_section_text-03:decoy-observation
qwen3-4b,semantic,same_condition_token_matched,semantic:stateful-contracts_documents-set_signature_event_type-02:decoy-observation,semantic:stateful-contracts_documents-set_document_section_text-00:decoy-observation
qwen3-4b,semantic,same_condition_token_matched,semantic:stateful-contracts_documents-set_signature_event_type-03:decoy-observation,semantic:stateful-workforce_access-set_overtime_approval_threshold-00:decoy-observation
qwen3-4b,semantic,same_condition_token_matched,semantic:stateful-contracts_documents-set_signature_event_type-04:decoy-observation,semantic:stateful-workforce_access-set_overtime_approval_threshold-04:decoy-observation
qwen3-4b,semantic,same_condition_token_matched,semantic:stateful-customer_support-set_case_contact_channel-00:decoy-observation,semantic:stateful-finance_ledger-set_budget_planned_amount-02:decoy-observation
qwen3-4b,semantic,same_condition_token_matched,semantic:stateful-customer_support-set_case_contact_channel-01:decoy-observation,semantic:stateful-finance_ledger-set_statement_closing_total-03:decoy-observation
qwen3-4b,semantic,same_condition_token_matched,semantic:stateful-customer_support-set_case_contact_channel-02:decoy-observation,semantic:stateful-customer_support-set_escalation_target-03:decoy-observation
qwen3-4b,semantic,same_condition_token_matched,semantic:stateful-customer_support-set_case_contact_channel-03:decoy-observation,semantic:stateful-finance_ledger-set_budget_planned_amount-01:decoy-observation
qwen3-4b,semantic,same_condition_token_matched,semantic:stateful-customer_support-set_case_contact_channel-04:decoy-observation,semantic:stateful-customer_support-set_refund_maximum_amount-04:decoy-observation
qwen3-4b,semantic,same_condition_token_matched,semantic:stateful-customer_support-set_case_priority-00:decoy-observation,semantic:stateful-customer_support-set_duplicate_similarity_score-00:decoy-observation
qwen3-4b,semantic,same_condition_token_matched,semantic:stateful-customer_support-set_case_priority-01:decoy-observation,semantic:stateful-customer_support-set_sla_duration_minutes-01:decoy-observation
qwen3-4b,semantic,same_condition_token_matched,semantic:stateful-customer_support-set_case_priority-02:decoy-observation,semantic:stateful-customer_support-set_case_routing_owner-01:decoy-observation
qwen3-4b,semantic,same_condition_token_matched,semantic:stateful-customer_support-set_case_priority-03:decoy-observation,semantic:stateful-customer_support-set_refund_maximum_amount-02:decoy-observation
qwen3-4b,semantic,same_condition_token_matched,semantic:stateful-customer_support-set_case_priority-04:decoy-observation,semantic:stateful-customer_support-set_duplicate_similarity_score-01:decoy-observation
qwen3-4b,semantic,same_condition_token_matched,semantic:stateful-customer_support-set_case_routing_owner-00:decoy-observation,semantic:stateful-compliance_audit-set_exception_extension_days-03:decoy-observation
qwen3-4b,semantic,same_condition_token_matched,semantic:stateful-customer_support-set_case_routing_owner-01:decoy-observation,semantic:stateful-customer_support-set_case_priority-02:decoy-observation
qwen3-4b,semantic,same_condition_token_matched,semantic:stateful-customer_support-set_case_routing_owner-02:decoy-observation,semantic:stateful-compliance_audit-set_exception_extension_days-01:decoy-observation
qwen3-4b,semantic,same_condition_token_matched,semantic:stateful-customer_support-set_case_routing_owner-03:decoy-observation,semantic:stateful-customer_support-set_case_priority-01:decoy-observation
qwen3-4b,semantic,same_condition_token_matched,semantic:stateful-customer_support-set_case_routing_owner-04:decoy-observation,semantic:stateful-compliance_audit-set_control_evidence_status-01:decoy-observation
qwen3-4b,semantic,same_condition_token_matched,semantic:stateful-customer_support-set_duplicate_similarity_score-00:decoy-observation,semantic:stateful-customer_support-set_case_priority-00:decoy-observation
qwen3-4b,semantic,same_condition_token_matched,semantic:stateful-customer_support-set_duplicate_similarity_score-01:decoy-observation,semantic:stateful-customer_support-set_case_priority-04:decoy-observation
qwen3-4b,semantic,same_condition_token_matched,semantic:stateful-customer_support-set_duplicate_similarity_score-02:decoy-observation,semantic:stateful-customer_support-set_case_priority-03:decoy-observation
qwen3-4b,semantic,same_condition_token_matched,semantic:stateful-customer_support-set_duplicate_similarity_score-03:decoy-observation,semantic:stateful-customer_support-set_escalation_target-00:decoy-observation
qwen3-4b,semantic,same_condition_token_matched,semantic:stateful-customer_support-set_duplicate_similarity_score-04:decoy-observation,semantic:stateful-customer_support-set_escalation_target-04:decoy-observation
qwen3-4b,semantic,same_condition_token_matched,semantic:stateful-customer_support-set_escalation_target-00:decoy-observation,semantic:stateful-customer_support-set_duplicate_similarity_score-03:decoy-observation
qwen3-4b,semantic,same_condition_token_matched,semantic:stateful-customer_support-set_escalation_target-01:decoy-observation,semantic:stateful-customer_support-set_refund_maximum_amount-00:decoy-observation
qwen3-4b,semantic,same_condition_token_matched,semantic:stateful-customer_support-set_escalation_target-02:decoy-observation,semantic:stateful-customer_support-set_refund_maximum_amount-00:decoy-observation
qwen3-4b,semantic,same_condition_token_matched,semantic:stateful-customer_support-set_escalation_target-03:decoy-observation,semantic:stateful-customer_support-set_next_case_action-04:decoy-observation
qwen3-4b,semantic,same_condition_token_matched,semantic:stateful-customer_support-set_escalation_target-04:decoy-observation,semantic:stateful-customer_support-set_duplicate_similarity_score-03:decoy-observation
qwen3-4b,semantic,same_condition_token_matched,semantic:stateful-customer_support-set_next_case_action-00:decoy-observation,semantic:stateful-finance_ledger-set_statement_closing_total-02:decoy-observation
qwen3-4b,semantic,same_condition_token_matched,semantic:stateful-customer_support-set_next_case_action-01:decoy-observation,semantic:stateful-finance_ledger-set_budget_planned_amount-01:decoy-observation
qwen3-4b,semantic,same_condition_token_matched,semantic:stateful-customer_support-set_next_case_action-02:decoy-observation,semantic:stateful-customer_support-set_refund_maximum_amount-04:decoy-observation
qwen3-4b,semantic,same_condition_token_matched,semantic:stateful-customer_support-set_next_case_action-03:decoy-observation,semantic:stateful-finance_ledger-set_budget_planned_amount-02:decoy-observation
qwen3-4b,semantic,same_condition_token_matched,semantic:stateful-customer_support-set_next_case_action-04:decoy-observation,semantic:stateful-customer_support-set_escalation_target-03:decoy-observation
qwen3-4b,semantic,same_condition_token_matched,semantic:stateful-customer_support-set_refund_maximum_amount-00:decoy-observation,semantic:stateful-customer_support-set_escalation_target-01:decoy-observation
qwen3-4b,semantic,same_condition_token_matched,semantic:stateful-customer_support-set_refund_maximum_amount-01:decoy-observation,semantic:stateful-customer_support-set_case_priority-04:decoy-observation
qwen3-4b,semantic,same_condition_token_matched,semantic:stateful-customer_support-set_refund_maximum_amount-02:decoy-observation,semantic:stateful-customer_support-set_case_priority-03:decoy-observation
qwen3-4b,semantic,same_condition_token_matched,semantic:stateful-customer_support-set_refund_maximum_amount-03:decoy-observation,semantic:stateful-customer_support-set_escalation_target-04:decoy-observation
qwen3-4b,semantic,same_condition_token_matched,semantic:stateful-customer_support-set_refund_maximum_amount-04:decoy-observation,semantic:stateful-customer_support-set_next_case_action-02:decoy-observation
qwen3-4b,semantic,same_condition_token_matched,semantic:stateful-customer_support-set_sla_duration_minutes-00:decoy-observation,semantic:stateful-compliance_audit-set_exception_extension_days-03:decoy-observation
qwen3-4b,semantic,same_condition_token_matched,semantic:stateful-customer_support-set_sla_duration_minutes-01:decoy-observation,semantic:stateful-customer_support-set_case_priority-01:decoy-observation
qwen3-4b,semantic,same_condition_token_matched,semantic:stateful-customer_support-set_sla_duration_minutes-02:decoy-observation,semantic:stateful-compliance_audit-set_control_evidence_status-02:decoy-observation
qwen3-4b,semantic,same_condition_token_matched,semantic:stateful-customer_support-set_sla_duration_minutes-03:decoy-observation,semantic:stateful-customer_support-set_case_priority-02:decoy-observation
qwen3-4b,semantic,same_condition_token_matched,semantic:stateful-customer_support-set_sla_duration_minutes-04:decoy-observation,semantic:stateful-compliance_audit-set_control_evidence_status-03:decoy-observation
qwen3-4b,semantic,same_condition_token_matched,semantic:stateful-finance_ledger-post_transaction_fee-00:decoy-observation,semantic:stateful-finance_ledger-set_ledger_entry_amount-03:decoy-observation
qwen3-4b,semantic,same_condition_token_matched,semantic:stateful-finance_ledger-post_transaction_fee-01:decoy-observation,semantic:stateful-finance_ledger-set_account_hold_amount-03:decoy-observation
qwen3-4b,semantic,same_condition_token_matched,semantic:stateful-finance_ledger-post_transaction_fee-02:decoy-observation,semantic:stateful-finance_ledger-set_ledger_entry_amount-04:decoy-observation
qwen3-4b,semantic,same_condition_token_matched,semantic:stateful-finance_ledger-post_transaction_fee-03:decoy-observation,semantic:stateful-finance_ledger-set_payment_status_code-01:decoy-observation
qwen3-4b,semantic,same_condition_token_matched,semantic:stateful-finance_ledger-post_transaction_fee-04:decoy-observation,semantic:stateful-finance_ledger-set_payment_status_code-01:decoy-observation
qwen3-4b,semantic,same_condition_token_matched,semantic:stateful-finance_ledger-record_tax_basis-00:decoy-observation,semantic:stateful-finance_ledger-set_ledger_entry_amount-02:decoy-observation
qwen3-4b,semantic,same_condition_token_matched,semantic:stateful-finance_ledger-record_tax_basis-01:decoy-observation,semantic:stateful-finance_ledger-set_fx_exchange_rate-01:decoy-observation
qwen3-4b,semantic,same_condition_token_matched,semantic:stateful-finance_ledger-record_tax_basis-02:decoy-observation,semantic:stateful-finance_ledger-set_payment_status_code-03:decoy-observation
qwen3-4b,semantic,same_condition_token_matched,semantic:stateful-finance_ledger-record_tax_basis-03:decoy-observation,semantic:stateful-finance_ledger-set_ledger_entry_amount-03:decoy-observation
qwen3-4b,semantic,same_condition_token_matched,semantic:stateful-finance_ledger-record_tax_basis-04:decoy-observation,semantic:stateful-finance_ledger-set_account_hold_amount-03:decoy-observation
qwen3-4b,semantic,same_condition_token_matched,semantic:stateful-finance_ledger-set_account_hold_amount-00:decoy-observation,semantic:stateful-finance_ledger-set_fx_exchange_rate-00:decoy-observation
qwen3-4b,semantic,same_condition_token_matched,semantic:stateful-finance_ledger-set_account_hold_amount-01:decoy-observation,semantic:stateful-finance_ledger-set_payment_status_code-04:decoy-observation
qwen3-4b,semantic,same_condition_token_matched,semantic:stateful-finance_ledger-set_account_hold_amount-02:decoy-observation,semantic:stateful-finance_ledger-set_fx_exchange_rate-00:decoy-observation
qwen3-4b,semantic,same_condition_token_matched,semantic:stateful-finance_ledger-set_account_hold_amount-03:decoy-observation,semantic:stateful-finance_ledger-set_fx_exchange_rate-03:decoy-observation
qwen3-4b,semantic,same_condition_token_matched,semantic:stateful-finance_ledger-set_account_hold_amount-04:decoy-observation,semantic:stateful-finance_ledger-set_fx_exchange_rate-01:decoy-observation
qwen3-4b,semantic,same_condition_token_matched,semantic:stateful-finance_ledger-set_audit_event_reference-00:decoy-observation,semantic:stateful-finance_ledger-set_fx_exchange_rate-02:decoy-observation
qwen3-4b,semantic,same_condition_token_matched,semantic:stateful-finance_ledger-set_audit_event_reference-01:decoy-observation,semantic:stateful-finance_ledger-set_budget_planned_amount-03:decoy-observation
qwen3-4b,semantic,same_condition_token_matched,semantic:stateful-finance_ledger-set_audit_event_reference-02:decoy-observation,semantic:stateful-customer_support-set_case_contact_channel-01:decoy-observation
qwen3-4b,semantic,same_condition_token_matched,semantic:stateful-finance_ledger-set_audit_event_reference-03:decoy-observation,semantic:stateful-finance_ledger-set_budget_planned_amount-00:decoy-observation
qwen3-4b,semantic,same_condition_token_matched,semantic:stateful-finance_ledger-set_audit_event_reference-04:decoy-observation,semantic:stateful-finance_ledger-set_budget_planned_amount-00:decoy-observation
qwen3-4b,semantic,same_condition_token_matched,semantic:stateful-finance_ledger-set_budget_planned_amount-00:decoy-observation,semantic:stateful-finance_ledger-set_journal_debit_amount-02:decoy-observation
qwen3-4b,semantic,same_condition_token_matched,semantic:stateful-finance_ledger-set_budget_planned_amount-01:decoy-observation,semantic:stateful-customer_support-set_next_case_action-01:decoy-observation
qwen3-4b,semantic,same_condition_token_matched,semantic:stateful-finance_ledger-set_budget_planned_amount-02:decoy-observation,semantic:stateful-customer_support-set_next_case_action-03:decoy-observation
qwen3-4b,semantic,same_condition_token_matched,semantic:stateful-finance_ledger-set_budget_planned_amount-03:decoy-observation,semantic:stateful-finance_ledger-set_audit_event_reference-02:decoy-observation
qwen3-4b,semantic,same_condition_token_matched,semantic:stateful-finance_ledger-set_budget_planned_amount-04:decoy-observation,semantic:stateful-customer_support-set_case_contact_channel-00:decoy-observation
qwen3-4b,semantic,same_condition_token_matched,semantic:stateful-finance_ledger-set_fx_exchange_rate-00:decoy-observation,semantic:stateful-finance_ledger-set_account_hold_amount-00:decoy-observation
qwen3-4b,semantic,same_condition_token_matched,semantic:stateful-finance_ledger-set_fx_exchange_rate-01:decoy-observation,semantic:stateful-finance_ledger-set_account_hold_amount-04:decoy-observation
qwen3-4b,semantic,same_condition_token_matched,semantic:stateful-finance_ledger-set_fx_exchange_rate-02:decoy-observation,semantic:stateful-finance_ledger-set_ledger_entry_amount-01:decoy-observation
qwen3-4b,semantic,same_condition_token_matched,semantic:stateful-finance_ledger-set_fx_exchange_rate-03:decoy-observation,semantic:stateful-finance_ledger-set_ledger_entry_amount-00:decoy-observation
qwen3-4b,semantic,same_condition_token_matched,semantic:stateful-finance_ledger-set_fx_exchange_rate-04:decoy-observation,semantic:stateful-finance_ledger-set_ledger_entry_amount-01:decoy-observation
qwen3-4b,semantic,same_condition_token_matched,semantic:stateful-finance_ledger-set_journal_debit_amount-00:decoy-observation,semantic:stateful-finance_ledger-set_fx_exchange_rate-02:decoy-observation
qwen3-4b,semantic,same_condition_token_matched,semantic:stateful-finance_ledger-set_journal_debit_amount-01:decoy-observation,semantic:stateful-finance_ledger-set_budget_planned_amount-03:decoy-observation
qwen3-4b,semantic,same_condition_token_matched,semantic:stateful-finance_ledger-set_journal_debit_amount-02:decoy-observation,semantic:stateful-finance_ledger-set_statement_closing_total-00:decoy-observation
qwen3-4b,semantic,same_condition_token_matched,semantic:stateful-finance_ledger-set_journal_debit_amount-03:decoy-observation,semantic:stateful-finance_ledger-set_statement_closing_total-00:decoy-observation
qwen3-4b,semantic,same_condition_token_matched,semantic:stateful-finance_ledger-set_journal_debit_amount-04:decoy-observation,semantic:stateful-finance_ledger-set_payment_status_code-02:decoy-observation
qwen3-4b,semantic,same_condition_token_matched,semantic:stateful-finance_ledger-set_ledger_entry_amount-00:decoy-observation,semantic:stateful-finance_ledger-set_payment_status_code-00:decoy-observation
qwen3-4b,semantic,same_condition_token_matched,semantic:stateful-finance_ledger-set_ledger_entry_amount-01:decoy-observation,semantic:stateful-finance_ledger-set_payment_status_code-04:decoy-observation
qwen3-4b,semantic,same_condition_token_matched,semantic:stateful-finance_ledger-set_ledger_entry_amount-02:decoy-observation,semantic:stateful-finance_ledger-set_fx_exchange_rate-03:decoy-observation
qwen3-4b,semantic,same_condition_token_matched,semantic:stateful-finance_ledger-set_ledger_entry_amount-03:decoy-observation,semantic:stateful-finance_ledger-set_payment_status_code-03:decoy-observation
qwen3-4b,semantic,same_condition_token_matched,semantic:stateful-finance_ledger-set_ledger_entry_amount-04:decoy-observation,semantic:stateful-finance_ledger-set_payment_status_code-00:decoy-observation
qwen3-4b,semantic,same_condition_token_matched,semantic:stateful-finance_ledger-set_payment_status_code-00:decoy-observation,semantic:stateful-finance_ledger-set_ledger_entry_amount-00:decoy-observation
qwen3-4b,semantic,same_condition_token_matched,semantic:stateful-finance_ledger-set_payment_status_code-01:decoy-observation,semantic:stateful-finance_ledger-set_ledger_entry_amount-02:decoy-observation
qwen3-4b,semantic,same_condition_token_matched,semantic:stateful-finance_ledger-set_payment_status_code-02:decoy-observation,semantic:stateful-finance_ledger-set_account_hold_amount-01:decoy-observation
qwen3-4b,semantic,same_condition_token_matched,semantic:stateful-finance_ledger-set_payment_status_code-03:decoy-observation,semantic:stateful-finance_ledger-set_ledger_entry_amount-04:decoy-observation
qwen3-4b,semantic,same_condition_token_matched,semantic:stateful-finance_ledger-set_payment_status_code-04:decoy-observation,semantic:stateful-finance_ledger-set_account_hold_amount-01:decoy-observation
qwen3-4b,semantic,same_condition_token_matched,semantic:stateful-finance_ledger-set_statement_closing_total-00:decoy-observation,semantic:stateful-finance_ledger-set_journal_debit_amount-02:decoy-observation
qwen3-4b,semantic,same_condition_token_matched,semantic:stateful-finance_ledger-set_statement_closing_total-01:decoy-observation,semantic:stateful-customer_support-set_next_case_action-03:decoy-observation
qwen3-4b,semantic,same_condition_token_matched,semantic:stateful-finance_ledger-set_statement_closing_total-02:decoy-observation,semantic:stateful-customer_support-set_next_case_action-00:decoy-observation
qwen3-4b,semantic,same_condition_token_matched,semantic:stateful-finance_ledger-set_statement_closing_total-03:decoy-observation,semantic:stateful-customer_support-set_case_contact_channel-01:decoy-observation
qwen3-4b,semantic,same_condition_token_matched,semantic:stateful-finance_ledger-set_statement_closing_total-04:decoy-observation,semantic:stateful-customer_support-set_next_case_action-00:decoy-observation
qwen3-4b,semantic,same_condition_token_matched,semantic:stateful-inventory_fulfillment-apply_cycle_count_adjustment-00:decoy-observation,semantic:stateful-inventory_fulfillment-set_expiry_warning_window-02:decoy-observation
qwen3-4b,semantic,same_condition_token_matched,semantic:stateful-inventory_fulfillment-apply_cycle_count_adjustment-01:decoy-observation,semantic:stateful-inventory_fulfillment-set_expiry_warning_window-01:decoy-observation
qwen3-4b,semantic,same_condition_token_matched,semantic:stateful-inventory_fulfillment-apply_cycle_count_adjustment-02:decoy-observation,semantic:stateful-inventory_fulfillment-set_expiry_warning_window-02:decoy-observation
qwen3-4b,semantic,same_condition_token_matched,semantic:stateful-inventory_fulfillment-apply_cycle_count_adjustment-03:decoy-observation,semantic:stateful-inventory_fulfillment-set_expiry_warning_window-00:decoy-observation
qwen3-4b,semantic,same_condition_token_matched,semantic:stateful-inventory_fulfillment-apply_cycle_count_adjustment-04:decoy-observation,semantic:stateful-inventory_fulfillment-set_source_transfer_cost-04:decoy-observation
qwen3-4b,semantic,same_condition_token_matched,semantic:stateful-inventory_fulfillment-apply_sales_reservation-00:decoy-observation,semantic:stateful-inventory_fulfillment-set_source_transfer_cost-02:decoy-observation
qwen3-4b,semantic,same_condition_token_matched,semantic:stateful-inventory_fulfillment-apply_sales_reservation-01:decoy-observation,semantic:stateful-inventory_fulfillment-set_source_transfer_cost-01:decoy-observation
qwen3-4b,semantic,same_condition_token_matched,semantic:stateful-inventory_fulfillment-apply_sales_reservation-02:decoy-observation,semantic:stateful-inventory_fulfillment-set_source_transfer_cost-02:decoy-observation
qwen3-4b,semantic,same_condition_token_matched,semantic:stateful-inventory_fulfillment-apply_sales_reservation-03:decoy-observation,semantic:stateful-inventory_fulfillment-set_expiry_warning_window-01:decoy-observation
qwen3-4b,semantic,same_condition_token_matched,semantic:stateful-inventory_fulfillment-apply_sales_reservation-04:decoy-observation,semantic:stateful-inventory_fulfillment-set_source_transfer_cost-01:decoy-observation
qwen3-4b,semantic,same_condition_token_matched,semantic:stateful-inventory_fulfillment-set_backorder_customer_tier-00:decoy-observation,semantic:stateful-inventory_fulfillment-set_reorder_target_cover-03:decoy-observation
qwen3-4b,semantic,same_condition_token_matched,semantic:stateful-inventory_fulfillment-set_backorder_customer_tier-01:decoy-observation,semantic:stateful-inventory_fulfillment-set_safety_stock_floor-01:decoy-observation
qwen3-4b,semantic,same_condition_token_matched,semantic:stateful-inventory_fulfillment-set_backorder_customer_tier-02:decoy-observation,semantic:stateful-inventory_fulfillment-set_reorder_target_cover-00:decoy-observation
qwen3-4b,semantic,same_condition_token_matched,semantic:stateful-inventory_fulfillment-set_backorder_customer_tier-03:decoy-observation,semantic:stateful-inventory_fulfillment-set_safety_stock_floor-01:decoy-observation
qwen3-4b,semantic,same_condition_token_matched,semantic:stateful-inventory_fulfillment-set_backorder_customer_tier-04:decoy-observation,semantic:stateful-inventory_fulfillment-set_reorder_target_cover-00:decoy-observation
qwen3-4b,semantic,same_condition_token_matched,semantic:stateful-inventory_fulfillment-set_bin_pick_sequence-00:decoy-observation,semantic:stateful-inventory_fulfillment-set_warehouse_capacity_volume-03:decoy-observation
qwen3-4b,semantic,same_condition_token_matched,semantic:stateful-inventory_fulfillment-set_bin_pick_sequence-01:decoy-observation,semantic:stateful-inventory_fulfillment-set_reorder_target_cover-01:decoy-observation
qwen3-4b,semantic,same_condition_token_matched,semantic:stateful-inventory_fulfillment-set_bin_pick_sequence-02:decoy-observation,semantic:stateful-inventory_fulfillment-set_fulfillment_on_hand_units-04:decoy-observation
qwen3-4b,semantic,same_condition_token_matched,semantic:stateful-inventory_fulfillment-set_bin_pick_sequence-03:decoy-observation,semantic:stateful-inventory_fulfillment-set_safety_stock_floor-00:decoy-observation
qwen3-4b,semantic,same_condition_token_matched,semantic:stateful-inventory_fulfillment-set_bin_pick_sequence-04:decoy-observation,semantic:stateful-inventory_fulfillment-set_fulfillment_on_hand_units-04:decoy-observation
qwen3-4b,semantic,same_condition_token_matched,semantic:stateful-inventory_fulfillment-set_expiry_warning_window-00:decoy-observation,semantic:stateful-inventory_fulfillment-apply_cycle_count_adjustment-01:decoy-observation
qwen3-4b,semantic,same_condition_token_matched,semantic:stateful-inventory_fulfillment-set_expiry_warning_window-01:decoy-observation,semantic:stateful-inventory_fulfillment-apply_cycle_count_adjustment-01:decoy-observation
qwen3-4b,semantic,same_condition_token_matched,semantic:stateful-inventory_fulfillment-set_expiry_warning_window-02:decoy-observation,semantic:stateful-inventory_fulfillment-apply_cycle_count_adjustment-04:decoy-observation
qwen3-4b,semantic,same_condition_token_matched,semantic:stateful-inventory_fulfillment-set_expiry_warning_window-03:decoy-observation,semantic:stateful-inventory_fulfillment-apply_cycle_count_adjustment-03:decoy-observation
qwen3-4b,semantic,same_condition_token_matched,semantic:stateful-inventory_fulfillment-set_expiry_warning_window-04:decoy-observation,semantic:stateful-inventory_fulfillment-apply_cycle_count_adjustment-00:decoy-observation
qwen3-4b,semantic,same_condition_token_matched,semantic:stateful-inventory_fulfillment-set_fulfillment_on_hand_units-00:decoy-observation,semantic:stateful-inventory_fulfillment-set_bin_pick_sequence-00:decoy-observation
qwen3-4b,semantic,same_condition_token_matched,semantic:stateful-inventory_fulfillment-set_fulfillment_on_hand_units-01:decoy-observation,semantic:stateful-inventory_fulfillment-set_bin_pick_sequence-02:decoy-observation
qwen3-4b,semantic,same_condition_token_matched,semantic:stateful-inventory_fulfillment-set_fulfillment_on_hand_units-02:decoy-observation,semantic:stateful-inventory_fulfillment-set_reorder_target_cover-02:decoy-observation
qwen3-4b,semantic,same_condition_token_matched,semantic:stateful-inventory_fulfillment-set_fulfillment_on_hand_units-03:decoy-observation,semantic:stateful-inventory_fulfillment-set_bin_pick_sequence-04:decoy-observation
qwen3-4b,semantic,same_condition_token_matched,semantic:stateful-inventory_fulfillment-set_fulfillment_on_hand_units-04:decoy-observation,semantic:stateful-inventory_fulfillment-set_bin_pick_sequence-04:decoy-observation
qwen3-4b,semantic,same_condition_token_matched,semantic:stateful-inventory_fulfillment-set_reorder_target_cover-00:decoy-observation,semantic:stateful-inventory_fulfillment-set_backorder_customer_tier-04:decoy-observation
qwen3-4b,semantic,same_condition_token_matched,semantic:stateful-inventory_fulfillment-set_reorder_target_cover-01:decoy-observation,semantic:stateful-inventory_fulfillment-set_bin_pick_sequence-01:decoy-observation
qwen3-4b,semantic,same_condition_token_matched,semantic:stateful-inventory_fulfillment-set_reorder_target_cover-02:decoy-observation,semantic:stateful-inventory_fulfillment-set_warehouse_capacity_volume-04:decoy-observation
qwen3-4b,semantic,same_condition_token_matched,semantic:stateful-inventory_fulfillment-set_reorder_target_cover-03:decoy-observation,semantic:stateful-inventory_fulfillment-set_backorder_customer_tier-00:decoy-observation
qwen3-4b,semantic,same_condition_token_matched,semantic:stateful-inventory_fulfillment-set_reorder_target_cover-04:decoy-observation,semantic:stateful-inventory_fulfillment-set_backorder_customer_tier-00:decoy-observation
qwen3-4b,semantic,same_condition_token_matched,semantic:stateful-inventory_fulfillment-set_safety_stock_floor-00:decoy-observation,semantic:stateful-inventory_fulfillment-set_bin_pick_sequence-03:decoy-observation
qwen3-4b,semantic,same_condition_token_matched,semantic:stateful-inventory_fulfillment-set_safety_stock_floor-01:decoy-observation,semantic:stateful-inventory_fulfillment-set_bin_pick_sequence-01:decoy-observation
qwen3-4b,semantic,same_condition_token_matched,semantic:stateful-inventory_fulfillment-set_safety_stock_floor-02:decoy-observation,semantic:stateful-inventory_fulfillment-set_warehouse_capacity_volume-04:decoy-observation
qwen3-4b,semantic,same_condition_token_matched,semantic:stateful-inventory_fulfillment-set_safety_stock_floor-03:decoy-observation,semantic:stateful-inventory_fulfillment-set_backorder_customer_tier-04:decoy-observation
qwen3-4b,semantic,same_condition_token_matched,semantic:stateful-inventory_fulfillment-set_safety_stock_floor-04:decoy-observation,semantic:stateful-inventory_fulfillment-set_bin_pick_sequence-03:decoy-observation
qwen3-4b,semantic,same_condition_token_matched,semantic:stateful-inventory_fulfillment-set_source_transfer_cost-00:decoy-observation,semantic:stateful-inventory_fulfillment-apply_sales_reservation-03:decoy-observation
qwen3-4b,semantic,same_condition_token_matched,semantic:stateful-inventory_fulfillment-set_source_transfer_cost-01:decoy-observation,semantic:stateful-inventory_fulfillment-apply_sales_reservation-03:decoy-observation
qwen3-4b,semantic,same_condition_token_matched,semantic:stateful-inventory_fulfillment-set_source_transfer_cost-02:decoy-observation,semantic:stateful-inventory_fulfillment-apply_sales_reservation-04:decoy-observation
qwen3-4b,semantic,same_condition_token_matched,semantic:stateful-inventory_fulfillment-set_source_transfer_cost-03:decoy-observation,semantic:stateful-inventory_fulfillment-apply_cycle_count_adjustment-03:decoy-observation
qwen3-4b,semantic,same_condition_token_matched,semantic:stateful-inventory_fulfillment-set_source_transfer_cost-04:decoy-observation,semantic:stateful-inventory_fulfillment-apply_cycle_count_adjustment-04:decoy-observation
qwen3-4b,semantic,same_condition_token_matched,semantic:stateful-inventory_fulfillment-set_warehouse_capacity_volume-00:decoy-observation,semantic:stateful-inventory_fulfillment-set_safety_stock_floor-02:decoy-observation
qwen3-4b,semantic,same_condition_token_matched,semantic:stateful-inventory_fulfillment-set_warehouse_capacity_volume-01:decoy-observation,semantic:stateful-inventory_fulfillment-set_reorder_target_cover-02:decoy-observation
qwen3-4b,semantic,same_condition_token_matched,semantic:stateful-inventory_fulfillment-set_warehouse_capacity_volume-02:decoy-observation,semantic:stateful-inventory_fulfillment-set_safety_stock_floor-02:decoy-observation
qwen3-4b,semantic,same_condition_token_matched,semantic:stateful-inventory_fulfillment-set_warehouse_capacity_volume-03:decoy-observation,semantic:stateful-inventory_fulfillment-set_bin_pick_sequence-02:decoy-observation
qwen3-4b,semantic,same_condition_token_matched,semantic:stateful-inventory_fulfillment-set_warehouse_capacity_volume-04:decoy-observation,semantic:stateful-inventory_fulfillment-set_bin_pick_sequence-00:decoy-observation
qwen3-4b,semantic,same_condition_token_matched,semantic:stateful-pricing_billing-activate_list_price-00:decoy-observation,semantic:stateful-pricing_billing-set_shipping_minimum_charge-02:decoy-observation
qwen3-4b,semantic,same_condition_token_matched,semantic:stateful-pricing_billing-activate_list_price-01:decoy-observation,semantic:stateful-pricing_billing-set_tax_rate-01:decoy-observation
qwen3-4b,semantic,same_condition_token_matched,semantic:stateful-pricing_billing-activate_list_price-02:decoy-observation,semantic:stateful-pricing_billing-set_shipping_minimum_charge-02:decoy-observation
qwen3-4b,semantic,same_condition_token_matched,semantic:stateful-pricing_billing-activate_list_price-03:decoy-observation,semantic:stateful-pricing_billing-set_tax_rate-03:decoy-observation
qwen3-4b,semantic,same_condition_token_matched,semantic:stateful-pricing_billing-activate_list_price-04:decoy-observation,semantic:stateful-pricing_billing-set_tax_rate-00:decoy-observation
qwen3-4b,semantic,same_condition_token_matched,semantic:stateful-pricing_billing-activate_margin_floor-00:decoy-observation,semantic:stateful-pricing_billing-set_shipping_minimum_charge-01:decoy-observation
qwen3-4b,semantic,same_condition_token_matched,semantic:stateful-pricing_billing-activate_margin_floor-01:decoy-observation,semantic:stateful-pricing_billing-set_tax_rate-00:decoy-observation
qwen3-4b,semantic,same_condition_token_matched,semantic:stateful-pricing_billing-activate_margin_floor-02:decoy-observation,semantic:stateful-pricing_billing-set_shipping_minimum_charge-00:decoy-observation
qwen3-4b,semantic,same_condition_token_matched,semantic:stateful-pricing_billing-activate_margin_floor-03:decoy-observation,semantic:stateful-pricing_billing-set_shipping_minimum_charge-01:decoy-observation
qwen3-4b,semantic,same_condition_token_matched,semantic:stateful-pricing_billing-activate_margin_floor-04:decoy-observation,semantic:stateful-pricing_billing-set_shipping_minimum_charge-00:decoy-observation
qwen3-4b,semantic,same_condition_token_matched,semantic:stateful-pricing_billing-set_contract_adjustment_value-00:decoy-observation,semantic:stateful-pricing_billing-set_credit_adjustment_value-00:decoy-observation
qwen3-4b,semantic,same_condition_token_matched,semantic:stateful-pricing_billing-set_contract_adjustment_value-01:decoy-observation,semantic:stateful-pricing_billing-set_credit_adjustment_value-04:decoy-observation
qwen3-4b,semantic,same_condition_token_matched,semantic:stateful-pricing_billing-set_contract_adjustment_value-02:decoy-observation,semantic:stateful-pricing_billing-set_currency_exchange_rate-03:decoy-observation
qwen3-4b,semantic,same_condition_token_matched,semantic:stateful-pricing_billing-set_contract_adjustment_value-03:decoy-observation,semantic:stateful-pricing_billing-set_credit_adjustment_value-03:decoy-observation
qwen3-4b,semantic,same_condition_token_matched,semantic:stateful-pricing_billing-set_contract_adjustment_value-04:decoy-observation,semantic:stateful-pricing_billing-set_credit_adjustment_value-00:decoy-observation
qwen3-4b,semantic,same_condition_token_matched,semantic:stateful-pricing_billing-set_credit_adjustment_value-00:decoy-observation,semantic:stateful-pricing_billing-set_contract_adjustment_value-02:decoy-observation
qwen3-4b,semantic,same_condition_token_matched,semantic:stateful-pricing_billing-set_credit_adjustment_value-01:decoy-observation,semantic:stateful-pricing_billing-set_promotion_discount_value-01:decoy-observation
qwen3-4b,semantic,same_condition_token_matched,semantic:stateful-pricing_billing-set_credit_adjustment_value-02:decoy-observation,semantic:stateful-pricing_billing-set_contract_adjustment_value-04:decoy-observation
qwen3-4b,semantic,same_condition_token_matched,semantic:stateful-pricing_billing-set_credit_adjustment_value-03:decoy-observation,semantic:stateful-pricing_billing-set_contract_adjustment_value-01:decoy-observation
qwen3-4b,semantic,same_condition_token_matched,semantic:stateful-pricing_billing-set_credit_adjustment_value-04:decoy-observation,semantic:stateful-pricing_billing-set_contract_adjustment_value-01:decoy-observation
qwen3-4b,semantic,same_condition_token_matched,semantic:stateful-pricing_billing-set_currency_exchange_rate-00:decoy-observation,semantic:stateful-pricing_billing-set_contract_adjustment_value-00:decoy-observation
qwen3-4b,semantic,same_condition_token_matched,semantic:stateful-pricing_billing-set_currency_exchange_rate-01:decoy-observation,semantic:stateful-pricing_billing-set_promotion_discount_value-02:decoy-observation
qwen3-4b,semantic,same_condition_token_matched,semantic:stateful-pricing_billing-set_currency_exchange_rate-02:decoy-observation,semantic:stateful-pricing_billing-set_promotion_discount_value-04:decoy-observation
qwen3-4b,semantic,same_condition_token_matched,semantic:stateful-pricing_billing-set_currency_exchange_rate-03:decoy-observation,semantic:stateful-pricing_billing-set_contract_adjustment_value-02:decoy-observation
qwen3-4b,semantic,same_condition_token_matched,semantic:stateful-pricing_billing-set_currency_exchange_rate-04:decoy-observation,semantic:stateful-pricing_billing-set_promotion_discount_value-04:decoy-observation
qwen3-4b,semantic,same_condition_token_matched,semantic:stateful-pricing_billing-set_order_discount_value-00:decoy-observation,semantic:stateful-pricing_billing-set_currency_exchange_rate-00:decoy-observation
qwen3-4b,semantic,same_condition_token_matched,semantic:stateful-pricing_billing-set_order_discount_value-01:decoy-observation,semantic:stateful-pricing_billing-set_promotion_discount_value-02:decoy-observation
qwen3-4b,semantic,same_condition_token_matched,semantic:stateful-pricing_billing-set_order_discount_value-02:decoy-observation,semantic:stateful-workforce_access-set_access_minimum_clearance-03:decoy-observation
qwen3-4b,semantic,same_condition_token_matched,semantic:stateful-pricing_billing-set_order_discount_value-03:decoy-observation,semantic:stateful-workforce_access-set_access_minimum_clearance-03:decoy-observation
qwen3-4b,semantic,same_condition_token_matched,semantic:stateful-pricing_billing-set_order_discount_value-04:decoy-observation,semantic:stateful-pricing_billing-set_promotion_discount_value-00:decoy-observation
qwen3-4b,semantic,same_condition_token_matched,semantic:stateful-pricing_billing-set_promotion_discount_value-00:decoy-observation,semantic:stateful-pricing_billing-set_currency_exchange_rate-01:decoy-observation
qwen3-4b,semantic,same_condition_token_matched,semantic:stateful-pricing_billing-set_promotion_discount_value-01:decoy-observation,semantic:stateful-pricing_billing-set_credit_adjustment_value-02:decoy-observation
qwen3-4b,semantic,same_condition_token_matched,semantic:stateful-pricing_billing-set_promotion_discount_value-02:decoy-observation,semantic:stateful-pricing_billing-set_currency_exchange_rate-01:decoy-observation
qwen3-4b,semantic,same_condition_token_matched,semantic:stateful-pricing_billing-set_promotion_discount_value-03:decoy-observation,semantic:stateful-pricing_billing-set_credit_adjustment_value-02:decoy-observation
qwen3-4b,semantic,same_condition_token_matched,semantic:stateful-pricing_billing-set_promotion_discount_value-04:decoy-observation,semantic:stateful-pricing_billing-set_currency_exchange_rate-04:decoy-observation
qwen3-4b,semantic,same_condition_token_matched,semantic:stateful-pricing_billing-set_service_fee_value-00:decoy-observation,semantic:stateful-pricing_billing-set_promotion_discount_value-00:decoy-observation
qwen3-4b,semantic,same_condition_token_matched,semantic:stateful-pricing_billing-set_service_fee_value-01:decoy-observation,semantic:stateful-pricing_billing-set_currency_exchange_rate-02:decoy-observation
qwen3-4b,semantic,same_condition_token_matched,semantic:stateful-pricing_billing-set_service_fee_value-02:decoy-observation,semantic:stateful-pricing_billing-set_currency_exchange_rate-00:decoy-observation
qwen3-4b,semantic,same_condition_token_matched,semantic:stateful-pricing_billing-set_service_fee_value-03:decoy-observation,semantic:stateful-pricing_billing-set_currency_exchange_rate-02:decoy-observation
qwen3-4b,semantic,same_condition_token_matched,semantic:stateful-pricing_billing-set_service_fee_value-04:decoy-observation,semantic:stateful-pricing_billing-set_contract_adjustment_value-00:decoy-observation
qwen3-4b,semantic,same_condition_token_matched,semantic:stateful-pricing_billing-set_shipping_minimum_charge-00:decoy-observation,semantic:stateful-pricing_billing-activate_margin_floor-02:decoy-observation
qwen3-4b,semantic,same_condition_token_matched,semantic:stateful-pricing_billing-set_shipping_minimum_charge-01:decoy-observation,semantic:stateful-pricing_billing-activate_list_price-00:decoy-observation
qwen3-4b,semantic,same_condition_token_matched,semantic:stateful-pricing_billing-set_shipping_minimum_charge-02:decoy-observation,semantic:stateful-pricing_billing-activate_list_price-02:decoy-observation
qwen3-4b,semantic,same_condition_token_matched,semantic:stateful-pricing_billing-set_shipping_minimum_charge-03:decoy-observation,semantic:stateful-pricing_billing-activate_margin_floor-04:decoy-observation
qwen3-4b,semantic,same_condition_token_matched,semantic:stateful-pricing_billing-set_shipping_minimum_charge-04:decoy-observation,semantic:stateful-pricing_billing-activate_margin_floor-00:decoy-observation
qwen3-4b,semantic,same_condition_token_matched,semantic:stateful-pricing_billing-set_tax_rate-00:decoy-observation,semantic:stateful-pricing_billing-activate_list_price-04:decoy-observation
qwen3-4b,semantic,same_condition_token_matched,semantic:stateful-pricing_billing-set_tax_rate-01:decoy-observation,semantic:stateful-pricing_billing-activate_list_price-01:decoy-observation
qwen3-4b,semantic,same_condition_token_matched,semantic:stateful-pricing_billing-set_tax_rate-02:decoy-observation,semantic:stateful-pricing_billing-activate_list_price-01:decoy-observation
qwen3-4b,semantic,same_condition_token_matched,semantic:stateful-pricing_billing-set_tax_rate-03:decoy-observation,semantic:stateful-pricing_billing-activate_list_price-03:decoy-observation
qwen3-4b,semantic,same_condition_token_matched,semantic:stateful-pricing_billing-set_tax_rate-04:decoy-observation,semantic:stateful-pricing_billing-activate_margin_floor-03:decoy-observation
qwen3-4b,semantic,same_condition_token_matched,semantic:stateful-procurement_suppliers-assign_quote_supplier-00:decoy-observation,semantic:stateful-procurement_suppliers-set_purchase_approval_threshold-03:decoy-observation
qwen3-4b,semantic,same_condition_token_matched,semantic:stateful-procurement_suppliers-assign_quote_supplier-01:decoy-observation,semantic:stateful-procurement_suppliers-set_supplier_transit_days-02:decoy-observation
qwen3-4b,semantic,same_condition_token_matched,semantic:stateful-procurement_suppliers-assign_quote_supplier-02:decoy-observation,semantic:stateful-procurement_suppliers-set_purchase_approval_threshold-02:decoy-observation
qwen3-4b,semantic,same_condition_token_matched,semantic:stateful-procurement_suppliers-assign_quote_supplier-03:decoy-observation,semantic:stateful-procurement_suppliers-set_purchase_approval_threshold-00:decoy-observation
qwen3-4b,semantic,same_condition_token_matched,semantic:stateful-procurement_suppliers-assign_quote_supplier-04:decoy-observation,semantic:stateful-procurement_suppliers-set_purchase_approval_threshold-04:decoy-observation
qwen3-4b,semantic,same_condition_token_matched,semantic:stateful-procurement_suppliers-set_contract_allowed_price-00:decoy-observation,semantic:stateful-procurement_suppliers-set_expedited_delivery_days-03:decoy-observation
qwen3-4b,semantic,same_condition_token_matched,semantic:stateful-procurement_suppliers-set_contract_allowed_price-01:decoy-observation,semantic:stateful-procurement_suppliers-set_expedited_delivery_days-02:decoy-observation
qwen3-4b,semantic,same_condition_token_matched,semantic:stateful-procurement_suppliers-set_contract_allowed_price-02:decoy-observation,semantic:stateful-procurement_suppliers-set_supplier_performance_value-04:decoy-observation
qwen3-4b,semantic,same_condition_token_matched,semantic:stateful-procurement_suppliers-set_contract_allowed_price-03:decoy-observation,semantic:stateful-procurement_suppliers-set_expedited_delivery_days-04:decoy-observation
qwen3-4b,semantic,same_condition_token_matched,semantic:stateful-procurement_suppliers-set_contract_allowed_price-04:decoy-observation,semantic:stateful-procurement_suppliers-set_expedited_delivery_days-00:decoy-observation
qwen3-4b,semantic,same_condition_token_matched,semantic:stateful-procurement_suppliers-set_expedited_delivery_days-00:decoy-observation,semantic:stateful-procurement_suppliers-set_contract_allowed_price-04:decoy-observation
qwen3-4b,semantic,same_condition_token_matched,semantic:stateful-procurement_suppliers-set_expedited_delivery_days-01:decoy-observation,semantic:stateful-procurement_suppliers-set_goods_receipt_quantity-02:decoy-observation
qwen3-4b,semantic,same_condition_token_matched,semantic:stateful-procurement_suppliers-set_expedited_delivery_days-02:decoy-observation,semantic:stateful-procurement_suppliers-set_goods_receipt_quantity-02:decoy-observation
qwen3-4b,semantic,same_condition_token_matched,semantic:stateful-procurement_suppliers-set_expedited_delivery_days-03:decoy-observation,semantic:stateful-procurement_suppliers-set_goods_receipt_quantity-04:decoy-observation
qwen3-4b,semantic,same_condition_token_matched,semantic:stateful-procurement_suppliers-set_expedited_delivery_days-04:decoy-observation,semantic:stateful-procurement_suppliers-set_goods_receipt_quantity-04:decoy-observation
qwen3-4b,semantic,same_condition_token_matched,semantic:stateful-procurement_suppliers-set_goods_receipt_quantity-00:decoy-observation,semantic:stateful-procurement_suppliers-set_expedited_delivery_days-04:decoy-observation
qwen3-4b,semantic,same_condition_token_matched,semantic:stateful-procurement_suppliers-set_goods_receipt_quantity-01:decoy-observation,semantic:stateful-procurement_suppliers-set_expedited_delivery_days-01:decoy-observation
qwen3-4b,semantic,same_condition_token_matched,semantic:stateful-procurement_suppliers-set_goods_receipt_quantity-02:decoy-observation,semantic:stateful-procurement_suppliers-set_expedited_delivery_days-02:decoy-observation
qwen3-4b,semantic,same_condition_token_matched,semantic:stateful-procurement_suppliers-set_goods_receipt_quantity-03:decoy-observation,semantic:stateful-procurement_suppliers-set_expedited_delivery_days-03:decoy-observation
qwen3-4b,semantic,same_condition_token_matched,semantic:stateful-procurement_suppliers-set_goods_receipt_quantity-04:decoy-observation,semantic:stateful-procurement_suppliers-set_expedited_delivery_days-00:decoy-observation
qwen3-4b,semantic,same_condition_token_matched,semantic:stateful-procurement_suppliers-set_purchase_approval_threshold-00:decoy-observation,semantic:stateful-procurement_suppliers-assign_quote_supplier-03:decoy-observation
qwen3-4b,semantic,same_condition_token_matched,semantic:stateful-procurement_suppliers-set_purchase_approval_threshold-01:decoy-observation,semantic:stateful-procurement_suppliers-assign_quote_supplier-03:decoy-observation
qwen3-4b,semantic,same_condition_token_matched,semantic:stateful-procurement_suppliers-set_purchase_approval_threshold-02:decoy-observation,semantic:stateful-procurement_suppliers-assign_quote_supplier-02:decoy-observation
qwen3-4b,semantic,same_condition_token_matched,semantic:stateful-procurement_suppliers-set_purchase_approval_threshold-03:decoy-observation,semantic:stateful-procurement_suppliers-set_supplier_certification_level-01:decoy-observation
qwen3-4b,semantic,same_condition_token_matched,semantic:stateful-procurement_suppliers-set_purchase_approval_threshold-04:decoy-observation,semantic:stateful-procurement_suppliers-assign_quote_supplier-04:decoy-observation
qwen3-4b,semantic,same_condition_token_matched,semantic:stateful-procurement_suppliers-set_supplier_certification_level-00:decoy-observation,semantic:stateful-procurement_suppliers-set_supplier_transit_days-03:decoy-observation
qwen3-4b,semantic,same_condition_token_matched,semantic:stateful-procurement_suppliers-set_supplier_certification_level-01:decoy-observation,semantic:stateful-procurement_suppliers-set_purchase_approval_threshold-03:decoy-observation
qwen3-4b,semantic,same_condition_token_matched,semantic:stateful-procurement_suppliers-set_supplier_certification_level-02:decoy-observation,semantic:stateful-procurement_suppliers-set_supplier_transit_days-02:decoy-observation
qwen3-4b,semantic,same_condition_token_matched,semantic:stateful-procurement_suppliers-set_supplier_certification_level-03:decoy-observation,semantic:stateful-procurement_suppliers-set_supplier_transit_days-00:decoy-observation
qwen3-4b,semantic,same_condition_token_matched,semantic:stateful-procurement_suppliers-set_supplier_certification_level-04:decoy-observation,semantic:stateful-procurement_suppliers-set_supplier_transit_days-03:decoy-observation
qwen3-4b,semantic,same_condition_token_matched,semantic:stateful-procurement_suppliers-set_supplier_performance_value-00:decoy-observation,semantic:stateful-procurement_suppliers-set_contract_allowed_price-01:decoy-observation
qwen3-4b,semantic,same_condition_token_matched,semantic:stateful-procurement_suppliers-set_supplier_performance_value-01:decoy-observation,semantic:stateful-procurement_suppliers-set_supplier_transit_days-01:decoy-observation
qwen3-4b,semantic,same_condition_token_matched,semantic:stateful-procurement_suppliers-set_supplier_performance_value-02:decoy-observation,semantic:stateful-procurement_suppliers-set_contract_allowed_price-02:decoy-observation
qwen3-4b,semantic,same_condition_token_matched,semantic:stateful-procurement_suppliers-set_supplier_performance_value-03:decoy-observation,semantic:stateful-procurement_suppliers-set_contract_allowed_price-01:decoy-observation
qwen3-4b,semantic,same_condition_token_matched,semantic:stateful-procurement_suppliers-set_supplier_performance_value-04:decoy-observation,semantic:stateful-procurement_suppliers-set_contract_allowed_price-02:decoy-observation
qwen3-4b,semantic,same_condition_token_matched,semantic:stateful-procurement_suppliers-set_supplier_transit_days-00:decoy-observation,semantic:stateful-procurement_suppliers-set_supplier_certification_level-03:decoy-observation
qwen3-4b,semantic,same_condition_token_matched,semantic:stateful-procurement_suppliers-set_supplier_transit_days-01:decoy-observation,semantic:stateful-procurement_suppliers-set_supplier_certification_level-03:decoy-observation
qwen3-4b,semantic,same_condition_token_matched,semantic:stateful-procurement_suppliers-set_supplier_transit_days-02:decoy-observation,semantic:stateful-procurement_suppliers-assign_quote_supplier-01:decoy-observation
qwen3-4b,semantic,same_condition_token_matched,semantic:stateful-procurement_suppliers-set_supplier_transit_days-03:decoy-observation,semantic:stateful-procurement_suppliers-set_supplier_certification_level-04:decoy-observation
qwen3-4b,semantic,same_condition_token_matched,semantic:stateful-procurement_suppliers-set_supplier_transit_days-04:decoy-observation,semantic:stateful-procurement_suppliers-set_supplier_certification_level-04:decoy-observation
qwen3-4b,semantic,same_condition_token_matched,semantic:stateful-workforce_access-set_access_minimum_clearance-00:decoy-observation,semantic:stateful-workforce_access-set_badge_validity_days-00:decoy-observation
qwen3-4b,semantic,same_condition_token_matched,semantic:stateful-workforce_access-set_access_minimum_clearance-01:decoy-observation,semantic:stateful-workforce_access-set_badge_validity_days-04:decoy-observation
qwen3-4b,semantic,same_condition_token_matched,semantic:stateful-workforce_access-set_access_minimum_clearance-02:decoy-observation,semantic:stateful-workforce_access-set_oncall_capacity-01:decoy-observation
qwen3-4b,semantic,same_condition_token_matched,semantic:stateful-workforce_access-set_access_minimum_clearance-03:decoy-observation,semantic:stateful-workforce_access-set_badge_validity_days-03:decoy-observation
qwen3-4b,semantic,same_condition_token_matched,semantic:stateful-workforce_access-set_access_minimum_clearance-04:decoy-observation,semantic:stateful-workforce_access-set_badge_validity_days-03:decoy-observation
qwen3-4b,semantic,same_condition_token_matched,semantic:stateful-workforce_access-set_badge_validity_days-00:decoy-observation,semantic:stateful-workforce_access-set_access_minimum_clearance-00:decoy-observation
qwen3-4b,semantic,same_condition_token_matched,semantic:stateful-workforce_access-set_badge_validity_days-01:decoy-observation,semantic:stateful-workforce_access-set_role_assignment_priority-04:decoy-observation
qwen3-4b,semantic,same_condition_token_matched,semantic:stateful-workforce_access-set_badge_validity_days-02:decoy-observation,semantic:stateful-workforce_access-set_role_assignment_priority-04:decoy-observation
qwen3-4b,semantic,same_condition_token_matched,semantic:stateful-workforce_access-set_badge_validity_days-03:decoy-observation,semantic:stateful-workforce_access-set_access_minimum_clearance-04:decoy-observation
qwen3-4b,semantic,same_condition_token_matched,semantic:stateful-workforce_access-set_badge_validity_days-04:decoy-observation,semantic:stateful-workforce_access-set_access_minimum_clearance-01:decoy-observation
qwen3-4b,semantic,same_condition_token_matched,semantic:stateful-workforce_access-set_delegation_allowed_actions-00:decoy-observation,semantic:stateful-contracts_documents-set_citation_target-00:decoy-observation
qwen3-4b,semantic,same_condition_token_matched,semantic:stateful-workforce_access-set_delegation_allowed_actions-01:decoy-observation,semantic:stateful-contracts_documents-set_retention_classification-03:decoy-observation
qwen3-4b,semantic,same_condition_token_matched,semantic:stateful-workforce_access-set_delegation_allowed_actions-02:decoy-observation,semantic:stateful-contracts_documents-set_signature_event_type-01:decoy-observation
qwen3-4b,semantic,same_condition_token_matched,semantic:stateful-workforce_access-set_delegation_allowed_actions-03:decoy-observation,semantic:stateful-contracts_documents-set_retention_classification-03:decoy-observation
qwen3-4b,semantic,same_condition_token_matched,semantic:stateful-workforce_access-set_delegation_allowed_actions-04:decoy-observation,semantic:stateful-contracts_documents-set_retention_classification-01:decoy-observation
qwen3-4b,semantic,same_condition_token_matched,semantic:stateful-workforce_access-set_leave_ledger_units-00:decoy-observation,semantic:stateful-workforce_access-set_overtime_approval_threshold-01:decoy-observation
qwen3-4b,semantic,same_condition_token_matched,semantic:stateful-workforce_access-set_leave_ledger_units-01:decoy-observation,semantic:stateful-workforce_access-set_oncall_capacity-04:decoy-observation
qwen3-4b,semantic,same_condition_token_matched,semantic:stateful-workforce_access-set_leave_ledger_units-02:decoy-observation,semantic:stateful-workforce_access-set_role_assignment_priority-02:decoy-observation
qwen3-4b,semantic,same_condition_token_matched,semantic:stateful-workforce_access-set_leave_ledger_units-03:decoy-observation,semantic:stateful-workforce_access-set_access_minimum_clearance-02:decoy-observation
qwen3-4b,semantic,same_condition_token_matched,semantic:stateful-workforce_access-set_leave_ledger_units-04:decoy-observation,semantic:stateful-workforce_access-set_role_assignment_priority-01:decoy-observation
qwen3-4b,semantic,same_condition_token_matched,semantic:stateful-workforce_access-set_oncall_capacity-00:decoy-observation,semantic:stateful-workforce_access-set_access_minimum_clearance-02:decoy-observation
qwen3-4b,semantic,same_condition_token_matched,semantic:stateful-workforce_access-set_oncall_capacity-01:decoy-observation,semantic:stateful-workforce_access-set_role_assignment_priority-01:decoy-observation
qwen3-4b,semantic,same_condition_token_matched,semantic:stateful-workforce_access-set_oncall_capacity-02:decoy-observation,semantic:stateful-workforce_access-set_shift_minimum_rest_hours-02:decoy-observation
qwen3-4b,semantic,same_condition_token_matched,semantic:stateful-workforce_access-set_oncall_capacity-03:decoy-observation,semantic:stateful-workforce_access-set_shift_minimum_rest_hours-03:decoy-observation
qwen3-4b,semantic,same_condition_token_matched,semantic:stateful-workforce_access-set_oncall_capacity-04:decoy-observation,semantic:stateful-workforce_access-set_shift_minimum_rest_hours-01:decoy-observation
qwen3-4b,semantic,same_condition_token_matched,semantic:stateful-workforce_access-set_overtime_approval_threshold-00:decoy-observation,semantic:stateful-contracts_documents-set_citation_target-04:decoy-observation
qwen3-4b,semantic,same_condition_token_matched,semantic:stateful-workforce_access-set_overtime_approval_threshold-01:decoy-observation,semantic:stateful-workforce_access-set_leave_ledger_units-00:decoy-observation
qwen3-4b,semantic,same_condition_token_matched,semantic:stateful-workforce_access-set_overtime_approval_threshold-02:decoy-observation,semantic:stateful-contracts_documents-set_citation_target-01:decoy-observation
qwen3-4b,semantic,same_condition_token_matched,semantic:stateful-workforce_access-set_overtime_approval_threshold-03:decoy-observation,semantic:stateful-contracts_documents-set_signature_event_type-04:decoy-observation
qwen3-4b,semantic,same_condition_token_matched,semantic:stateful-workforce_access-set_overtime_approval_threshold-04:decoy-observation,semantic:stateful-contracts_documents-set_signature_event_type-04:decoy-observation
qwen3-4b,semantic,same_condition_token_matched,semantic:stateful-workforce_access-set_role_assignment_priority-00:decoy-observation,semantic:stateful-workforce_access-set_badge_validity_days-01:decoy-observation
qwen3-4b,semantic,same_condition_token_matched,semantic:stateful-workforce_access-set_role_assignment_priority-01:decoy-observation,semantic:stateful-workforce_access-set_oncall_capacity-01:decoy-observation
qwen3-4b,semantic,same_condition_token_matched,semantic:stateful-workforce_access-set_role_assignment_priority-02:decoy-observation,semantic:stateful-workforce_access-set_oncall_capacity-02:decoy-observation
qwen3-4b,semantic,same_condition_token_matched,semantic:stateful-workforce_access-set_role_assignment_priority-03:decoy-observation,semantic:stateful-workforce_access-set_badge_validity_days-00:decoy-observation
qwen3-4b,semantic,same_condition_token_matched,semantic:stateful-workforce_access-set_role_assignment_priority-04:decoy-observation,semantic:stateful-workforce_access-set_badge_validity_days-01:decoy-observation
qwen3-4b,semantic,same_condition_token_matched,semantic:stateful-workforce_access-set_shift_minimum_rest_hours-00:decoy-observation,semantic:stateful-workforce_access-set_oncall_capacity-02:decoy-observation
qwen3-4b,semantic,same_condition_token_matched,semantic:stateful-workforce_access-set_shift_minimum_rest_hours-01:decoy-observation,semantic:stateful-workforce_access-set_oncall_capacity-04:decoy-observation
qwen3-4b,semantic,same_condition_token_matched,semantic:stateful-workforce_access-set_shift_minimum_rest_hours-02:decoy-observation,semantic:stateful-workforce_access-set_role_assignment_priority-02:decoy-observation
qwen3-4b,semantic,same_condition_token_matched,semantic:stateful-workforce_access-set_shift_minimum_rest_hours-03:decoy-observation,semantic:stateful-workforce_access-set_oncall_capacity-03:decoy-observation
qwen3-4b,semantic,same_condition_token_matched,semantic:stateful-workforce_access-set_shift_minimum_rest_hours-04:decoy-observation,semantic:stateful-workforce_access-set_oncall_capacity-03:decoy-observation
qwen3-4b,semantic,token_stratified_random,semantic:stateful-compliance_audit-replace_audit_population_record-00:decoy-observation,semantic:stateful-compliance_audit-set_filing_artifact_count-00:decoy-observation
qwen3-4b,semantic,token_stratified_random,semantic:stateful-compliance_audit-replace_audit_population_record-01:decoy-observation,semantic:stateful-procurement_suppliers-set_contract_allowed_price-02:decoy-observation
qwen3-4b,semantic,token_stratified_random,semantic:stateful-compliance_audit-replace_audit_population_record-02:decoy-observation,semantic:stateful-compliance_audit-set_assigned_role-04:decoy-observation
qwen3-4b,semantic,token_stratified_random,semantic:stateful-compliance_audit-replace_audit_population_record-03:decoy-observation,semantic:stateful-contracts_documents-set_document_section_text-00:decoy-observation
qwen3-4b,semantic,token_stratified_random,semantic:stateful-compliance_audit-replace_audit_population_record-04:decoy-observation,semantic:stateful-compliance_audit-set_assigned_role-00:decoy-observation
qwen3-4b,semantic,token_stratified_random,semantic:stateful-compliance_audit-set_assigned_role-00:decoy-observation,semantic:stateful-procurement_suppliers-set_purchase_approval_threshold-01:decoy-observation
qwen3-4b,semantic,token_stratified_random,semantic:stateful-compliance_audit-set_assigned_role-01:decoy-observation,semantic:stateful-workforce_access-set_access_minimum_clearance-01:decoy-observation
qwen3-4b,semantic,token_stratified_random,semantic:stateful-compliance_audit-set_assigned_role-02:decoy-observation,semantic:stateful-procurement_suppliers-set_supplier_performance_value-02:decoy-observation
qwen3-4b,semantic,token_stratified_random,semantic:stateful-compliance_audit-set_assigned_role-03:decoy-observation,semantic:stateful-contracts_documents-set_obligation_party-04:decoy-observation
qwen3-4b,semantic,token_stratified_random,semantic:stateful-compliance_audit-set_assigned_role-04:decoy-observation,semantic:stateful-inventory_fulfillment-set_source_transfer_cost-02:decoy-observation
qwen3-4b,semantic,token_stratified_random,semantic:stateful-compliance_audit-set_control_evidence_status-00:decoy-observation,semantic:stateful-finance_ledger-set_ledger_entry_amount-04:decoy-observation
qwen3-4b,semantic,token_stratified_random,semantic:stateful-compliance_audit-set_control_evidence_status-01:decoy-observation,semantic:stateful-contracts_documents-set_document_section_text-01:decoy-observation
qwen3-4b,semantic,token_stratified_random,semantic:stateful-compliance_audit-set_control_evidence_status-02:decoy-observation,semantic:stateful-workforce_access-set_leave_ledger_units-04:decoy-observation
qwen3-4b,semantic,token_stratified_random,semantic:stateful-compliance_audit-set_control_evidence_status-03:decoy-observation,semantic:stateful-procurement_suppliers-set_supplier_transit_days-02:decoy-observation
qwen3-4b,semantic,token_stratified_random,semantic:stateful-compliance_audit-set_control_evidence_status-04:decoy-observation,semantic:stateful-workforce_access-set_badge_validity_days-03:decoy-observation
qwen3-4b,semantic,token_stratified_random,semantic:stateful-compliance_audit-set_exception_extension_days-00:decoy-observation,semantic:stateful-pricing_billing-set_service_fee_value-03:decoy-observation
qwen3-4b,semantic,token_stratified_random,semantic:stateful-compliance_audit-set_exception_extension_days-01:decoy-observation,semantic:stateful-customer_support-set_next_case_action-00:decoy-observation
qwen3-4b,semantic,token_stratified_random,semantic:stateful-compliance_audit-set_exception_extension_days-02:decoy-observation,semantic:stateful-pricing_billing-set_tax_rate-03:decoy-observation
qwen3-4b,semantic,token_stratified_random,semantic:stateful-compliance_audit-set_exception_extension_days-03:decoy-observation,semantic:stateful-workforce_access-set_shift_minimum_rest_hours-01:decoy-observation
qwen3-4b,semantic,token_stratified_random,semantic:stateful-compliance_audit-set_exception_extension_days-04:decoy-observation,semantic:stateful-contracts_documents-set_revision_approval-04:decoy-observation
qwen3-4b,semantic,token_stratified_random,semantic:stateful-compliance_audit-set_filing_artifact_count-00:decoy-observation,semantic:stateful-finance_ledger-set_ledger_entry_amount-00:decoy-observation
qwen3-4b,semantic,token_stratified_random,semantic:stateful-compliance_audit-set_filing_artifact_count-01:decoy-observation,semantic:stateful-finance_ledger-set_audit_event_reference-02:decoy-observation
qwen3-4b,semantic,token_stratified_random,semantic:stateful-compliance_audit-set_filing_artifact_count-02:decoy-observation,semantic:stateful-pricing_billing-activate_list_price-01:decoy-observation
qwen3-4b,semantic,token_stratified_random,semantic:stateful-compliance_audit-set_filing_artifact_count-03:decoy-observation,semantic:stateful-pricing_billing-set_contract_adjustment_value-01:decoy-observation
qwen3-4b,semantic,token_stratified_random,semantic:stateful-compliance_audit-set_filing_artifact_count-04:decoy-observation,semantic:stateful-inventory_fulfillment-set_bin_pick_sequence-04:decoy-observation
qwen3-4b,semantic,token_stratified_random,semantic:stateful-compliance_audit-set_remediation_owner-00:decoy-observation,semantic:stateful-pricing_billing-set_shipping_minimum_charge-00:decoy-observation
qwen3-4b,semantic,token_stratified_random,semantic:stateful-compliance_audit-set_remediation_owner-01:decoy-observation,semantic:stateful-pricing_billing-set_tax_rate-04:decoy-observation
qwen3-4b,semantic,token_stratified_random,semantic:stateful-compliance_audit-set_remediation_owner-02:decoy-observation,semantic:stateful-customer_support-set_case_contact_channel-04:decoy-observation
qwen3-4b,semantic,token_stratified_random,semantic:stateful-compliance_audit-set_remediation_owner-03:decoy-observation,semantic:stateful-workforce_access-set_role_assignment_priority-02:decoy-observation
qwen3-4b,semantic,token_stratified_random,semantic:stateful-compliance_audit-set_remediation_owner-04:decoy-observation,semantic:stateful-inventory_fulfillment-set_expiry_warning_window-03:decoy-observation
qwen3-4b,semantic,token_stratified_random,semantic:stateful-compliance_audit-set_retention_years-00:decoy-observation,semantic:stateful-contracts_documents-set_effective_clause_text-04:decoy-observation
qwen3-4b,semantic,token_stratified_random,semantic:stateful-compliance_audit-set_retention_years-01:decoy-observation,semantic:stateful-finance_ledger-set_payment_status_code-01:decoy-observation
qwen3-4b,semantic,token_stratified_random,semantic:stateful-compliance_audit-set_retention_years-02:decoy-observation,semantic:stateful-compliance_audit-set_exception_extension_days-00:decoy-observation
qwen3-4b,semantic,token_stratified_random,semantic:stateful-compliance_audit-set_retention_years-03:decoy-observation,semantic:stateful-inventory_fulfillment-apply_sales_reservation-00:decoy-observation
qwen3-4b,semantic,token_stratified_random,semantic:stateful-compliance_audit-set_retention_years-04:decoy-observation,semantic:stateful-pricing_billing-activate_margin_floor-00:decoy-observation
qwen3-4b,semantic,token_stratified_random,semantic:stateful-compliance_audit-set_risk_matrix_score-00:decoy-observation,semantic:stateful-procurement_suppliers-set_supplier_transit_days-04:decoy-observation
qwen3-4b,semantic,token_stratified_random,semantic:stateful-compliance_audit-set_risk_matrix_score-01:decoy-observation,semantic:stateful-pricing_billing-activate_margin_floor-02:decoy-observation
qwen3-4b,semantic,token_stratified_random,semantic:stateful-compliance_audit-set_risk_matrix_score-02:decoy-observation,semantic:stateful-contracts_documents-set_revision_approval-00:decoy-observation
qwen3-4b,semantic,token_stratified_random,semantic:stateful-compliance_audit-set_risk_matrix_score-03:decoy-observation,semantic:stateful-pricing_billing-set_order_discount_value-04:decoy-observation
qwen3-4b,semantic,token_stratified_random,semantic:stateful-compliance_audit-set_risk_matrix_score-04:decoy-observation,semantic:stateful-compliance_audit-set_retention_years-01:decoy-observation
qwen3-4b,semantic,token_stratified_random,semantic:stateful-contracts_documents-set_citation_target-00:decoy-observation,semantic:stateful-procurement_suppliers-set_goods_receipt_quantity-04:decoy-observation
qwen3-4b,semantic,token_stratified_random,semantic:stateful-contracts_documents-set_citation_target-01:decoy-observation,semantic:stateful-workforce_access-set_leave_ledger_units-03:decoy-observation
qwen3-4b,semantic,token_stratified_random,semantic:stateful-contracts_documents-set_citation_target-02:decoy-observation,semantic:stateful-pricing_billing-set_service_fee_value-01:decoy-observation
qwen3-4b,semantic,token_stratified_random,semantic:stateful-contracts_documents-set_citation_target-03:decoy-observation,semantic:stateful-finance_ledger-record_tax_basis-04:decoy-observation
qwen3-4b,semantic,token_stratified_random,semantic:stateful-contracts_documents-set_citation_target-04:decoy-observation,semantic:stateful-pricing_billing-set_shipping_minimum_charge-01:decoy-observation
qwen3-4b,semantic,token_stratified_random,semantic:stateful-contracts_documents-set_contract_deadline_offset-00:decoy-observation,semantic:stateful-procurement_suppliers-set_contract_allowed_price-03:decoy-observation
qwen3-4b,semantic,token_stratified_random,semantic:stateful-contracts_documents-set_contract_deadline_offset-01:decoy-observation,semantic:stateful-contracts_documents-set_signature_event_type-03:decoy-observation
qwen3-4b,semantic,token_stratified_random,semantic:stateful-contracts_documents-set_contract_deadline_offset-02:decoy-observation,semantic:stateful-pricing_billing-set_currency_exchange_rate-04:decoy-observation
qwen3-4b,semantic,token_stratified_random,semantic:stateful-contracts_documents-set_contract_deadline_offset-03:decoy-observation,semantic:stateful-inventory_fulfillment-apply_sales_reservation-02:decoy-observation
qwen3-4b,semantic,token_stratified_random,semantic:stateful-contracts_documents-set_contract_deadline_offset-04:decoy-observation,semantic:stateful-procurement_suppliers-set_expedited_delivery_days-03:decoy-observation
qwen3-4b,semantic,token_stratified_random,semantic:stateful-contracts_documents-set_document_section_text-00:decoy-observation,semantic:stateful-workforce_access-set_badge_validity_days-00:decoy-observation
qwen3-4b,semantic,token_stratified_random,semantic:stateful-contracts_documents-set_document_section_text-01:decoy-observation,semantic:stateful-contracts_documents-set_revision_approval-00:decoy-observation
qwen3-4b,semantic,token_stratified_random,semantic:stateful-contracts_documents-set_document_section_text-02:decoy-observation,semantic:stateful-contracts_documents-set_revision_approval-03:decoy-observation
qwen3-4b,semantic,token_stratified_random,semantic:stateful-contracts_documents-set_document_section_text-03:decoy-observation,semantic:stateful-workforce_access-set_overtime_approval_threshold-01:decoy-observation
qwen3-4b,semantic,token_stratified_random,semantic:stateful-contracts_documents-set_document_section_text-04:decoy-observation,semantic:stateful-procurement_suppliers-set_expedited_delivery_days-04:decoy-observation
qwen3-4b,semantic,token_stratified_random,semantic:stateful-contracts_documents-set_effective_clause_text-00:decoy-observation,semantic:stateful-customer_support-set_case_priority-02:decoy-observation
qwen3-4b,semantic,token_stratified_random,semantic:stateful-contracts_documents-set_effective_clause_text-01:decoy-observation,semantic:stateful-workforce_access-set_access_minimum_clearance-02:decoy-observation
qwen3-4b,semantic,token_stratified_random,semantic:stateful-contracts_documents-set_effective_clause_text-02:decoy-observation,semantic:stateful-finance_ledger-set_journal_debit_amount-01:decoy-observation
qwen3-4b,semantic,token_stratified_random,semantic:stateful-contracts_documents-set_effective_clause_text-03:decoy-observation,semantic:stateful-finance_ledger-set_account_hold_amount-00:decoy-observation
qwen3-4b,semantic,token_stratified_random,semantic:stateful-contracts_documents-set_effective_clause_text-04:decoy-observation,semantic:stateful-procurement_suppliers-set_purchase_approval_threshold-04:decoy-observation
qwen3-4b,semantic,token_stratified_random,semantic:stateful-contracts_documents-set_obligation_party-00:decoy-observation,semantic:stateful-workforce_access-set_leave_ledger_units-02:decoy-observation
qwen3-4b,semantic,token_stratified_random,semantic:stateful-contracts_documents-set_obligation_party-01:decoy-observation,semantic:stateful-contracts_documents-set_document_section_text-04:decoy-observation
qwen3-4b,semantic,token_stratified_random,semantic:stateful-contracts_documents-set_obligation_party-02:decoy-observation,semantic:stateful-inventory_fulfillment-set_backorder_customer_tier-01:decoy-observation
qwen3-4b,semantic,token_stratified_random,semantic:stateful-contracts_documents-set_obligation_party-03:decoy-observation,semantic:stateful-workforce_access-set_shift_minimum_rest_hours-01:decoy-observation
qwen3-4b,semantic,token_stratified_random,semantic:stateful-contracts_documents-set_obligation_party-04:decoy-observation,semantic:stateful-inventory_fulfillment-set_reorder_target_cover-02:decoy-observation
qwen3-4b,semantic,token_stratified_random,semantic:stateful-contracts_documents-set_retention_classification-00:decoy-observation,semantic:stateful-pricing_billing-set_promotion_discount_value-00:decoy-observation
qwen3-4b,semantic,token_stratified_random,semantic:stateful-contracts_documents-set_retention_classification-01:decoy-observation,semantic:stateful-finance_ledger-set_ledger_entry_amount-04:decoy-observation
qwen3-4b,semantic,token_stratified_random,semantic:stateful-contracts_documents-set_retention_classification-02:decoy-observation,semantic:stateful-finance_ledger-set_budget_planned_amount-03:decoy-observation
qwen3-4b,semantic,token_stratified_random,semantic:stateful-contracts_documents-set_retention_classification-03:decoy-observation,semantic:stateful-inventory_fulfillment-apply_sales_reservation-02:decoy-observation
qwen3-4b,semantic,token_stratified_random,semantic:stateful-contracts_documents-set_retention_classification-04:decoy-observation,semantic:stateful-pricing_billing-set_promotion_discount_value-03:decoy-observation
qwen3-4b,semantic,token_stratified_random,semantic:stateful-contracts_documents-set_revision_approval-00:decoy-observation,semantic:stateful-inventory_fulfillment-apply_cycle_count_adjustment-00:decoy-observation
qwen3-4b,semantic,token_stratified_random,semantic:stateful-contracts_documents-set_revision_approval-01:decoy-observation,semantic:stateful-inventory_fulfillment-apply_cycle_count_adjustment-02:decoy-observation
qwen3-4b,semantic,token_stratified_random,semantic:stateful-contracts_documents-set_revision_approval-02:decoy-observation,semantic:stateful-customer_support-set_sla_duration_minutes-03:decoy-observation
qwen3-4b,semantic,token_stratified_random,semantic:stateful-contracts_documents-set_revision_approval-03:decoy-observation,semantic:stateful-customer_support-set_case_routing_owner-04:decoy-observation
qwen3-4b,semantic,token_stratified_random,semantic:stateful-contracts_documents-set_revision_approval-04:decoy-observation,semantic:stateful-compliance_audit-set_assigned_role-04:decoy-observation
qwen3-4b,semantic,token_stratified_random,semantic:stateful-contracts_documents-set_signature_event_type-00:decoy-observation,semantic:stateful-finance_ledger-set_statement_closing_total-04:decoy-observation
qwen3-4b,semantic,token_stratified_random,semantic:stateful-contracts_documents-set_signature_event_type-01:decoy-observation,semantic:stateful-workforce_access-set_role_assignment_priority-04:decoy-observation
qwen3-4b,semantic,token_stratified_random,semantic:stateful-contracts_documents-set_signature_event_type-02:decoy-observation,semantic:stateful-inventory_fulfillment-set_expiry_warning_window-02:decoy-observation
qwen3-4b,semantic,token_stratified_random,semantic:stateful-contracts_documents-set_signature_event_type-03:decoy-observation,semantic:stateful-compliance_audit-set_remediation_owner-03:decoy-observation
qwen3-4b,semantic,token_stratified_random,semantic:stateful-contracts_documents-set_signature_event_type-04:decoy-observation,semantic:stateful-inventory_fulfillment-set_backorder_customer_tier-00:decoy-observation
qwen3-4b,semantic,token_stratified_random,semantic:stateful-customer_support-set_case_contact_channel-00:decoy-observation,semantic:stateful-pricing_billing-set_credit_adjustment_value-02:decoy-observation
qwen3-4b,semantic,token_stratified_random,semantic:stateful-customer_support-set_case_contact_channel-01:decoy-observation,semantic:stateful-workforce_access-set_badge_validity_days-03:decoy-observation
qwen3-4b,semantic,token_stratified_random,semantic:stateful-customer_support-set_case_contact_channel-02:decoy-observation,semantic:stateful-finance_ledger-set_fx_exchange_rate-04:decoy-observation
qwen3-4b,semantic,token_stratified_random,semantic:stateful-customer_support-set_case_contact_channel-03:decoy-observation,semantic:stateful-workforce_access-set_access_minimum_clearance-00:decoy-observation
qwen3-4b,semantic,token_stratified_random,semantic:stateful-customer_support-set_case_contact_channel-04:decoy-observation,semantic:stateful-contracts_documents-set_signature_event_type-00:decoy-observation
qwen3-4b,semantic,token_stratified_random,semantic:stateful-customer_support-set_case_priority-00:decoy-observation,semantic:stateful-compliance_audit-set_assigned_role-01:decoy-observation
qwen3-4b,semantic,token_stratified_random,semantic:stateful-customer_support-set_case_priority-01:decoy-observation,semantic:stateful-inventory_fulfillment-set_fulfillment_on_hand_units-04:decoy-observation
qwen3-4b,semantic,token_stratified_random,semantic:stateful-customer_support-set_case_priority-02:decoy-observation,semantic:stateful-workforce_access-set_oncall_capacity-04:decoy-observation
qwen3-4b,semantic,token_stratified_random,semantic:stateful-customer_support-set_case_priority-03:decoy-observation,semantic:stateful-finance_ledger-set_fx_exchange_rate-04:decoy-observation
qwen3-4b,semantic,token_stratified_random,semantic:stateful-customer_support-set_case_priority-04:decoy-observation,semantic:stateful-compliance_audit-set_filing_artifact_count-01:decoy-observation
qwen3-4b,semantic,token_stratified_random,semantic:stateful-customer_support-set_case_routing_owner-00:decoy-observation,semantic:stateful-customer_support-set_escalation_target-02:decoy-observation
qwen3-4b,semantic,token_stratified_random,semantic:stateful-customer_support-set_case_routing_owner-01:decoy-observation,semantic:stateful-workforce_access-set_role_assignment_priority-04:decoy-observation
qwen3-4b,semantic,token_stratified_random,semantic:stateful-customer_support-set_case_routing_owner-02:decoy-observation,semantic:stateful-customer_support-set_escalation_target-00:decoy-observation
qwen3-4b,semantic,token_stratified_random,semantic:stateful-customer_support-set_case_routing_owner-03:decoy-observation,semantic:stateful-compliance_audit-set_risk_matrix_score-00:decoy-observation
qwen3-4b,semantic,token_stratified_random,semantic:stateful-customer_support-set_case_routing_owner-04:decoy-observation,semantic:stateful-pricing_billing-set_tax_rate-00:decoy-observation
qwen3-4b,semantic,token_stratified_random,semantic:stateful-customer_support-set_duplicate_similarity_score-00:decoy-observation,semantic:stateful-finance_ledger-set_budget_planned_amount-03:decoy-observation
qwen3-4b,semantic,token_stratified_random,semantic:stateful-customer_support-set_duplicate_similarity_score-01:decoy-observation,semantic:stateful-finance_ledger-set_budget_planned_amount-02:decoy-observation
qwen3-4b,semantic,token_stratified_random,semantic:stateful-customer_support-set_duplicate_similarity_score-02:decoy-observation,semantic:stateful-inventory_fulfillment-apply_sales_reservation-04:decoy-observation
qwen3-4b,semantic,token_stratified_random,semantic:stateful-customer_support-set_duplicate_similarity_score-03:decoy-observation,semantic:stateful-inventory_fulfillment-set_source_transfer_cost-04:decoy-observation
qwen3-4b,semantic,token_stratified_random,semantic:stateful-customer_support-set_duplicate_similarity_score-04:decoy-observation,semantic:stateful-finance_ledger-post_transaction_fee-01:decoy-observation
qwen3-4b,semantic,token_stratified_random,semantic:stateful-customer_support-set_escalation_target-00:decoy-observation,semantic:stateful-procurement_suppliers-set_supplier_performance_value-03:decoy-observation
qwen3-4b,semantic,token_stratified_random,semantic:stateful-customer_support-set_escalation_target-01:decoy-observation,semantic:stateful-finance_ledger-post_transaction_fee-02:decoy-observation
qwen3-4b,semantic,token_stratified_random,semantic:stateful-customer_support-set_escalation_target-02:decoy-observation,semantic:stateful-pricing_billing-set_order_discount_value-01:decoy-observation
qwen3-4b,semantic,token_stratified_random,semantic:stateful-customer_support-set_escalation_target-03:decoy-observation,semantic:stateful-finance_ledger-set_account_hold_amount-04:decoy-observation
qwen3-4b,semantic,token_stratified_random,semantic:stateful-customer_support-set_escalation_target-04:decoy-observation,semantic:stateful-pricing_billing-set_contract_adjustment_value-03:decoy-observation
qwen3-4b,semantic,token_stratified_random,semantic:stateful-customer_support-set_next_case_action-00:decoy-observation,semantic:stateful-compliance_audit-set_exception_extension_days-04:decoy-observation
qwen3-4b,semantic,token_stratified_random,semantic:stateful-customer_support-set_next_case_action-01:decoy-observation,semantic:stateful-procurement_suppliers-set_supplier_certification_level-00:decoy-observation
qwen3-4b,semantic,token_stratified_random,semantic:stateful-customer_support-set_next_case_action-02:decoy-observation,semantic:stateful-procurement_suppliers-assign_quote_supplier-00:decoy-observation
qwen3-4b,semantic,token_stratified_random,semantic:stateful-customer_support-set_next_case_action-03:decoy-observation,semantic:stateful-inventory_fulfillment-set_backorder_customer_tier-02:decoy-observation
qwen3-4b,semantic,token_stratified_random,semantic:stateful-customer_support-set_next_case_action-04:decoy-observation,semantic:stateful-inventory_fulfillment-set_reorder_target_cover-01:decoy-observation
qwen3-4b,semantic,token_stratified_random,semantic:stateful-customer_support-set_refund_maximum_amount-00:decoy-observation,semantic:stateful-pricing_billing-set_currency_exchange_rate-02:decoy-observation
qwen3-4b,semantic,token_stratified_random,semantic:stateful-customer_support-set_refund_maximum_amount-01:decoy-observation,semantic:stateful-procurement_suppliers-set_contract_allowed_price-00:decoy-observation
qwen3-4b,semantic,token_stratified_random,semantic:stateful-customer_support-set_refund_maximum_amount-02:decoy-observation,semantic:stateful-procurement_suppliers-set_supplier_performance_value-03:decoy-observation
qwen3-4b,semantic,token_stratified_random,semantic:stateful-customer_support-set_refund_maximum_amount-03:decoy-observation,semantic:stateful-finance_ledger-set_fx_exchange_rate-00:decoy-observation
qwen3-4b,semantic,token_stratified_random,semantic:stateful-customer_support-set_refund_maximum_amount-04:decoy-observation,semantic:stateful-compliance_audit-set_retention_years-02:decoy-observation
qwen3-4b,semantic,token_stratified_random,semantic:stateful-customer_support-set_sla_duration_minutes-00:decoy-observation,semantic:stateful-contracts_documents-set_revision_approval-04:decoy-observation
qwen3-4b,semantic,token_stratified_random,semantic:stateful-customer_support-set_sla_duration_minutes-01:decoy-observation,semantic:stateful-procurement_suppliers-set_expedited_delivery_days-02:decoy-observation
qwen3-4b,semantic,token_stratified_random,semantic:stateful-customer_support-set_sla_duration_minutes-02:decoy-observation,semantic:stateful-compliance_audit-set_retention_years-00:decoy-observation
qwen3-4b,semantic,token_stratified_random,semantic:stateful-customer_support-set_sla_duration_minutes-03:decoy-observation,semantic:stateful-customer_support-set_escalation_target-03:decoy-observation
qwen3-4b,semantic,token_stratified_random,semantic:stateful-customer_support-set_sla_duration_minutes-04:decoy-observation,semantic:stateful-compliance_audit-set_remediation_owner-01:decoy-observation
qwen3-4b,semantic,token_stratified_random,semantic:stateful-finance_ledger-post_transaction_fee-00:decoy-observation,semantic:stateful-workforce_access-set_delegation_allowed_actions-02:decoy-observation
qwen3-4b,semantic,token_stratified_random,semantic:stateful-finance_ledger-post_transaction_fee-01:decoy-observation,semantic:stateful-finance_ledger-set_budget_planned_amount-01:decoy-observation
qwen3-4b,semantic,token_stratified_random,semantic:stateful-finance_ledger-post_transaction_fee-02:decoy-observation,semantic:stateful-pricing_billing-set_shipping_minimum_charge-00:decoy-observation
qwen3-4b,semantic,token_stratified_random,semantic:stateful-finance_ledger-post_transaction_fee-03:decoy-observation,semantic:stateful-procurement_suppliers-set_supplier_performance_value-04:decoy-observation
qwen3-4b,semantic,token_stratified_random,semantic:stateful-finance_ledger-post_transaction_fee-04:decoy-observation,semantic:stateful-finance_ledger-set_payment_status_code-04:decoy-observation
qwen3-4b,semantic,token_stratified_random,semantic:stateful-finance_ledger-record_tax_basis-00:decoy-observation,semantic:stateful-inventory_fulfillment-set_bin_pick_sequence-02:decoy-observation
qwen3-4b,semantic,token_stratified_random,semantic:stateful-finance_ledger-record_tax_basis-01:decoy-observation,semantic:stateful-inventory_fulfillment-set_source_transfer_cost-00:decoy-observation
qwen3-4b,semantic,token_stratified_random,semantic:stateful-finance_ledger-record_tax_basis-02:decoy-observation,semantic:stateful-inventory_fulfillment-set_bin_pick_sequence-01:decoy-observation
qwen3-4b,semantic,token_stratified_random,semantic:stateful-finance_ledger-record_tax_basis-03:decoy-observation,semantic:stateful-inventory_fulfillment-set_expiry_warning_window-00:decoy-observation
qwen3-4b,semantic,token_stratified_random,semantic:stateful-finance_ledger-record_tax_basis-04:decoy-observation,semantic:stateful-customer_support-set_case_routing_owner-01:decoy-observation
qwen3-4b,semantic,token_stratified_random,semantic:stateful-finance_ledger-set_account_hold_amount-00:decoy-observation,semantic:stateful-contracts_documents-set_obligation_party-04:decoy-observation
qwen3-4b,semantic,token_stratified_random,semantic:stateful-finance_ledger-set_account_hold_amount-01:decoy-observation,semantic:stateful-customer_support-set_next_case_action-02:decoy-observation
qwen3-4b,semantic,token_stratified_random,semantic:stateful-finance_ledger-set_account_hold_amount-02:decoy-observation,semantic:stateful-customer_support-set_sla_duration_minutes-02:decoy-observation
qwen3-4b,semantic,token_stratified_random,semantic:stateful-finance_ledger-set_account_hold_amount-03:decoy-observation,semantic:stateful-inventory_fulfillment-set_backorder_customer_tier-04:decoy-observation
qwen3-4b,semantic,token_stratified_random,semantic:stateful-finance_ledger-set_account_hold_amount-04:decoy-observation,semantic:stateful-customer_support-set_next_case_action-04:decoy-observation
qwen3-4b,semantic,token_stratified_random,semantic:stateful-finance_ledger-set_audit_event_reference-00:decoy-observation,semantic:stateful-finance_ledger-record_tax_basis-04:decoy-observation
qwen3-4b,semantic,token_stratified_random,semantic:stateful-finance_ledger-set_audit_event_reference-01:decoy-observation,semantic:stateful-pricing_billing-activate_margin_floor-04:decoy-observation
qwen3-4b,semantic,token_stratified_random,semantic:stateful-finance_ledger-set_audit_event_reference-02:decoy-observation,semantic:stateful-customer_support-set_next_case_action-01:decoy-observation
qwen3-4b,semantic,token_stratified_random,semantic:stateful-finance_ledger-set_audit_event_reference-03:decoy-observation,semantic:stateful-contracts_documents-set_retention_classification-01:decoy-observation
qwen3-4b,semantic,token_stratified_random,semantic:stateful-finance_ledger-set_audit_event_reference-04:decoy-observation,semantic:stateful-contracts_documents-set_contract_deadline_offset-01:decoy-observation
qwen3-4b,semantic,token_stratified_random,semantic:stateful-finance_ledger-set_budget_planned_amount-00:decoy-observation,semantic:stateful-finance_ledger-record_tax_basis-02:decoy-observation
qwen3-4b,semantic,token_stratified_random,semantic:stateful-finance_ledger-set_budget_planned_amount-01:decoy-observation,semantic:stateful-customer_support-set_next_case_action-02:decoy-observation
qwen3-4b,semantic,token_stratified_random,semantic:stateful-finance_ledger-set_budget_planned_amount-02:decoy-observation,semantic:stateful-finance_ledger-post_transaction_fee-00:decoy-observation
qwen3-4b,semantic,token_stratified_random,semantic:stateful-finance_ledger-set_budget_planned_amount-03:decoy-observation,semantic:stateful-pricing_billing-set_currency_exchange_rate-02:decoy-observation
qwen3-4b,semantic,token_stratified_random,semantic:stateful-finance_ledger-set_budget_planned_amount-04:decoy-observation,semantic:stateful-customer_support-set_refund_maximum_amount-00:decoy-observation
qwen3-4b,semantic,token_stratified_random,semantic:stateful-finance_ledger-set_fx_exchange_rate-00:decoy-observation,semantic:stateful-customer_support-set_refund_maximum_amount-00:decoy-observation
qwen3-4b,semantic,token_stratified_random,semantic:stateful-finance_ledger-set_fx_exchange_rate-01:decoy-observation,semantic:stateful-customer_support-set_case_priority-01:decoy-observation
qwen3-4b,semantic,token_stratified_random,semantic:stateful-finance_ledger-set_fx_exchange_rate-02:decoy-observation,semantic:stateful-pricing_billing-set_currency_exchange_rate-03:decoy-observation
qwen3-4b,semantic,token_stratified_random,semantic:stateful-finance_ledger-set_fx_exchange_rate-03:decoy-observation,semantic:stateful-pricing_billing-set_order_discount_value-01:decoy-observation
qwen3-4b,semantic,token_stratified_random,semantic:stateful-finance_ledger-set_fx_exchange_rate-04:decoy-observation,semantic:stateful-workforce_access-set_access_minimum_clearance-03:decoy-observation
qwen3-4b,semantic,token_stratified_random,semantic:stateful-finance_ledger-set_journal_debit_amount-00:decoy-observation,semantic:stateful-finance_ledger-post_transaction_fee-03:decoy-observation
qwen3-4b,semantic,token_stratified_random,semantic:stateful-finance_ledger-set_journal_debit_amount-01:decoy-observation,semantic:stateful-finance_ledger-set_budget_planned_amount-00:decoy-observation
qwen3-4b,semantic,token_stratified_random,semantic:stateful-finance_ledger-set_journal_debit_amount-02:decoy-observation,semantic:stateful-contracts_documents-set_retention_classification-02:decoy-observation
qwen3-4b,semantic,token_stratified_random,semantic:stateful-finance_ledger-set_journal_debit_amount-03:decoy-observation,semantic:stateful-contracts_documents-set_citation_target-04:decoy-observation
qwen3-4b,semantic,token_stratified_random,semantic:stateful-finance_ledger-set_journal_debit_amount-04:decoy-observation,semantic:stateful-contracts_documents-set_effective_clause_text-02:decoy-observation
qwen3-4b,semantic,token_stratified_random,semantic:stateful-finance_ledger-set_ledger_entry_amount-00:decoy-observation,semantic:stateful-inventory_fulfillment-set_fulfillment_on_hand_units-00:decoy-observation
qwen3-4b,semantic,token_stratified_random,semantic:stateful-finance_ledger-set_ledger_entry_amount-01:decoy-observation,semantic:stateful-finance_ledger-set_payment_status_code-00:decoy-observation
qwen3-4b,semantic,token_stratified_random,semantic:stateful-finance_ledger-set_ledger_entry_amount-02:decoy-observation,semantic:stateful-customer_support-set_escalation_target-00:decoy-observation
qwen3-4b,semantic,token_stratified_random,semantic:stateful-finance_ledger-set_ledger_entry_amount-03:decoy-observation,semantic:stateful-contracts_documents-set_effective_clause_text-04:decoy-observation
qwen3-4b,semantic,token_stratified_random,semantic:stateful-finance_ledger-set_ledger_entry_amount-04:decoy-observation,semantic:stateful-compliance_audit-set_retention_years-03:decoy-observation
qwen3-4b,semantic,token_stratified_random,semantic:stateful-finance_ledger-set_payment_status_code-00:decoy-observation,semantic:stateful-finance_ledger-set_audit_event_reference-00:decoy-observation
qwen3-4b,semantic,token_stratified_random,semantic:stateful-finance_ledger-set_payment_status_code-01:decoy-observation,semantic:stateful-inventory_fulfillment-set_warehouse_capacity_volume-04:decoy-observation
qwen3-4b,semantic,token_stratified_random,semantic:stateful-finance_ledger-set_payment_status_code-02:decoy-observation,semantic:stateful-compliance_audit-set_assigned_role-02:decoy-observation
qwen3-4b,semantic,token_stratified_random,semantic:stateful-finance_ledger-set_payment_status_code-03:decoy-observation,semantic:stateful-procurement_suppliers-set_expedited_delivery_days-02:decoy-observation
qwen3-4b,semantic,token_stratified_random,semantic:stateful-finance_ledger-set_payment_status_code-04:decoy-observation,semantic:stateful-finance_ledger-set_budget_planned_amount-02:decoy-observation
qwen3-4b,semantic,token_stratified_random,semantic:stateful-finance_ledger-set_statement_closing_total-00:decoy-observation,semantic:stateful-finance_ledger-set_ledger_entry_amount-00:decoy-observation
qwen3-4b,semantic,token_stratified_random,semantic:stateful-finance_ledger-set_statement_closing_total-01:decoy-observation,semantic:stateful-customer_support-set_duplicate_similarity_score-00:decoy-observation
qwen3-4b,semantic,token_stratified_random,semantic:stateful-finance_ledger-set_statement_closing_total-02:decoy-observation,semantic:stateful-pricing_billing-set_currency_exchange_rate-00:decoy-observation
qwen3-4b,semantic,token_stratified_random,semantic:stateful-finance_ledger-set_statement_closing_total-03:decoy-observation,semantic:stateful-finance_ledger-set_payment_status_code-00:decoy-observation
qwen3-4b,semantic,token_stratified_random,semantic:stateful-finance_ledger-set_statement_closing_total-04:decoy-observation,semantic:stateful-inventory_fulfillment-set_reorder_target_cover-00:decoy-observation
qwen3-4b,semantic,token_stratified_random,semantic:stateful-inventory_fulfillment-apply_cycle_count_adjustment-00:decoy-observation,semantic:stateful-procurement_suppliers-set_supplier_transit_days-02:decoy-observation
qwen3-4b,semantic,token_stratified_random,semantic:stateful-inventory_fulfillment-apply_cycle_count_adjustment-01:decoy-observation,semantic:stateful-inventory_fulfillment-set_expiry_warning_window-02:decoy-observation
qwen3-4b,semantic,token_stratified_random,semantic:stateful-inventory_fulfillment-apply_cycle_count_adjustment-02:decoy-observation,semantic:stateful-workforce_access-set_access_minimum_clearance-03:decoy-observation
qwen3-4b,semantic,token_stratified_random,semantic:stateful-inventory_fulfillment-apply_cycle_count_adjustment-03:decoy-observation,semantic:stateful-pricing_billing-set_shipping_minimum_charge-01:decoy-observation
qwen3-4b,semantic,token_stratified_random,semantic:stateful-inventory_fulfillment-apply_cycle_count_adjustment-04:decoy-observation,semantic:stateful-procurement_suppliers-set_supplier_transit_days-00:decoy-observation
qwen3-4b,semantic,token_stratified_random,semantic:stateful-inventory_fulfillment-apply_sales_reservation-00:decoy-observation,semantic:stateful-procurement_suppliers-set_supplier_performance_value-04:decoy-observation
qwen3-4b,semantic,token_stratified_random,semantic:stateful-inventory_fulfillment-apply_sales_reservation-01:decoy-observation,semantic:stateful-finance_ledger-post_transaction_fee-00:decoy-observation
qwen3-4b,semantic,token_stratified_random,semantic:stateful-inventory_fulfillment-apply_sales_reservation-02:decoy-observation,semantic:stateful-inventory_fulfillment-set_bin_pick_sequence-00:decoy-observation
qwen3-4b,semantic,token_stratified_random,semantic:stateful-inventory_fulfillment-apply_sales_reservation-03:decoy-observation,semantic:stateful-inventory_fulfillment-set_bin_pick_sequence-04:decoy-observation
qwen3-4b,semantic,token_stratified_random,semantic:stateful-inventory_fulfillment-apply_sales_reservation-04:decoy-observation,semantic:stateful-compliance_audit-set_exception_extension_days-01:decoy-observation
qwen3-4b,semantic,token_stratified_random,semantic:stateful-inventory_fulfillment-set_backorder_customer_tier-00:decoy-observation,semantic:stateful-workforce_access-set_leave_ledger_units-04:decoy-observation
qwen3-4b,semantic,token_stratified_random,semantic:stateful-inventory_fulfillment-set_backorder_customer_tier-01:decoy-observation,semantic:stateful-inventory_fulfillment-set_reorder_target_cover-03:decoy-observation
qwen3-4b,semantic,token_stratified_random,semantic:stateful-inventory_fulfillment-set_backorder_customer_tier-02:decoy-observation,semantic:stateful-pricing_billing-set_promotion_discount_value-02:decoy-observation
qwen3-4b,semantic,token_stratified_random,semantic:stateful-inventory_fulfillment-set_backorder_customer_tier-03:decoy-observation,semantic:stateful-procurement_suppliers-set_goods_receipt_quantity-00:decoy-observation
qwen3-4b,semantic,token_stratified_random,semantic:stateful-inventory_fulfillment-set_backorder_customer_tier-04:decoy-observation,semantic:stateful-inventory_fulfillment-set_expiry_warning_window-04:decoy-observation
qwen3-4b,semantic,token_stratified_random,semantic:stateful-inventory_fulfillment-set_bin_pick_sequence-00:decoy-observation,semantic:stateful-customer_support-set_case_routing_owner-02:decoy-observation
qwen3-4b,semantic,token_stratified_random,semantic:stateful-inventory_fulfillment-set_bin_pick_sequence-01:decoy-observation,semantic:stateful-contracts_documents-set_contract_deadline_offset-04:decoy-observation
qwen3-4b,semantic,token_stratified_random,semantic:stateful-inventory_fulfillment-set_bin_pick_sequence-02:decoy-observation,semantic:stateful-workforce_access-set_role_assignment_priority-02:decoy-observation
qwen3-4b,semantic,token_stratified_random,semantic:stateful-inventory_fulfillment-set_bin_pick_sequence-03:decoy-observation,semantic:stateful-pricing_billing-set_contract_adjustment_value-04:decoy-observation
qwen3-4b,semantic,token_stratified_random,semantic:stateful-inventory_fulfillment-set_bin_pick_sequence-04:decoy-observation,semantic:stateful-inventory_fulfillment-set_fulfillment_on_hand_units-01:decoy-observation
qwen3-4b,semantic,token_stratified_random,semantic:stateful-inventory_fulfillment-set_expiry_warning_window-00:decoy-observation,semantic:stateful-procurement_suppliers-set_purchase_approval_threshold-04:decoy-observation
qwen3-4b,semantic,token_stratified_random,semantic:stateful-inventory_fulfillment-set_expiry_warning_window-01:decoy-observation,semantic:stateful-finance_ledger-set_journal_debit_amount-03:decoy-observation
qwen3-4b,semantic,token_stratified_random,semantic:stateful-inventory_fulfillment-set_expiry_warning_window-02:decoy-observation,semantic:stateful-workforce_access-set_badge_validity_days-02:decoy-observation
qwen3-4b,semantic,token_stratified_random,semantic:stateful-inventory_fulfillment-set_expiry_warning_window-03:decoy-observation,semantic:stateful-compliance_audit-set_exception_extension_days-04:decoy-observation
qwen3-4b,semantic,token_stratified_random,semantic:stateful-inventory_fulfillment-set_expiry_warning_window-04:decoy-observation,semantic:stateful-compliance_audit-set_retention_years-00:decoy-observation
qwen3-4b,semantic,token_stratified_random,semantic:stateful-inventory_fulfillment-set_fulfillment_on_hand_units-00:decoy-observation,semantic:stateful-pricing_billing-activate_margin_floor-01:decoy-observation
qwen3-4b,semantic,token_stratified_random,semantic:stateful-inventory_fulfillment-set_fulfillment_on_hand_units-01:decoy-observation,semantic:stateful-customer_support-set_duplicate_similarity_score-04:decoy-observation
qwen3-4b,semantic,token_stratified_random,semantic:stateful-inventory_fulfillment-set_fulfillment_on_hand_units-02:decoy-observation,semantic:stateful-procurement_suppliers-assign_quote_supplier-00:decoy-observation
qwen3-4b,semantic,token_stratified_random,semantic:stateful-inventory_fulfillment-set_fulfillment_on_hand_units-03:decoy-observation,semantic:stateful-pricing_billing-set_promotion_discount_value-01:decoy-observation
qwen3-4b,semantic,token_stratified_random,semantic:stateful-inventory_fulfillment-set_fulfillment_on_hand_units-04:decoy-observation,semantic:stateful-pricing_billing-set_currency_exchange_rate-01:decoy-observation
qwen3-4b,semantic,token_stratified_random,semantic:stateful-inventory_fulfillment-set_reorder_target_cover-00:decoy-observation,semantic:stateful-pricing_billing-set_shipping_minimum_charge-02:decoy-observation
qwen3-4b,semantic,token_stratified_random,semantic:stateful-inventory_fulfillment-set_reorder_target_cover-01:decoy-observation,semantic:stateful-procurement_suppliers-assign_quote_supplier-01:decoy-observation
qwen3-4b,semantic,token_stratified_random,semantic:stateful-inventory_fulfillment-set_reorder_target_cover-02:decoy-observation,semantic:stateful-compliance_audit-set_control_evidence_status-02:decoy-observation
qwen3-4b,semantic,token_stratified_random,semantic:stateful-inventory_fulfillment-set_reorder_target_cover-03:decoy-observation,semantic:stateful-workforce_access-set_access_minimum_clearance-01:decoy-observation
qwen3-4b,semantic,token_stratified_random,semantic:stateful-inventory_fulfillment-set_reorder_target_cover-04:decoy-observation,semantic:stateful-customer_support-set_case_priority-04:decoy-observation
qwen3-4b,semantic,token_stratified_random,semantic:stateful-inventory_fulfillment-set_safety_stock_floor-00:decoy-observation,semantic:stateful-contracts_documents-set_signature_event_type-02:decoy-observation
qwen3-4b,semantic,token_stratified_random,semantic:stateful-inventory_fulfillment-set_safety_stock_floor-01:decoy-observation,semantic:stateful-compliance_audit-replace_audit_population_record-02:decoy-observation
qwen3-4b,semantic,token_stratified_random,semantic:stateful-inventory_fulfillment-set_safety_stock_floor-02:decoy-observation,semantic:stateful-compliance_audit-set_assigned_role-02:decoy-observation
qwen3-4b,semantic,token_stratified_random,semantic:stateful-inventory_fulfillment-set_safety_stock_floor-03:decoy-observation,semantic:stateful-workforce_access-set_badge_validity_days-01:decoy-observation
qwen3-4b,semantic,token_stratified_random,semantic:stateful-inventory_fulfillment-set_safety_stock_floor-04:decoy-observation,semantic:stateful-workforce_access-set_badge_validity_days-00:decoy-observation
qwen3-4b,semantic,token_stratified_random,semantic:stateful-inventory_fulfillment-set_source_transfer_cost-00:decoy-observation,semantic:stateful-compliance_audit-set_filing_artifact_count-04:decoy-observation
qwen3-4b,semantic,token_stratified_random,semantic:stateful-inventory_fulfillment-set_source_transfer_cost-01:decoy-observation,semantic:stateful-compliance_audit-set_filing_artifact_count-02:decoy-observation
qwen3-4b,semantic,token_stratified_random,semantic:stateful-inventory_fulfillment-set_source_transfer_cost-02:decoy-observation,semantic:stateful-finance_ledger-set_ledger_entry_amount-01:decoy-observation
qwen3-4b,semantic,token_stratified_random,semantic:stateful-inventory_fulfillment-set_source_transfer_cost-03:decoy-observation,semantic:stateful-pricing_billing-set_credit_adjustment_value-04:decoy-observation
qwen3-4b,semantic,token_stratified_random,semantic:stateful-inventory_fulfillment-set_source_transfer_cost-04:decoy-observation,semantic:stateful-compliance_audit-set_risk_matrix_score-03:decoy-observation
qwen3-4b,semantic,token_stratified_random,semantic:stateful-inventory_fulfillment-set_warehouse_capacity_volume-00:decoy-observation,semantic:stateful-finance_ledger-set_journal_debit_amount-01:decoy-observation
qwen3-4b,semantic,token_stratified_random,semantic:stateful-inventory_fulfillment-set_warehouse_capacity_volume-01:decoy-observation,semantic:stateful-inventory_fulfillment-set_source_transfer_cost-02:decoy-observation
qwen3-4b,semantic,token_stratified_random,semantic:stateful-inventory_fulfillment-set_warehouse_capacity_volume-02:decoy-observation,semantic:stateful-procurement_suppliers-set_contract_allowed_price-03:decoy-observation
qwen3-4b,semantic,token_stratified_random,semantic:stateful-inventory_fulfillment-set_warehouse_capacity_volume-03:decoy-observation,semantic:stateful-inventory_fulfillment-set_bin_pick_sequence-01:decoy-observation
qwen3-4b,semantic,token_stratified_random,semantic:stateful-inventory_fulfillment-set_warehouse_capacity_volume-04:decoy-observation,semantic:stateful-workforce_access-set_shift_minimum_rest_hours-04:decoy-observation
qwen3-4b,semantic,token_stratified_random,semantic:stateful-pricing_billing-activate_list_price-00:decoy-observation,semantic:stateful-customer_support-set_duplicate_similarity_score-02:decoy-observation
qwen3-4b,semantic,token_stratified_random,semantic:stateful-pricing_billing-activate_list_price-01:decoy-observation,semantic:stateful-contracts_documents-set_contract_deadline_offset-00:decoy-observation
qwen3-4b,semantic,token_stratified_random,semantic:stateful-pricing_billing-activate_list_price-02:decoy-observation,semantic:stateful-compliance_audit-set_exception_extension_days-02:decoy-observation
qwen3-4b,semantic,token_stratified_random,semantic:stateful-pricing_billing-activate_list_price-03:decoy-observation,semantic:stateful-customer_support-set_case_priority-03:decoy-observation
qwen3-4b,semantic,token_stratified_random,semantic:stateful-pricing_billing-activate_list_price-04:decoy-observation,semantic:stateful-inventory_fulfillment-set_expiry_warning_window-00:decoy-observation
qwen3-4b,semantic,token_stratified_random,semantic:stateful-pricing_billing-activate_margin_floor-00:decoy-observation,semantic:stateful-finance_ledger-set_statement_closing_total-02:decoy-observation
qwen3-4b,semantic,token_stratified_random,semantic:stateful-pricing_billing-activate_margin_floor-01:decoy-observation,semantic:stateful-contracts_documents-set_retention_classification-00:decoy-observation
qwen3-4b,semantic,token_stratified_random,semantic:stateful-pricing_billing-activate_margin_floor-02:decoy-observation,semantic:stateful-contracts_documents-set_document_section_text-02:decoy-observation
qwen3-4b,semantic,token_stratified_random,semantic:stateful-pricing_billing-activate_margin_floor-03:decoy-observation,semantic:stateful-procurement_suppliers-set_contract_allowed_price-01:decoy-observation
qwen3-4b,semantic,token_stratified_random,semantic:stateful-pricing_billing-activate_margin_floor-04:decoy-observation,semantic:stateful-compliance_audit-set_risk_matrix_score-01:decoy-observation
qwen3-4b,semantic,token_stratified_random,semantic:stateful-pricing_billing-set_contract_adjustment_value-00:decoy-observation,semantic:stateful-pricing_billing-set_credit_adjustment_value-04:decoy-observation
qwen3-4b,semantic,token_stratified_random,semantic:stateful-pricing_billing-set_contract_adjustment_value-01:decoy-observation,semantic:stateful-workforce_access-set_leave_ledger_units-00:decoy-observation
qwen3-4b,semantic,token_stratified_random,semantic:stateful-pricing_billing-set_contract_adjustment_value-02:decoy-observation,semantic:stateful-contracts_documents-set_signature_event_type-03:decoy-observation
qwen3-4b,semantic,token_stratified_random,semantic:stateful-pricing_billing-set_contract_adjustment_value-03:decoy-observation,semantic:stateful-compliance_audit-set_retention_years-01:decoy-observation
qwen3-4b,semantic,token_stratified_random,semantic:stateful-pricing_billing-set_contract_adjustment_value-04:decoy-observation,semantic:stateful-compliance_audit-set_risk_matrix_score-03:decoy-observation
qwen3-4b,semantic,token_stratified_random,semantic:stateful-pricing_billing-set_credit_adjustment_value-00:decoy-observation,semantic:stateful-customer_support-set_duplicate_similarity_score-02:decoy-observation
qwen3-4b,semantic,token_stratified_random,semantic:stateful-pricing_billing-set_credit_adjustment_value-01:decoy-observation,semantic:stateful-pricing_billing-activate_list_price-04:decoy-observation
qwen3-4b,semantic,token_stratified_random,semantic:stateful-pricing_billing-set_credit_adjustment_value-02:decoy-observation,semantic:stateful-compliance_audit-set_assigned_role-01:decoy-observation
qwen3-4b,semantic,token_stratified_random,semantic:stateful-pricing_billing-set_credit_adjustment_value-03:decoy-observation,semantic:stateful-finance_ledger-set_ledger_entry_amount-02:decoy-observation
qwen3-4b,semantic,token_stratified_random,semantic:stateful-pricing_billing-set_credit_adjustment_value-04:decoy-observation,semantic:stateful-finance_ledger-record_tax_basis-01:decoy-observation
qwen3-4b,semantic,token_stratified_random,semantic:stateful-pricing_billing-set_currency_exchange_rate-00:decoy-observation,semantic:stateful-pricing_billing-set_service_fee_value-01:decoy-observation
qwen3-4b,semantic,token_stratified_random,semantic:stateful-pricing_billing-set_currency_exchange_rate-01:decoy-observation,semantic:stateful-pricing_billing-activate_margin_floor-04:decoy-observation
qwen3-4b,semantic,token_stratified_random,semantic:stateful-pricing_billing-set_currency_exchange_rate-02:decoy-observation,semantic:stateful-procurement_suppliers-set_expedited_delivery_days-01:decoy-observation
qwen3-4b,semantic,token_stratified_random,semantic:stateful-pricing_billing-set_currency_exchange_rate-03:decoy-observation,semantic:stateful-compliance_audit-replace_audit_population_record-00:decoy-observation
qwen3-4b,semantic,token_stratified_random,semantic:stateful-pricing_billing-set_currency_exchange_rate-04:decoy-observation,semantic:stateful-procurement_suppliers-assign_quote_supplier-01:decoy-observation
qwen3-4b,semantic,token_stratified_random,semantic:stateful-pricing_billing-set_order_discount_value-00:decoy-observation,semantic:stateful-finance_ledger-set_budget_planned_amount-04:decoy-observation
qwen3-4b,semantic,token_stratified_random,semantic:stateful-pricing_billing-set_order_discount_value-01:decoy-observation,semantic:stateful-pricing_billing-set_contract_adjustment_value-02:decoy-observation
qwen3-4b,semantic,token_stratified_random,semantic:stateful-pricing_billing-set_order_discount_value-02:decoy-observation,semantic:stateful-inventory_fulfillment-set_warehouse_capacity_volume-03:decoy-observation
qwen3-4b,semantic,token_stratified_random,semantic:stateful-pricing_billing-set_order_discount_value-03:decoy-observation,semantic:stateful-contracts_documents-set_contract_deadline_offset-03:decoy-observation
qwen3-4b,semantic,token_stratified_random,semantic:stateful-pricing_billing-set_order_discount_value-04:decoy-observation,semantic:stateful-pricing_billing-set_shipping_minimum_charge-03:decoy-observation
qwen3-4b,semantic,token_stratified_random,semantic:stateful-pricing_billing-set_promotion_discount_value-00:decoy-observation,semantic:stateful-customer_support-set_next_case_action-04:decoy-observation
qwen3-4b,semantic,token_stratified_random,semantic:stateful-pricing_billing-set_promotion_discount_value-01:decoy-observation,semantic:stateful-customer_support-set_case_routing_owner-04:decoy-observation
qwen3-4b,semantic,token_stratified_random,semantic:stateful-pricing_billing-set_promotion_discount_value-02:decoy-observation,semantic:stateful-pricing_billing-activate_list_price-03:decoy-observation
qwen3-4b,semantic,token_stratified_random,semantic:stateful-pricing_billing-set_promotion_discount_value-03:decoy-observation,semantic:stateful-inventory_fulfillment-set_backorder_customer_tier-04:decoy-observation
qwen3-4b,semantic,token_stratified_random,semantic:stateful-pricing_billing-set_promotion_discount_value-04:decoy-observation,semantic:stateful-workforce_access-set_overtime_approval_threshold-04:decoy-observation
qwen3-4b,semantic,token_stratified_random,semantic:stateful-pricing_billing-set_service_fee_value-00:decoy-observation,semantic:stateful-procurement_suppliers-assign_quote_supplier-03:decoy-observation
qwen3-4b,semantic,token_stratified_random,semantic:stateful-pricing_billing-set_service_fee_value-01:decoy-observation,semantic:stateful-customer_support-set_duplicate_similarity_score-00:decoy-observation
qwen3-4b,semantic,token_stratified_random,semantic:stateful-pricing_billing-set_service_fee_value-02:decoy-observation,semantic:stateful-customer_support-set_refund_maximum_amount-01:decoy-observation
qwen3-4b,semantic,token_stratified_random,semantic:stateful-pricing_billing-set_service_fee_value-03:decoy-observation,semantic:stateful-workforce_access-set_leave_ledger_units-01:decoy-observation
qwen3-4b,semantic,token_stratified_random,semantic:stateful-pricing_billing-set_service_fee_value-04:decoy-observation,semantic:stateful-finance_ledger-set_fx_exchange_rate-00:decoy-observation
qwen3-4b,semantic,token_stratified_random,semantic:stateful-pricing_billing-set_shipping_minimum_charge-00:decoy-observation,semantic:stateful-inventory_fulfillment-set_fulfillment_on_hand_units-04:decoy-observation
qwen3-4b,semantic,token_stratified_random,semantic:stateful-pricing_billing-set_shipping_minimum_charge-01:decoy-observation,semantic:stateful-compliance_audit-set_control_evidence_status-01:decoy-observation
qwen3-4b,semantic,token_stratified_random,semantic:stateful-pricing_billing-set_shipping_minimum_charge-02:decoy-observation,semantic:stateful-customer_support-set_case_priority-00:decoy-observation
qwen3-4b,semantic,token_stratified_random,semantic:stateful-pricing_billing-set_shipping_minimum_charge-03:decoy-observation,semantic:stateful-compliance_audit-set_control_evidence_status-01:decoy-observation
qwen3-4b,semantic,token_stratified_random,semantic:stateful-pricing_billing-set_shipping_minimum_charge-04:decoy-observation,semantic:stateful-pricing_billing-set_service_fee_value-02:decoy-observation
qwen3-4b,semantic,token_stratified_random,semantic:stateful-pricing_billing-set_tax_rate-00:decoy-observation,semantic:stateful-pricing_billing-set_credit_adjustment_value-02:decoy-observation
qwen3-4b,semantic,token_stratified_random,semantic:stateful-pricing_billing-set_tax_rate-01:decoy-observation,semantic:stateful-procurement_suppliers-assign_quote_supplier-03:decoy-observation
qwen3-4b,semantic,token_stratified_random,semantic:stateful-pricing_billing-set_tax_rate-02:decoy-observation,semantic:stateful-procurement_suppliers-set_goods_receipt_quantity-02:decoy-observation
qwen3-4b,semantic,token_stratified_random,semantic:stateful-pricing_billing-set_tax_rate-03:decoy-observation,semantic:stateful-pricing_billing-set_service_fee_value-00:decoy-observation
qwen3-4b,semantic,token_stratified_random,semantic:stateful-pricing_billing-set_tax_rate-04:decoy-observation,semantic:stateful-contracts_documents-set_signature_event_type-02:decoy-observation
qwen3-4b,semantic,token_stratified_random,semantic:stateful-procurement_suppliers-assign_quote_supplier-00:decoy-observation,semantic:stateful-inventory_fulfillment-set_source_transfer_cost-03:decoy-observation
qwen3-4b,semantic,token_stratified_random,semantic:stateful-procurement_suppliers-assign_quote_supplier-01:decoy-observation,semantic:stateful-compliance_audit-set_remediation_owner-00:decoy-observation
qwen3-4b,semantic,token_stratified_random,semantic:stateful-procurement_suppliers-assign_quote_supplier-02:decoy-observation,semantic:stateful-customer_support-set_escalation_target-01:decoy-observation
qwen3-4b,semantic,token_stratified_random,semantic:stateful-procurement_suppliers-assign_quote_supplier-03:decoy-observation,semantic:stateful-procurement_suppliers-set_goods_receipt_quantity-00:decoy-observation
qwen3-4b,semantic,token_stratified_random,semantic:stateful-procurement_suppliers-assign_quote_supplier-04:decoy-observation,semantic:stateful-inventory_fulfillment-set_fulfillment_on_hand_units-02:decoy-observation
qwen3-4b,semantic,token_stratified_random,semantic:stateful-procurement_suppliers-set_contract_allowed_price-00:decoy-observation,semantic:stateful-inventory_fulfillment-set_warehouse_capacity_volume-01:decoy-observation
qwen3-4b,semantic,token_stratified_random,semantic:stateful-procurement_suppliers-set_contract_allowed_price-01:decoy-observation,semantic:stateful-pricing_billing-set_contract_adjustment_value-02:decoy-observation
qwen3-4b,semantic,token_stratified_random,semantic:stateful-procurement_suppliers-set_contract_allowed_price-02:decoy-observation,semantic:stateful-compliance_audit-set_retention_years-04:decoy-observation
qwen3-4b,semantic,token_stratified_random,semantic:stateful-procurement_suppliers-set_contract_allowed_price-03:decoy-observation,semantic:stateful-compliance_audit-set_filing_artifact_count-01:decoy-observation
qwen3-4b,semantic,token_stratified_random,semantic:stateful-procurement_suppliers-set_contract_allowed_price-04:decoy-observation,semantic:stateful-compliance_audit-set_control_evidence_status-04:decoy-observation
qwen3-4b,semantic,token_stratified_random,semantic:stateful-procurement_suppliers-set_expedited_delivery_days-00:decoy-observation,semantic:stateful-contracts_documents-set_effective_clause_text-00:decoy-observation
qwen3-4b,semantic,token_stratified_random,semantic:stateful-procurement_suppliers-set_expedited_delivery_days-01:decoy-observation,semantic:stateful-pricing_billing-set_tax_rate-00:decoy-observation
qwen3-4b,semantic,token_stratified_random,semantic:stateful-procurement_suppliers-set_expedited_delivery_days-02:decoy-observation,semantic:stateful-compliance_audit-set_retention_years-04:decoy-observation
qwen3-4b,semantic,token_stratified_random,semantic:stateful-procurement_suppliers-set_expedited_delivery_days-03:decoy-observation,semantic:stateful-contracts_documents-set_revision_approval-01:decoy-observation
qwen3-4b,semantic,token_stratified_random,semantic:stateful-procurement_suppliers-set_expedited_delivery_days-04:decoy-observation,semantic:stateful-workforce_access-set_badge_validity_days-04:decoy-observation
qwen3-4b,semantic,token_stratified_random,semantic:stateful-procurement_suppliers-set_goods_receipt_quantity-00:decoy-observation,semantic:stateful-finance_ledger-set_statement_closing_total-04:decoy-observation
qwen3-4b,semantic,token_stratified_random,semantic:stateful-procurement_suppliers-set_goods_receipt_quantity-01:decoy-observation,semantic:stateful-inventory_fulfillment-set_safety_stock_floor-04:decoy-observation
qwen3-4b,semantic,token_stratified_random,semantic:stateful-procurement_suppliers-set_goods_receipt_quantity-02:decoy-observation,semantic:stateful-customer_support-set_case_contact_channel-00:decoy-observation
qwen3-4b,semantic,token_stratified_random,semantic:stateful-procurement_suppliers-set_goods_receipt_quantity-03:decoy-observation,semantic:stateful-compliance_audit-set_risk_matrix_score-02:decoy-observation
qwen3-4b,semantic,token_stratified_random,semantic:stateful-procurement_suppliers-set_goods_receipt_quantity-04:decoy-observation,semantic:stateful-workforce_access-set_leave_ledger_units-01:decoy-observation
qwen3-4b,semantic,token_stratified_random,semantic:stateful-procurement_suppliers-set_purchase_approval_threshold-00:decoy-observation,semantic:stateful-customer_support-set_case_contact_channel-04:decoy-observation
qwen3-4b,semantic,token_stratified_random,semantic:stateful-procurement_suppliers-set_purchase_approval_threshold-01:decoy-observation,semantic:stateful-workforce_access-set_leave_ledger_units-02:decoy-observation
qwen3-4b,semantic,token_stratified_random,semantic:stateful-procurement_suppliers-set_purchase_approval_threshold-02:decoy-observation,semantic:stateful-contracts_documents-set_obligation_party-03:decoy-observation
qwen3-4b,semantic,token_stratified_random,semantic:stateful-procurement_suppliers-set_purchase_approval_threshold-03:decoy-observation,semantic:stateful-inventory_fulfillment-set_warehouse_capacity_volume-01:decoy-observation
qwen3-4b,semantic,token_stratified_random,semantic:stateful-procurement_suppliers-set_purchase_approval_threshold-04:decoy-observation,semantic:stateful-pricing_billing-set_service_fee_value-02:decoy-observation
qwen3-4b,semantic,token_stratified_random,semantic:stateful-procurement_suppliers-set_supplier_certification_level-00:decoy-observation,semantic:stateful-inventory_fulfillment-set_reorder_target_cover-02:decoy-observation
qwen3-4b,semantic,token_stratified_random,semantic:stateful-procurement_suppliers-set_supplier_certification_level-01:decoy-observation,semantic:stateful-pricing_billing-set_tax_rate-04:decoy-observation
qwen3-4b,semantic,token_stratified_random,semantic:stateful-procurement_suppliers-set_supplier_certification_level-02:decoy-observation,semantic:stateful-customer_support-set_escalation_target-01:decoy-observation
qwen3-4b,semantic,token_stratified_random,semantic:stateful-procurement_suppliers-set_supplier_certification_level-03:decoy-observation,semantic:stateful-workforce_access-set_delegation_allowed_actions-04:decoy-observation
qwen3-4b,semantic,token_stratified_random,semantic:stateful-procurement_suppliers-set_supplier_certification_level-04:decoy-observation,semantic:stateful-pricing_billing-activate_margin_floor-00:decoy-observation
qwen3-4b,semantic,token_stratified_random,semantic:stateful-procurement_suppliers-set_supplier_performance_value-00:decoy-observation,semantic:stateful-contracts_documents-set_document_section_text-01:decoy-observation
qwen3-4b,semantic,token_stratified_random,semantic:stateful-procurement_suppliers-set_supplier_performance_value-01:decoy-observation,semantic:stateful-pricing_billing-set_service_fee_value-04:decoy-observation
qwen3-4b,semantic,token_stratified_random,semantic:stateful-procurement_suppliers-set_supplier_performance_value-02:decoy-observation,semantic:stateful-finance_ledger-set_payment_status_code-01:decoy-observation
qwen3-4b,semantic,token_stratified_random,semantic:stateful-procurement_suppliers-set_supplier_performance_value-03:decoy-observation,semantic:stateful-procurement_suppliers-set_contract_allowed_price-01:decoy-observation
qwen3-4b,semantic,token_stratified_random,semantic:stateful-procurement_suppliers-set_supplier_performance_value-04:decoy-observation,semantic:stateful-inventory_fulfillment-apply_cycle_count_adjustment-00:decoy-observation
qwen3-4b,semantic,token_stratified_random,semantic:stateful-procurement_suppliers-set_supplier_transit_days-00:decoy-observation,semantic:stateful-finance_ledger-set_statement_closing_total-03:decoy-observation
qwen3-4b,semantic,token_stratified_random,semantic:stateful-procurement_suppliers-set_supplier_transit_days-01:decoy-observation,semantic:stateful-workforce_access-set_oncall_capacity-01:decoy-observation
qwen3-4b,semantic,token_stratified_random,semantic:stateful-procurement_suppliers-set_supplier_transit_days-02:decoy-observation,semantic:stateful-inventory_fulfillment-set_source_transfer_cost-03:decoy-observation
qwen3-4b,semantic,token_stratified_random,semantic:stateful-procurement_suppliers-set_supplier_transit_days-03:decoy-observation,semantic:stateful-finance_ledger-post_transaction_fee-04:decoy-observation
qwen3-4b,semantic,token_stratified_random,semantic:stateful-procurement_suppliers-set_supplier_transit_days-04:decoy-observation,semantic:stateful-customer_support-set_refund_maximum_amount-04:decoy-observation
qwen3-4b,semantic,token_stratified_random,semantic:stateful-workforce_access-set_access_minimum_clearance-00:decoy-observation,semantic:stateful-workforce_access-set_leave_ledger_units-00:decoy-observation
qwen3-4b,semantic,token_stratified_random,semantic:stateful-workforce_access-set_access_minimum_clearance-01:decoy-observation,semantic:stateful-customer_support-set_sla_duration_minutes-00:decoy-observation
qwen3-4b,semantic,token_stratified_random,semantic:stateful-workforce_access-set_access_minimum_clearance-02:decoy-observation,semantic:stateful-pricing_billing-activate_list_price-03:decoy-observation
qwen3-4b,semantic,token_stratified_random,semantic:stateful-workforce_access-set_access_minimum_clearance-03:decoy-observation,semantic:stateful-inventory_fulfillment-set_safety_stock_floor-00:decoy-observation
qwen3-4b,semantic,token_stratified_random,semantic:stateful-workforce_access-set_access_minimum_clearance-04:decoy-observation,semantic:stateful-customer_support-set_sla_duration_minutes-00:decoy-observation
qwen3-4b,semantic,token_stratified_random,semantic:stateful-workforce_access-set_badge_validity_days-00:decoy-observation,semantic:stateful-inventory_fulfillment-set_fulfillment_on_hand_units-02:decoy-observation
qwen3-4b,semantic,token_stratified_random,semantic:stateful-workforce_access-set_badge_validity_days-01:decoy-observation,semantic:stateful-pricing_billing-activate_margin_floor-02:decoy-observation
qwen3-4b,semantic,token_stratified_random,semantic:stateful-workforce_access-set_badge_validity_days-02:decoy-observation,semantic:stateful-finance_ledger-set_statement_closing_total-01:decoy-observation
qwen3-4b,semantic,token_stratified_random,semantic:stateful-workforce_access-set_badge_validity_days-03:decoy-observation,semantic:stateful-inventory_fulfillment-set_source_transfer_cost-04:decoy-observation
qwen3-4b,semantic,token_stratified_random,semantic:stateful-workforce_access-set_badge_validity_days-04:decoy-observation,semantic:stateful-contracts_documents-set_obligation_party-00:decoy-observation
qwen3-4b,semantic,token_stratified_random,semantic:stateful-workforce_access-set_delegation_allowed_actions-00:decoy-observation,semantic:stateful-compliance_audit-replace_audit_population_record-00:decoy-observation
qwen3-4b,semantic,token_stratified_random,semantic:stateful-workforce_access-set_delegation_allowed_actions-01:decoy-observation,semantic:stateful-contracts_documents-set_document_section_text-00:decoy-observation
qwen3-4b,semantic,token_stratified_random,semantic:stateful-workforce_access-set_delegation_allowed_actions-02:decoy-observation,semantic:stateful-contracts_documents-set_signature_event_type-01:decoy-observation
qwen3-4b,semantic,token_stratified_random,semantic:stateful-workforce_access-set_delegation_allowed_actions-03:decoy-observation,semantic:stateful-finance_ledger-record_tax_basis-02:decoy-observation
qwen3-4b,semantic,token_stratified_random,semantic:stateful-workforce_access-set_delegation_allowed_actions-04:decoy-observation,semantic:stateful-contracts_documents-set_obligation_party-01:decoy-observation
qwen3-4b,semantic,token_stratified_random,semantic:stateful-workforce_access-set_leave_ledger_units-00:decoy-observation,semantic:stateful-finance_ledger-set_audit_event_reference-01:decoy-observation
qwen3-4b,semantic,token_stratified_random,semantic:stateful-workforce_access-set_leave_ledger_units-01:decoy-observation,semantic:stateful-workforce_access-set_overtime_approval_threshold-01:decoy-observation
qwen3-4b,semantic,token_stratified_random,semantic:stateful-workforce_access-set_leave_ledger_units-02:decoy-observation,semantic:stateful-inventory_fulfillment-apply_cycle_count_adjustment-02:decoy-observation
qwen3-4b,semantic,token_stratified_random,semantic:stateful-workforce_access-set_leave_ledger_units-03:decoy-observation,semantic:stateful-procurement_suppliers-set_supplier_certification_level-04:decoy-observation
qwen3-4b,semantic,token_stratified_random,semantic:stateful-workforce_access-set_leave_ledger_units-04:decoy-observation,semantic:stateful-pricing_billing-set_shipping_minimum_charge-04:decoy-observation
qwen3-4b,semantic,token_stratified_random,semantic:stateful-workforce_access-set_oncall_capacity-00:decoy-observation,semantic:stateful-inventory_fulfillment-set_safety_stock_floor-01:decoy-observation
qwen3-4b,semantic,token_stratified_random,semantic:stateful-workforce_access-set_oncall_capacity-01:decoy-observation,semantic:stateful-compliance_audit-set_exception_extension_days-02:decoy-observation
qwen3-4b,semantic,token_stratified_random,semantic:stateful-workforce_access-set_oncall_capacity-02:decoy-observation,semantic:stateful-pricing_billing-set_tax_rate-01:decoy-observation
qwen3-4b,semantic,token_stratified_random,semantic:stateful-workforce_access-set_oncall_capacity-03:decoy-observation,semantic:stateful-workforce_access-set_overtime_approval_threshold-02:decoy-observation
qwen3-4b,semantic,token_stratified_random,semantic:stateful-workforce_access-set_oncall_capacity-04:decoy-observation,semantic:stateful-pricing_billing-set_promotion_discount_value-03:decoy-observation
qwen3-4b,semantic,token_stratified_random,semantic:stateful-workforce_access-set_overtime_approval_threshold-00:decoy-observation,semantic:stateful-finance_ledger-set_ledger_entry_amount-02:decoy-observation
qwen3-4b,semantic,token_stratified_random,semantic:stateful-workforce_access-set_overtime_approval_threshold-01:decoy-observation,semantic:stateful-contracts_documents-set_obligation_party-02:decoy-observation
qwen3-4b,semantic,token_stratified_random,semantic:stateful-workforce_access-set_overtime_approval_threshold-02:decoy-observation,semantic:stateful-compliance_audit-set_risk_matrix_score-01:decoy-observation
qwen3-4b,semantic,token_stratified_random,semantic:stateful-workforce_access-set_overtime_approval_threshold-03:decoy-observation,semantic:stateful-customer_support-set_case_routing_owner-00:decoy-observation
qwen3-4b,semantic,token_stratified_random,semantic:stateful-workforce_access-set_overtime_approval_threshold-04:decoy-observation,semantic:stateful-workforce_access-set_oncall_capacity-01:decoy-observation
qwen3-4b,semantic,token_stratified_random,semantic:stateful-workforce_access-set_role_assignment_priority-00:decoy-observation,semantic:stateful-contracts_documents-set_effective_clause_text-03:decoy-observation
qwen3-4b,semantic,token_stratified_random,semantic:stateful-workforce_access-set_role_assignment_priority-01:decoy-observation,semantic:stateful-pricing_billing-set_service_fee_value-04:decoy-observation
qwen3-4b,semantic,token_stratified_random,semantic:stateful-workforce_access-set_role_assignment_priority-02:decoy-observation,semantic:stateful-workforce_access-set_overtime_approval_threshold-02:decoy-observation
qwen3-4b,semantic,token_stratified_random,semantic:stateful-workforce_access-set_role_assignment_priority-03:decoy-observation,semantic:stateful-workforce_access-set_badge_validity_days-04:decoy-observation
qwen3-4b,semantic,token_stratified_random,semantic:stateful-workforce_access-set_role_assignment_priority-04:decoy-observation,semantic:stateful-contracts_documents-set_revision_approval-03:decoy-observation
qwen3-4b,semantic,token_stratified_random,semantic:stateful-workforce_access-set_shift_minimum_rest_hours-00:decoy-observation,semantic:stateful-finance_ledger-set_statement_closing_total-03:decoy-observation
qwen3-4b,semantic,token_stratified_random,semantic:stateful-workforce_access-set_shift_minimum_rest_hours-01:decoy-observation,semantic:stateful-procurement_suppliers-set_goods_receipt_quantity-01:decoy-observation
qwen3-4b,semantic,token_stratified_random,semantic:stateful-workforce_access-set_shift_minimum_rest_hours-02:decoy-observation,semantic:stateful-inventory_fulfillment-apply_cycle_count_adjustment-01:decoy-observation
qwen3-4b,semantic,token_stratified_random,semantic:stateful-workforce_access-set_shift_minimum_rest_hours-03:decoy-observation,semantic:stateful-workforce_access-set_access_minimum_clearance-04:decoy-observation
qwen3-4b,semantic,token_stratified_random,semantic:stateful-workforce_access-set_shift_minimum_rest_hours-04:decoy-observation,semantic:stateful-contracts_documents-set_citation_target-00:decoy-observation
